2026-10-01 22:26:36,128 - httpx - [32m[1mINFO[0m - HTTP Request: HEAD https://huggingface.co/varunneal/flash-attention-3/resolve/main/kernel-status.toml "HTTP/1.1 404 Not Found"
2026-10-01 22:26:36,229 - httpx - [32m[1mINFO[0m - HTTP Request: GET https://huggingface.co/api/models/varunneal/flash-attention-3/tree/main/build?recursive=false&expand=false "HTTP/1.1 200 OK"
2026-10-01 22:26:36,337 - httpx - [32m[1mINFO[0m - HTTP Request: GET https://huggingface.co/api/models/varunneal/flash-attention-3/revision/main "HTTP/1.1 200 OK"

                                                       █████                █████
                                                      ░░███                ░░███
     ████████    ██████   ████████    ██████   ██████  ░███████    ██████  ███████
    ░░███░░███  ░░░░░███ ░░███░░███  ███░░███ ███░░███ ░███░░███  ░░░░░███░░░███░
     ░███ ░███   ███████  ░███ ░███ ░███ ░███░███ ░░░  ░███ ░███   ███████  ░███
     ░███ ░███  ███░░███  ░███ ░███ ░███ ░███░███  ███ ░███ ░███  ███░░███  ░███ ███
     ████ █████░░████████ ████ █████░░██████ ░░██████  ████ █████░░███████  ░░█████
    ░░░░ ░░░░░  ░░░░░░░░ ░░░░ ░░░░░  ░░░░░░   ░░░░░░  ░░░░ ░░░░░  ░░░░░░░░   ░░░░░
    
Autodetected device type: cuda
2026-10-01 22:26:40,479 - nanochat.common - [32m[1mINFO[0m - Distributed world size: 1
Device: cuda (ddp=True, world_size=1)
GPU: NVIDIA H200 | Peak FLOPS (BF16): 9.89e+14
COMPUTE_DTYPE: torch.bfloat16 (auto-detected: CUDA SM 90 (bf16 supported))
✓ Using Flash Attention 3 (Hopper GPU detected) — efficient and fast.
Vocab size: 32,768
Model config:
{
  "sequence_len": 2048,
  "vocab_size": 32768,
  "n_layer": 8,
  "n_head": 4,
  "n_kv_head": 4,
  "n_embd": 512,
  "use_moe": false,
  "use_perm": false,
  "moe_num_experts": 8,
  "moe_router_dim": 64,
  "moe_embed_dim": 64,
  "dropout": 0.0,
  "use_remix_linear": false,
  "remix_context_dim": 64,
  "remix_context_dim_ratio": 6,
  "remix_basis_size": 64,
  "remix_output_gate_rank": 16,
  "remixed_linear_kwargs": {
    "use_basis_gate": true,
    "use_output_gate": true,
    "use_context": true,
    "basis_gate_mode": "mlp",
    "sparse_gate_k": 0,
    "gate_temperature": 1.0,
    "basis_scale_factor": 4,
    "n_templates": 1,
    "template_routing_learned": false,
    "template_topk": 0,
    "tiny_expert": false,
    "tiny_expert_topk": 16,
    "lokr_expert": false,
    "lokr_n_experts": 64,
    "lokr_topk": 16,
    "lokr_rank": 4,
    "lokr_learned": false,
    "basis_gate_rank": 8,
    "disable_ln_basis": false,
    "chunk_route_impl": "compose",
    "top1_gate": "ones",
    "template_delta_rank": 0,
    "route_side": "output",
    "drop_basis_proj": false,
    "basis_side_templates": 0,
    "grad_equalize": false,
    "output_gate_rank": 16,
    "operator_modulation": "none",
    "lie_generators": 4,
    "poly_order": 2,
    "grassmann_bank_size": 4
  },
  "use_pos_embed": false,
  "moe_use_abs_pos_embed": false,
  "use_layer_context": true,
  "scale_basis_size": true,
  "remix_use_dual_gate": false,
  "remix_use_fused": false,
  "p26_output_gated_linear": 0,
  "p28_shared_basis": 0,
  "p28_chunk_routing_size": 0,
  "p28_global_template_bank": "none",
  "p28_attn_proj_templates": 0,
  "p28_attn_qk_templates": 0,
  "p29_template_block_diag": 0,
  "p29_template_lr_scale": 1.0,
  "p29_grad_equalize": 0,
  "p34_ffn_mult": 4.0,
  "p34_ffn_single": 0,
  "p34_dense_attn": 0,
  "legacy_init_fallback": 0,
  "p35_template_diversity_lambda": 0.0,
  "p22_route_affine": 0,
  "p34_ffn_schedule": "",
  "p34_ffn_no_ffn_replacement": "none",
  "p34_ffn_last_depth": 1,
  "p36_swiglu_ffn": 0,
  "p36_swiglu_mult": 2.6666666666666665,
  "cond_sites": "both",
  "cond_rank": 256,
  "cond_mult_steps": 0,
  "cond_gate_source": "router",
  "cond_coeff_act": "centered",
  "cond_router_rank": 0,
  "cond_live_init": 0.0,
  "cond_router_act": "none",
  "cond_chunk_size": 0,
  "cond_mult_scale": -1.0,
  "cond_mult_impl": "wy",
  "cond_attn_projs": "qkvo",
  "cond_layer_frac": 1.0,
  "perm_expert_mode": "low_rank",
  "perm_rank": 16,
  "router_context_window": -1,
  "router_causal": true,
  "router_num_heads": 4,
  "router_num_queries": 16,
  "router_n_layers": 2,
  "router_use_vocab_prior": false,
  "window_pattern": "SSSL",
  "cclblock_modulation": "weight",
  "cclblock_orth_lambda": 0.0,
  "cclblock_context_stream": "local",
  "cclblock_ema_factor": 0.99,
  "cclblock_stale_ctx_lag": 0,
  "cclblock_sparse_gate_k": 0,
  "cclblock_gate_temperature": 1.0,
  "cclblock_context_bank_size": 0,
  "cclblock_per_head_ctx": false,
  "cclblock_context_source": "norm_x",
  "cclblock_chunk_size": 0,
  "cclblock_aux_objective": "none",
  "cclblock_aux_lambda": 0.1,
  "cclblock_boundary_token_id": 198,
  "use_ral": false,
  "ral_rank": 32,
  "cclblock_film_gate": false,
  "cclblock_attn_shadow_dim": 0,
  "cclblock_dynamic_ratio": 0.25,
  "cclblock_gate_rank": 8,
  "cclblock_num_regimes": 8,
  "cclblock_regime_temperature": 1.0,
  "cclblock_poly_order": 2,
  "cclblock_lie_generators": 4,
  "cclblock_grassmann_bank_size": 4,
  "cclblock_tucker_rank": 32,
  "cclblock_tucker_modes": 8,
  "cclblock_svs_rank": 64,
  "cclblock_svs_eps": 0.1,
  "cclblock_vq_codes": 8,
  "cclblock_vq_temperature": 1.0,
  "cclblock_dcu_warmup_steps": 0,
  "cclblock_fsi_rotations": 8,
  "cclblock_fsi_selector_dim": 64,
  "cclblock_aesp_strata": 4,
  "cclblock_aesp_delta_rank": 4,
  "cclblock_ckr_branches": 4,
  "cclblock_ckr_kernel_size": 64,
  "cclblock_ckr_pos_channels": 1,
  "cclblock_ckr_dual_optim": 0,
  "cclblock_ckr_content_bias": 0.0,
  "cclblock_giad_rank": 32,
  "cclblock_psg_kernel_size": 64,
  "cclblock_ss_dynamic_ratio": 0.25,
  "cclblock_ss_branches": 2,
  "cclblock_ss_kernel_size": 64,
  "cclblock_lokr_branches": 8,
  "cclblock_lokr_rank": 16,
  "cclblock_ckr_temp_start": 2.0,
  "cclblock_ckr_temp_end": 0.3,
  "cclblock_com_kernel_size": 32,
  "cclblock_ckr_ortho_init": 0,
  "cclblock_ckr_branch_dropout": 0.0,
  "cclblock_ckr_diversity_lambda": 0.0,
  "cclblock_ckr_layer_selective": 0,
  "cclblock_pgr_kernel_size": 64,
  "cclblock_cil_kernel_size": 64,
  "cclblock_prb_kernel_size": 64,
  "p18_layer_drop": 0.0,
  "p18_dynamic_activation": 0,
  "p18_mixture_norm": 0,
  "p18_causal_attn_bias": 0,
  "p18_aux_sim_lambda": 0.0,
  "p18_gradient_penalty": 0.0,
  "p18_per_channel_scale": 0,
  "p19_residual_gate": 0,
  "p19_head_importance": 0,
  "p19_residual_mix_groups": 0,
  "p19_attn_logit_bias": 0,
  "p19_residual_decay": 0,
  "p19_grad_equilibrium": 0.0,
  "p19_spectral_reparam": 0,
  "p19_weight_anticollapse": 0.0,
  "p19_ve_bias": 0,
  "p19_weight_noise": 0.0,
  "p20_hrcs_scale": 0,
  "p20_lswr_scale": 0,
  "p20_lswr_planes": 8,
  "p20_lrcfb_branches": 0,
  "p20_lrcfb_narrow": 0,
  "p20_lrcfb_learned": 0,
  "p20_lrcfb_topk": 0,
  "p20_dgcr_branches": 0,
  "p20_dgcr_aux_weight": 0.01,
  "p20_mone_experts": 0,
  "p20_mone_topk": 0,
  "p20_mone_narrow": 1,
  "p20_mone_frozen": 0,
  "p20_ncea_branches": 0,
  "p20_ncea_eps": 0.1,
  "p20_adwi": 0,
  "p20_pwu_branches": 0,
  "p20_pwu_phase": 1,
  "p20_fsvd_gate": 0,
  "p20_wbfc_clusters": 0,
  "p20_wbfc_active": 0,
  "p21_per_experts": 0,
  "p21_per_topk": 0,
  "p21_per_learned": 0,
  "p21_per_attn": 0,
  "p22_attn_moe_route": "none",
  "p23_tiny_expert": 0,
  "p23_n_experts": 64,
  "p23_topk": 16,
  "p23_learned_route": 0,
  "p23_std_moe_experts": 0,
  "p23_std_moe_topk": -1,
  "p23_std_moe_aux_weight": 0.01,
  "p23_lokr": 0,
  "p23_lokr_rank": 4,
  "p23_use_shared_block_router": 0,
  "p23_linear_moe_experts": 0,
  "p23_linear_moe_topk": 0,
  "p23_quantile_route": 0,
  "remix_shared_context_gates": 0,
  "p24_use_sliced_weight": 0,
  "p24_sliced_weight_reduction_scale": 8,
  "p24_sliced_weight_min_select": 128,
  "p24_sliced_weight_scope": "per_token",
  "p24_sliced_weight_balance_coeff": 0.01,
  "p24_quantile_route": 0,
  "p24_use_folded_mod": 0,
  "p24_folded_mod_reduction_scale": 8,
  "p24_folded_mod_min_dim": 128,
  "p24_folded_mod_scope": "per_layer",
  "p24_folded_mod_gate_act": "tanh_centered",
  "p24_use_sequence_gated_linear": 0,
  "p24_sequence_gated_scope": "per_layer",
  "p24_sequence_gated_act": "tanh_centered",
  "remix_disable_ln_basis": 0,
  "dense_intermediate_ln": 0,
  "use_mol": false,
  "mol_n_blocks": 5,
  "mol_n_shared": 1,
  "mol_topk": 3,
  "mol_thin_dim": 256,
  "mol_head_dim": 64,
  "mol_ffn_mult": 4.0,
  "mol_router_aux": 0.05,
  "mol_routed_attn": "softmax",
  "mol_dispatch": 1,
  "mol_capacity_factor": 1.0,
  "mol_block_lr_scale": 1.0,
  "mol_per_block_ve": 0,
  "use_binary": false,
  "binary_acts": true,
  "binary_weight_scale": "row",
  "binary_act_scale": "token",
  "binary_clip": 1.0,
  "binary_linear": true,
  "binary_embeddings": true,
  "binary_skip": "",
  "binary_native": false,
  "binary_tau": 1.0,
  "binary_hard": false,
  "binary_resid_width": 0,
  "binary_attn_chunk": 256,
  "use_mst": false,
  "mst_n_subs": 8,
  "mst_sub_dim": 64,
  "mst_head_dim": 0,
  "mst_input_mode": "fixed_slice",
  "mst_rotated_slice_learned": false,
  "mst_routing_mode": "soft_weighted",
  "mst_routing_topk": 4,
  "mst_routing_aux_weight": 0.01,
  "mst_diversity_weight": 0.0,
  "mst_ffn_mode": "standard",
  "mst_ffn_every": 1,
  "mst_transition_mode": "parallel",
  "mst_final_mode": "aggregate_proj",
  "mst_final_topk": -1,
  "mst_ffn_shared_up": 0,
  "mst_ffn_inner_dim": 0,
  "mst_sub_dropout": 0.0,
  "mst_transition_every": 1,
  "mst_ffa_temperature": 1.0,
  "mst_global_residual": 0,
  "mst_hybrid_dense": 0,
  "mst_cross_sub_kv": 0,
  "mst_sub_aux_weight": 0.0,
  "mst_progressive_merge": 0,
  "mst_multi_scale_windows": 0,
  "mst_delta_residual": 0,
  "mst_sub_layers": 1,
  "mst_grad_equalize": 0,
  "mst_block_diagonal_muon": 0,
  "mst_transition_width_mult": 1.0,
  "mst_sub_lr_scale": 1.0,
  "mst_shared_expert": 0,
  "mst_router_entropy_weight": 0.0,
  "mst_shared_kv_attn": 0,
  "mst_contrastive_diversity_weight": 0.0,
  "mst_transition_nonlinear": 0,
  "mst_transition_gated": 0,
  "mst_transition_mlp": 0,
  "mst_cross_sub_gate": 0,
  "mst_hyper_connect": 0,
  "mst_cross_kv_inject": 0,
  "mst_slice_transition": 0,
  "mst_lookback_layers": 0,
  "mst_bilinear_transition": 0,
  "mst_cross_sub_qmod": 0,
  "mst_feature_cycle": 0,
  "mst_mean_transition": 0,
  "mst_sub_head_dim": 0,
  "mst_final_norm": 0,
  "mst_per_stream_ve": 0,
  "mst_ve_map": 0,
  "mst_ve_map_rank": 0,
  "mst_lm_head_dim": 0,
  "mst_compose_windows": 0,
  "mst_channel_mix": "none",
  "mst_channel_mix_site": "layer",
  "mst_distribute_block_muon": 0,
  "mst_trans_spectral_lr": 0,
  "mst_talking_heads": 0,
  "mst_wo_mode": "block",
  "mst_stream_topk": 0,
  "mst_stream_shared": 0,
  "mst_stream_router_aux": 0.01,
  "mst_stream_router_noise": 0.0,
  "mst_stream_dispatch": 0,
  "mst_stream_capacity_factor": 1.0,
  "mst_stream_gate_attn": 0,
  "mst_ffn_monarch": "none",
  "mst_shampoo": 0,
  "mst_precond_every": 10,
  "mst_shampoo_beta": 0.95,
  "use_eet": false,
  "eet_frozen_kv": true,
  "eet_reenter_final": false,
  "eet_router_type": "mlp2",
  "eet_router_hidden": 0,
  "eet_freq_prior_alpha": 0.0,
  "eet_pos_prior_beta": 0.0,
  "eet_domain_prior": false,
  "eet_warmup_frac": 0.02,
  "eet_explore_frac": 0.15,
  "eet_reconstruct_lambda": 1.0,
  "eet_efficiency_lambda_start": 0.01,
  "eet_efficiency_lambda_end": 0.1,
  "eet_translator_rank": 0,
  "eet_max_frozen_kv_frac": 0.75,
  "eet_exit_threshold": 0.5,
  "eet_min_exit_layer": 1,
  "eet_loss_variant": "reconstruct",
  "eet_topk_vocab": 512,
  "eet_entropy_lambda": 0.3,
  "eet_surprise_lambda": 0.1,
  "eet_adv_lambda": 1.0,
  "eet_adv_entropy_lambda": 0.2,
  "eet_quality_lambda": 1.0,
  "eet_quality_entropy_bonus": 0.1,
  "eet_gumbel_temp_start": 0.0,
  "eet_gumbel_temp_end": 0.1,
  "eet_gumbel_hard": true,
  "eet_commitment_beta": 0.1,
  "eet_global_router": false,
  "eet_freq_efficiency_alpha": 0.0,
  "eet_diversity_lambda": 0.0,
  "eet_ce_guided_lambda": 1.0,
  "eet_router_lr_mult": 5.0,
  "eet_model_lr_mult": 1.0,
  "eet_depth_weight_type": "none",
  "eet_depth_weight_max": 2.5,
  "eet_use_override": 0,
  "eet_override_prob_start": 0.5,
  "eet_override_prob_end": 0.1,
  "eet_compute_skip": false,
  "eet_target_active_frac": 0.125,
  "eet_capacity_schedule": "bell",
  "eet_exit_fracs": null,
  "eet_capacity_alignment_lambda": 0.0,
  "eet_kv_mode": "none",
  "eet_route_noise": 0.0,
  "eet_route_noise_end": -1.0,
  "eet_coverage_diag": false,
  "deep_supervision_lambda": 0.0,
  "deep_supervision_frac": 0.125,
  "eet_width_power": 0.0,
  "eet_width_cap": 16.0,
  "eet_kv_eager": false,
  "eet_router_task_grad": true,
  "eet_reinforce_interval": 0,
  "eet_reinforce_lambda": 0.1,
  "eet_exit_adapter_rank": 0,
  "eet_router_after_block": 0,
  "eet_ffn_skip": false,
  "eet_ffn_target_frac": 0.5,
  "eet_ffn_full_attn": true,
  "eet_depth_affine": false,
  "eet_capacity_anneal_frac": 0.0,
  "eet_learned_schedule": false,
  "eet_departure_summary": false,
  "eet_route_consistency_lambda": 0.0,
  "eet_dense_distill_interval": 0,
  "eet_dense_distill_lambda": 0.5,
  "eet_depth_lr_scale": false,
  "eet_depth_grad_scale": false,
  "eet_detach_aux_from_backbone": false,
  "eet_detach_exit_from_backbone": false,
  "use_code_head": false,
  "sch_head_type": "code",
  "sch_bits": 0,
  "sch_order": 2,
  "sch_max_m": 0,
  "sch_phi_mode": "monomial",
  "sch_code_mode": "binary",
  "sch_code_path": "",
  "sch_code_ecc_bits": 0,
  "sch_code_seed": 1234,
  "sch_phi_density": 0.0,
  "sch_phi_dtype": "bf16",
  "sch_phi_normalize": 1,
  "sch_phi_center": 0,
  "sch_g_type": "linear",
  "sch_g_hidden": 0,
  "sch_g_layers": 2,
  "sch_g_out_std": 0.001,
  "sch_mixture": 1,
  "sch_residual_rank": 0,
  "sch_logit_act": "none",
  "sch_bias": 0,
  "sch_input_mode": "table",
  "sch_input_hidden": 0,
  "sch_product_groups": 8,
  "sch_product_codebook": 256,
  "sch_product_source": "hash",
  "sch_product_impl": "dense",
  "sch_phi_whiten": 0,
  "sch_mixture_per_phi": 0,
  "sch_mixture_topk": 0,
  "sch_mixture_aux": 0.01,
  "sch_monarch_m1": 0,
  "sch_monarch_perm": "none",
  "sch_monarch_perm_path": "",
  "sch_tier_bounds": "",
  "sch_tier_caps": "",
  "sch_tier_order": "freq",
  "sch_tier_perm_path": "",
  "sch_proposal_rank": 32,
  "sch_proposal_topk": 16384,
  "sch_proposal_samples": 4096,
  "sch_proposal_warmup": 0,
  "sch_proposal_chunk": 2048,
  "sch_proposal_aux": 1.0,
  "sch_nfh_mode": "cp",
  "sch_nfh_rank": 32,
  "sch_nfh_dims": "",
  "sch_nfh_groups": 3,
  "sch_nfh_views": 1,
  "sch_nfh_perm": "none",
  "sch_nfh_perm_path": "",
  "sch_nfh_g_type": "linear",
  "sch_nfh_g_hidden": 0,
  "sch_rerank_mode": "topk",
  "sch_rerank_k": 64,
  "sch_rerank_rank": 32,
  "sch_nfh_smooth": 0,
  "sch_nfh_chunk": 256,
  "sap_block_T": 0,
  "sap_block_mode": "indep",
  "sap_block_frac": 0.125,
  "sap_lambda": 1.0,
  "sap_head_layers": 2,
  "sap_head_heads": 0,
  "sap_head_mlp_mult": 2,
  "sap_enc_layers": 1,
  "sap_ctx_window": 16,
  "sap_latent_groups": 4,
  "sap_latent_codes": 16,
  "sap_latent_dim": 64,
  "sap_free_bits": 0.25,
  "sap_kl_anneal_steps": 2000,
  "sap_gumbel_tau": 1.0,
  "sap_cp_components": 8,
  "sap_wta_k": 4,
  "sap_u_freqs": 24,
  "sap_u_interior": 0.8,
  "sap_logit_chunk": 8192
}
Seeded weight init with --seed 1
Checkpoints directory: /__modal/volumes/vo-pelh2tULdL7ESlnYAQvaCw/out/s00_sap/d8/B1_dense_s1
✓ Wrapping model with DistributedDataParallel (rank 0, find_unused_parameters=False, broadcast_buffers=True)
Parameter counts:
wte                     : 16,777,216
wpe                     : 0
value_embeds            : 67,108,864
lm_head                 : 16,777,216
transformer_matrices    : 25,166,336
research                : 0
scalars                 : 16
total                   : 125,829,648
Estimated FLOPs per token (total):  2.862643e+08
COST_AXES precision=W16A16E16H16 bops_arith=3.6642e+10 energy_pj_per_token=2.3436e+08 inference_MiB=240.00 training_state_MiB=829.50
Estimated FLOPs per token (active): 2.862643e+08
Estimated active params:            125,829,648
Auto-computed optimal batch size: 262,144 tokens
Scaling LRs by 0.7071 for batch size 262,144 (reference: 524,288)
Scaling weight decay from 0.200000 to 0.371230 for depth 8
Scaling the LR for the AdamW parameters ∝1/√(512/768) = 1.224745
Calculated number of iterations from target FLOPs: 1,680
Total number of training tokens: 440,401,920
Tokens : Scaling params ratio: 10.50
Total training FLOPs estimate: 1.260714e+17
Total training FLOPs (active):  1.260714e+17
Total active training FLOPs estimate: 1.260714e+17
Using base scheduler: linear warmup/flat/linear warmdown
Tokens / micro-batch / rank: 128 x 2048 = 262,144
Tokens / micro-batch: 262,144
Total batch size 262,144 => gradient accumulation steps: 1
Running pre-compilation warmup (1 dummy forward+backward to init lazy allocations)...
[rank0]:W1001 22:26:41.329000 376 site-packages/torch/_logging/_internal.py:1199] [0/0] Profiler function <class 'torch.autograd.profiler.record_function'> will be ignored
Warmup complete. Steady-state VRAM: 5.8 GB allocated
step 00000/01680 (0.00%) | loss: 10.397748 | lrm: 0.12 | lr(adamw:4.368e-02, muon:1.768e-03) | dt: 253.35ms | tok/sec: 1,034,700 | bf16_mfu: 29.95 | epoch: 1 pq: 0 rg: 1 | total time: 0.00m
step 00100/01680 (5.95%) | loss: 4.638026 | lrm: 1.00 | lr(adamw:3.494e-01, muon:1.414e-02) | dt: 207.62ms | tok/sec: 1,262,601 | bf16_mfu: 36.55 | epoch: 1 pq: 0 rg: 52 | total time: 0.31m | eta: 5.4m
step 00200/01680 (11.90%) | loss: 3.970992 | lrm: 1.00 | lr(adamw:3.494e-01, muon:1.414e-02) | dt: 208.84ms | tok/sec: 1,255,237 | bf16_mfu: 36.33 | epoch: 1 pq: 1 rg: 17 | total time: 0.66m | eta: 5.1m
step 00300/01680 (17.86%) | loss: 3.782307 | lrm: 1.00 | lr(adamw:3.494e-01, muon:1.414e-02) | dt: 206.19ms | tok/sec: 1,271,385 | bf16_mfu: 36.80 | epoch: 1 pq: 1 rg: 65 | total time: 1.00m | eta: 4.8m
step 00400/01680 (23.81%) | loss: 3.655974 | lrm: 1.00 | lr(adamw:3.494e-01, muon:1.414e-02) | dt: 209.47ms | tok/sec: 1,251,457 | bf16_mfu: 36.22 | epoch: 1 pq: 2 rg: 30 | total time: 1.35m | eta: 4.4m
step 00500/01680 (29.76%) | loss: 3.588564 | lrm: 1.00 | lr(adamw:3.494e-01, muon:1.414e-02) | dt: 209.37ms | tok/sec: 1,252,034 | bf16_mfu: 36.24 | epoch: 1 pq: 2 rg: 78 | total time: 1.70m | eta: 4.1m
step 00600/01680 (35.71%) | loss: 3.528185 | lrm: 0.99 | lr(adamw:3.458e-01, muon:1.399e-02) | dt: 204.46ms | tok/sec: 1,282,136 | bf16_mfu: 37.11 | epoch: 1 pq: 3 rg: 43 | total time: 2.05m | eta: 3.8m
step 00700/01680 (41.67%) | loss: 3.466534 | lrm: 0.90 | lr(adamw:3.154e-01, muon:1.276e-02) | dt: 210.34ms | tok/sec: 1,246,316 | bf16_mfu: 36.07 | epoch: 1 pq: 4 rg: 10 | total time: 2.40m | eta: 3.4m
step 00800/01680 (47.62%) | loss: 3.420687 | lrm: 0.82 | lr(adamw:2.850e-01, muon:1.153e-02) | dt: 208.85ms | tok/sec: 1,255,197 | bf16_mfu: 36.33 | epoch: 1 pq: 4 rg: 58 | total time: 2.75m | eta: 3.1m
step 00900/01680 (53.57%) | loss: 3.379667 | lrm: 0.73 | lr(adamw:2.546e-01, muon:1.030e-02) | dt: 205.65ms | tok/sec: 1,274,734 | bf16_mfu: 36.90 | epoch: 1 pq: 5 rg: 24 | total time: 3.10m | eta: 2.7m
step 01000/01680 (59.52%) | loss: 3.340771 | lrm: 0.64 | lr(adamw:2.242e-01, muon:9.073e-03) | dt: 208.18ms | tok/sec: 1,259,244 | bf16_mfu: 36.45 | epoch: 1 pq: 5 rg: 73 | total time: 3.44m | eta: 2.4m
step 01100/01680 (65.48%) | loss: 3.302948 | lrm: 0.55 | lr(adamw:1.938e-01, muon:7.843e-03) | dt: 210.59ms | tok/sec: 1,244,813 | bf16_mfu: 36.03 | epoch: 1 pq: 6 rg: 38 | total time: 3.79m | eta: 2.0m
step 01200/01680 (71.43%) | loss: 3.273445 | lrm: 0.47 | lr(adamw:1.634e-01, muon:6.613e-03) | dt: 213.75ms | tok/sec: 1,226,413 | bf16_mfu: 35.50 | epoch: 1 pq: 7 rg: 4 | total time: 4.15m | eta: 1.7m
step 01300/01680 (77.38%) | loss: 3.225107 | lrm: 0.38 | lr(adamw:1.330e-01, muon:5.382e-03) | dt: 206.33ms | tok/sec: 1,270,505 | bf16_mfu: 36.77 | epoch: 1 pq: 7 rg: 53 | total time: 4.49m | eta: 1.3m
step 01400/01680 (83.33%) | loss: 3.206659 | lrm: 0.29 | lr(adamw:1.026e-01, muon:4.152e-03) | dt: 210.18ms | tok/sec: 1,247,253 | bf16_mfu: 36.10 | epoch: 1 pq: 8 rg: 19 | total time: 4.85m | eta: 1.0m
step 01500/01680 (89.29%) | loss: 3.177917 | lrm: 0.21 | lr(adamw:7.219e-02, muon:2.922e-03) | dt: 208.59ms | tok/sec: 1,256,734 | bf16_mfu: 36.38 | epoch: 1 pq: 8 rg: 68 | total time: 5.19m | eta: 0.6m
step 01600/01680 (95.24%) | loss: 3.158631 | lrm: 0.12 | lr(adamw:4.179e-02, muon:1.691e-03) | dt: 208.35ms | tok/sec: 1,258,203 | bf16_mfu: 36.42 | epoch: 1 pq: 9 rg: 34 | total time: 5.54m | eta: 0.3m
step 01679/01680 (99.94%) | loss: 3.151274 | lrm: 0.05 | lr(adamw:1.778e-02, muon:7.194e-04) | dt: 210.59ms | tok/sec: 1,244,834 | bf16_mfu: 36.03 | epoch: 1 pq: 9 rg: 72 | total time: 5.82m | eta: 0.0m
/usr/local/lib/python3.12/site-packages/torch/_dynamo/variables/functions.py:1598: UserWarning: Dynamo does not know how to trace the builtin `torch._C._distributed_c10d.pybind11_detail_function_record_v1_system_libstdcpp_gxx_abi_1xxx_use_cxx11_abi_1._broadcast_coalesced.` This function is either a Python builtin (e.g. _warnings.warn) or a third-party C/C++ Python extension (perhaps created with pybind).
If it is a Python builtin, please file an issue on GitHub so the PyTorch team can add support for it and see the next case for a workaround.
If it is a third-party C/C++ Python extension, please either wrap it into a PyTorch-understood custom operator (see https://pytorch.org/tutorials/advanced/custom_ops_landing_page.html for more details) or, if it is traceable, use `torch.compiler.allow_in_graph`.
  torch._dynamo.utils.warn_once(explanation + "\n" + "\n".join(hints))
Step 01680 | Validation bpb: 0.958394 | val_loss: 3.144635
2026-10-01 22:33:48,172 - nanochat.checkpoint_manager - [32m[1mINFO[0m - Saved model parameters to: /__modal/volumes/vo-pelh2tULdL7ESlnYAQvaCw/out/s00_sap/d8/B1_dense_s1/model_001680.pt
2026-10-01 22:33:48,176 - nanochat.checkpoint_manager - [32m[1mINFO[0m - Saved metadata to: /__modal/volumes/vo-pelh2tULdL7ESlnYAQvaCw/out/s00_sap/d8/B1_dense_s1/meta_001680.json
step 01680/01680 (final) | loss: 3.151274 | early_stop: 0
Peak memory usage: 62902.33MiB
Total training time: 5.82m
Minimum validation bpb: 0.958394
Minimum validation loss (nats/byte): 3.144635
2026-10-01 22:33:59,309 - httpx - [32m[1mINFO[0m - HTTP Request: HEAD https://huggingface.co/varunneal/flash-attention-3/resolve/main/kernel-status.toml "HTTP/1.1 404 Not Found"
2026-10-01 22:33:59,407 - httpx - [32m[1mINFO[0m - HTTP Request: GET https://huggingface.co/api/models/varunneal/flash-attention-3/tree/main/build?recursive=false&expand=false "HTTP/1.1 200 OK"
2026-10-01 22:33:59,511 - httpx - [32m[1mINFO[0m - HTTP Request: GET https://huggingface.co/api/models/varunneal/flash-attention-3/revision/main "HTTP/1.1 200 OK"

                                                       █████                █████
                                                      ░░███                ░░███
     ████████    ██████   ████████    ██████   ██████  ░███████    ██████  ███████
    ░░███░░███  ░░░░░███ ░░███░░███  ███░░███ ███░░███ ░███░░███  ░░░░░███░░░███░
     ░███ ░███   ███████  ░███ ░███ ░███ ░███░███ ░░░  ░███ ░███   ███████  ░███
     ░███ ░███  ███░░███  ░███ ░███ ░███ ░███░███  ███ ░███ ░███  ███░░███  ░███ ███
     ████ █████░░████████ ████ █████░░██████ ░░██████  ████ █████░░███████  ░░█████
    ░░░░ ░░░░░  ░░░░░░░░ ░░░░ ░░░░░  ░░░░░░   ░░░░░░  ░░░░ ░░░░░  ░░░░░░░░   ░░░░░
    
Autodetected device type: cuda
2026-10-01 22:34:00,681 - nanochat.common - [32m[1mINFO[0m - Distributed world size: 1
Device: cuda (ddp=True, world_size=1)
GPU: NVIDIA H200 | Peak FLOPS (BF16): 9.89e+14
COMPUTE_DTYPE: torch.bfloat16 (auto-detected: CUDA SM 90 (bf16 supported))
✓ Using Flash Attention 3 (Hopper GPU detected) — efficient and fast.
Vocab size: 32,768
[SAP] block head: mode=indep T=2 frac=0.0625 window=16 layers=2 params=4,465,664
Model config:
{
  "sequence_len": 2048,
  "vocab_size": 32768,
  "n_layer": 8,
  "n_head": 4,
  "n_kv_head": 4,
  "n_embd": 512,
  "use_moe": false,
  "use_perm": false,
  "moe_num_experts": 8,
  "moe_router_dim": 64,
  "moe_embed_dim": 64,
  "dropout": 0.0,
  "use_remix_linear": false,
  "remix_context_dim": 64,
  "remix_context_dim_ratio": 6,
  "remix_basis_size": 64,
  "remix_output_gate_rank": 16,
  "remixed_linear_kwargs": {
    "use_basis_gate": true,
    "use_output_gate": true,
    "use_context": true,
    "basis_gate_mode": "mlp",
    "sparse_gate_k": 0,
    "gate_temperature": 1.0,
    "basis_scale_factor": 4,
    "n_templates": 1,
    "template_routing_learned": false,
    "template_topk": 0,
    "tiny_expert": false,
    "tiny_expert_topk": 16,
    "lokr_expert": false,
    "lokr_n_experts": 64,
    "lokr_topk": 16,
    "lokr_rank": 4,
    "lokr_learned": false,
    "basis_gate_rank": 8,
    "disable_ln_basis": false,
    "chunk_route_impl": "compose",
    "top1_gate": "ones",
    "template_delta_rank": 0,
    "route_side": "output",
    "drop_basis_proj": false,
    "basis_side_templates": 0,
    "grad_equalize": false,
    "output_gate_rank": 16,
    "operator_modulation": "none",
    "lie_generators": 4,
    "poly_order": 2,
    "grassmann_bank_size": 4
  },
  "use_pos_embed": false,
  "moe_use_abs_pos_embed": false,
  "use_layer_context": true,
  "scale_basis_size": true,
  "remix_use_dual_gate": false,
  "remix_use_fused": false,
  "p26_output_gated_linear": 0,
  "p28_shared_basis": 0,
  "p28_chunk_routing_size": 0,
  "p28_global_template_bank": "none",
  "p28_attn_proj_templates": 0,
  "p28_attn_qk_templates": 0,
  "p29_template_block_diag": 0,
  "p29_template_lr_scale": 1.0,
  "p29_grad_equalize": 0,
  "p34_ffn_mult": 4.0,
  "p34_ffn_single": 0,
  "p34_dense_attn": 0,
  "legacy_init_fallback": 0,
  "p35_template_diversity_lambda": 0.0,
  "p22_route_affine": 0,
  "p34_ffn_schedule": "",
  "p34_ffn_no_ffn_replacement": "none",
  "p34_ffn_last_depth": 1,
  "p36_swiglu_ffn": 0,
  "p36_swiglu_mult": 2.6666666666666665,
  "cond_sites": "both",
  "cond_rank": 256,
  "cond_mult_steps": 0,
  "cond_gate_source": "router",
  "cond_coeff_act": "centered",
  "cond_router_rank": 0,
  "cond_live_init": 0.0,
  "cond_router_act": "none",
  "cond_chunk_size": 0,
  "cond_mult_scale": -1.0,
  "cond_mult_impl": "wy",
  "cond_attn_projs": "qkvo",
  "cond_layer_frac": 1.0,
  "perm_expert_mode": "low_rank",
  "perm_rank": 16,
  "router_context_window": -1,
  "router_causal": true,
  "router_num_heads": 4,
  "router_num_queries": 16,
  "router_n_layers": 2,
  "router_use_vocab_prior": false,
  "window_pattern": "SSSL",
  "cclblock_modulation": "weight",
  "cclblock_orth_lambda": 0.0,
  "cclblock_context_stream": "local",
  "cclblock_ema_factor": 0.99,
  "cclblock_stale_ctx_lag": 0,
  "cclblock_sparse_gate_k": 0,
  "cclblock_gate_temperature": 1.0,
  "cclblock_context_bank_size": 0,
  "cclblock_per_head_ctx": false,
  "cclblock_context_source": "norm_x",
  "cclblock_chunk_size": 0,
  "cclblock_aux_objective": "none",
  "cclblock_aux_lambda": 0.1,
  "cclblock_boundary_token_id": 198,
  "use_ral": false,
  "ral_rank": 32,
  "cclblock_film_gate": false,
  "cclblock_attn_shadow_dim": 0,
  "cclblock_dynamic_ratio": 0.25,
  "cclblock_gate_rank": 8,
  "cclblock_num_regimes": 8,
  "cclblock_regime_temperature": 1.0,
  "cclblock_poly_order": 2,
  "cclblock_lie_generators": 4,
  "cclblock_grassmann_bank_size": 4,
  "cclblock_tucker_rank": 32,
  "cclblock_tucker_modes": 8,
  "cclblock_svs_rank": 64,
  "cclblock_svs_eps": 0.1,
  "cclblock_vq_codes": 8,
  "cclblock_vq_temperature": 1.0,
  "cclblock_dcu_warmup_steps": 0,
  "cclblock_fsi_rotations": 8,
  "cclblock_fsi_selector_dim": 64,
  "cclblock_aesp_strata": 4,
  "cclblock_aesp_delta_rank": 4,
  "cclblock_ckr_branches": 4,
  "cclblock_ckr_kernel_size": 64,
  "cclblock_ckr_pos_channels": 1,
  "cclblock_ckr_dual_optim": 0,
  "cclblock_ckr_content_bias": 0.0,
  "cclblock_giad_rank": 32,
  "cclblock_psg_kernel_size": 64,
  "cclblock_ss_dynamic_ratio": 0.25,
  "cclblock_ss_branches": 2,
  "cclblock_ss_kernel_size": 64,
  "cclblock_lokr_branches": 8,
  "cclblock_lokr_rank": 16,
  "cclblock_ckr_temp_start": 2.0,
  "cclblock_ckr_temp_end": 0.3,
  "cclblock_com_kernel_size": 32,
  "cclblock_ckr_ortho_init": 0,
  "cclblock_ckr_branch_dropout": 0.0,
  "cclblock_ckr_diversity_lambda": 0.0,
  "cclblock_ckr_layer_selective": 0,
  "cclblock_pgr_kernel_size": 64,
  "cclblock_cil_kernel_size": 64,
  "cclblock_prb_kernel_size": 64,
  "p18_layer_drop": 0.0,
  "p18_dynamic_activation": 0,
  "p18_mixture_norm": 0,
  "p18_causal_attn_bias": 0,
  "p18_aux_sim_lambda": 0.0,
  "p18_gradient_penalty": 0.0,
  "p18_per_channel_scale": 0,
  "p19_residual_gate": 0,
  "p19_head_importance": 0,
  "p19_residual_mix_groups": 0,
  "p19_attn_logit_bias": 0,
  "p19_residual_decay": 0,
  "p19_grad_equilibrium": 0.0,
  "p19_spectral_reparam": 0,
  "p19_weight_anticollapse": 0.0,
  "p19_ve_bias": 0,
  "p19_weight_noise": 0.0,
  "p20_hrcs_scale": 0,
  "p20_lswr_scale": 0,
  "p20_lswr_planes": 8,
  "p20_lrcfb_branches": 0,
  "p20_lrcfb_narrow": 0,
  "p20_lrcfb_learned": 0,
  "p20_lrcfb_topk": 0,
  "p20_dgcr_branches": 0,
  "p20_dgcr_aux_weight": 0.01,
  "p20_mone_experts": 0,
  "p20_mone_topk": 0,
  "p20_mone_narrow": 1,
  "p20_mone_frozen": 0,
  "p20_ncea_branches": 0,
  "p20_ncea_eps": 0.1,
  "p20_adwi": 0,
  "p20_pwu_branches": 0,
  "p20_pwu_phase": 1,
  "p20_fsvd_gate": 0,
  "p20_wbfc_clusters": 0,
  "p20_wbfc_active": 0,
  "p21_per_experts": 0,
  "p21_per_topk": 0,
  "p21_per_learned": 0,
  "p21_per_attn": 0,
  "p22_attn_moe_route": "none",
  "p23_tiny_expert": 0,
  "p23_n_experts": 64,
  "p23_topk": 16,
  "p23_learned_route": 0,
  "p23_std_moe_experts": 0,
  "p23_std_moe_topk": -1,
  "p23_std_moe_aux_weight": 0.01,
  "p23_lokr": 0,
  "p23_lokr_rank": 4,
  "p23_use_shared_block_router": 0,
  "p23_linear_moe_experts": 0,
  "p23_linear_moe_topk": 0,
  "p23_quantile_route": 0,
  "remix_shared_context_gates": 0,
  "p24_use_sliced_weight": 0,
  "p24_sliced_weight_reduction_scale": 8,
  "p24_sliced_weight_min_select": 128,
  "p24_sliced_weight_scope": "per_token",
  "p24_sliced_weight_balance_coeff": 0.01,
  "p24_quantile_route": 0,
  "p24_use_folded_mod": 0,
  "p24_folded_mod_reduction_scale": 8,
  "p24_folded_mod_min_dim": 128,
  "p24_folded_mod_scope": "per_layer",
  "p24_folded_mod_gate_act": "tanh_centered",
  "p24_use_sequence_gated_linear": 0,
  "p24_sequence_gated_scope": "per_layer",
  "p24_sequence_gated_act": "tanh_centered",
  "remix_disable_ln_basis": 0,
  "dense_intermediate_ln": 0,
  "use_mol": false,
  "mol_n_blocks": 5,
  "mol_n_shared": 1,
  "mol_topk": 3,
  "mol_thin_dim": 256,
  "mol_head_dim": 64,
  "mol_ffn_mult": 4.0,
  "mol_router_aux": 0.05,
  "mol_routed_attn": "softmax",
  "mol_dispatch": 1,
  "mol_capacity_factor": 1.0,
  "mol_block_lr_scale": 1.0,
  "mol_per_block_ve": 0,
  "use_binary": false,
  "binary_acts": true,
  "binary_weight_scale": "row",
  "binary_act_scale": "token",
  "binary_clip": 1.0,
  "binary_linear": true,
  "binary_embeddings": true,
  "binary_skip": "",
  "binary_native": false,
  "binary_tau": 1.0,
  "binary_hard": false,
  "binary_resid_width": 0,
  "binary_attn_chunk": 256,
  "use_mst": false,
  "mst_n_subs": 8,
  "mst_sub_dim": 64,
  "mst_head_dim": 0,
  "mst_input_mode": "fixed_slice",
  "mst_rotated_slice_learned": false,
  "mst_routing_mode": "soft_weighted",
  "mst_routing_topk": 4,
  "mst_routing_aux_weight": 0.01,
  "mst_diversity_weight": 0.0,
  "mst_ffn_mode": "standard",
  "mst_ffn_every": 1,
  "mst_transition_mode": "parallel",
  "mst_final_mode": "aggregate_proj",
  "mst_final_topk": -1,
  "mst_ffn_shared_up": 0,
  "mst_ffn_inner_dim": 0,
  "mst_sub_dropout": 0.0,
  "mst_transition_every": 1,
  "mst_ffa_temperature": 1.0,
  "mst_global_residual": 0,
  "mst_hybrid_dense": 0,
  "mst_cross_sub_kv": 0,
  "mst_sub_aux_weight": 0.0,
  "mst_progressive_merge": 0,
  "mst_multi_scale_windows": 0,
  "mst_delta_residual": 0,
  "mst_sub_layers": 1,
  "mst_grad_equalize": 0,
  "mst_block_diagonal_muon": 0,
  "mst_transition_width_mult": 1.0,
  "mst_sub_lr_scale": 1.0,
  "mst_shared_expert": 0,
  "mst_router_entropy_weight": 0.0,
  "mst_shared_kv_attn": 0,
  "mst_contrastive_diversity_weight": 0.0,
  "mst_transition_nonlinear": 0,
  "mst_transition_gated": 0,
  "mst_transition_mlp": 0,
  "mst_cross_sub_gate": 0,
  "mst_hyper_connect": 0,
  "mst_cross_kv_inject": 0,
  "mst_slice_transition": 0,
  "mst_lookback_layers": 0,
  "mst_bilinear_transition": 0,
  "mst_cross_sub_qmod": 0,
  "mst_feature_cycle": 0,
  "mst_mean_transition": 0,
  "mst_sub_head_dim": 0,
  "mst_final_norm": 0,
  "mst_per_stream_ve": 0,
  "mst_ve_map": 0,
  "mst_ve_map_rank": 0,
  "mst_lm_head_dim": 0,
  "mst_compose_windows": 0,
  "mst_channel_mix": "none",
  "mst_channel_mix_site": "layer",
  "mst_distribute_block_muon": 0,
  "mst_trans_spectral_lr": 0,
  "mst_talking_heads": 0,
  "mst_wo_mode": "block",
  "mst_stream_topk": 0,
  "mst_stream_shared": 0,
  "mst_stream_router_aux": 0.01,
  "mst_stream_router_noise": 0.0,
  "mst_stream_dispatch": 0,
  "mst_stream_capacity_factor": 1.0,
  "mst_stream_gate_attn": 0,
  "mst_ffn_monarch": "none",
  "mst_shampoo": 0,
  "mst_precond_every": 10,
  "mst_shampoo_beta": 0.95,
  "use_eet": false,
  "eet_frozen_kv": true,
  "eet_reenter_final": false,
  "eet_router_type": "mlp2",
  "eet_router_hidden": 0,
  "eet_freq_prior_alpha": 0.0,
  "eet_pos_prior_beta": 0.0,
  "eet_domain_prior": false,
  "eet_warmup_frac": 0.02,
  "eet_explore_frac": 0.15,
  "eet_reconstruct_lambda": 1.0,
  "eet_efficiency_lambda_start": 0.01,
  "eet_efficiency_lambda_end": 0.1,
  "eet_translator_rank": 0,
  "eet_max_frozen_kv_frac": 0.75,
  "eet_exit_threshold": 0.5,
  "eet_min_exit_layer": 1,
  "eet_loss_variant": "reconstruct",
  "eet_topk_vocab": 512,
  "eet_entropy_lambda": 0.3,
  "eet_surprise_lambda": 0.1,
  "eet_adv_lambda": 1.0,
  "eet_adv_entropy_lambda": 0.2,
  "eet_quality_lambda": 1.0,
  "eet_quality_entropy_bonus": 0.1,
  "eet_gumbel_temp_start": 0.0,
  "eet_gumbel_temp_end": 0.1,
  "eet_gumbel_hard": true,
  "eet_commitment_beta": 0.1,
  "eet_global_router": false,
  "eet_freq_efficiency_alpha": 0.0,
  "eet_diversity_lambda": 0.0,
  "eet_ce_guided_lambda": 1.0,
  "eet_router_lr_mult": 5.0,
  "eet_model_lr_mult": 1.0,
  "eet_depth_weight_type": "none",
  "eet_depth_weight_max": 2.5,
  "eet_use_override": 0,
  "eet_override_prob_start": 0.5,
  "eet_override_prob_end": 0.1,
  "eet_compute_skip": false,
  "eet_target_active_frac": 0.125,
  "eet_capacity_schedule": "bell",
  "eet_exit_fracs": null,
  "eet_capacity_alignment_lambda": 0.0,
  "eet_kv_mode": "none",
  "eet_route_noise": 0.0,
  "eet_route_noise_end": -1.0,
  "eet_coverage_diag": false,
  "deep_supervision_lambda": 0.0,
  "deep_supervision_frac": 0.125,
  "eet_width_power": 0.0,
  "eet_width_cap": 16.0,
  "eet_kv_eager": false,
  "eet_router_task_grad": true,
  "eet_reinforce_interval": 0,
  "eet_reinforce_lambda": 0.1,
  "eet_exit_adapter_rank": 0,
  "eet_router_after_block": 0,
  "eet_ffn_skip": false,
  "eet_ffn_target_frac": 0.5,
  "eet_ffn_full_attn": true,
  "eet_depth_affine": false,
  "eet_capacity_anneal_frac": 0.0,
  "eet_learned_schedule": false,
  "eet_departure_summary": false,
  "eet_route_consistency_lambda": 0.0,
  "eet_dense_distill_interval": 0,
  "eet_dense_distill_lambda": 0.5,
  "eet_depth_lr_scale": false,
  "eet_depth_grad_scale": false,
  "eet_detach_aux_from_backbone": false,
  "eet_detach_exit_from_backbone": false,
  "use_code_head": false,
  "sch_head_type": "code",
  "sch_bits": 0,
  "sch_order": 2,
  "sch_max_m": 0,
  "sch_phi_mode": "monomial",
  "sch_code_mode": "binary",
  "sch_code_path": "",
  "sch_code_ecc_bits": 0,
  "sch_code_seed": 1234,
  "sch_phi_density": 0.0,
  "sch_phi_dtype": "bf16",
  "sch_phi_normalize": 1,
  "sch_phi_center": 0,
  "sch_g_type": "linear",
  "sch_g_hidden": 0,
  "sch_g_layers": 2,
  "sch_g_out_std": 0.001,
  "sch_mixture": 1,
  "sch_residual_rank": 0,
  "sch_logit_act": "none",
  "sch_bias": 0,
  "sch_input_mode": "table",
  "sch_input_hidden": 0,
  "sch_product_groups": 8,
  "sch_product_codebook": 256,
  "sch_product_source": "hash",
  "sch_product_impl": "dense",
  "sch_phi_whiten": 0,
  "sch_mixture_per_phi": 0,
  "sch_mixture_topk": 0,
  "sch_mixture_aux": 0.01,
  "sch_monarch_m1": 0,
  "sch_monarch_perm": "none",
  "sch_monarch_perm_path": "",
  "sch_tier_bounds": "",
  "sch_tier_caps": "",
  "sch_tier_order": "freq",
  "sch_tier_perm_path": "",
  "sch_proposal_rank": 32,
  "sch_proposal_topk": 16384,
  "sch_proposal_samples": 4096,
  "sch_proposal_warmup": 0,
  "sch_proposal_chunk": 2048,
  "sch_proposal_aux": 1.0,
  "sch_nfh_mode": "cp",
  "sch_nfh_rank": 32,
  "sch_nfh_dims": "",
  "sch_nfh_groups": 3,
  "sch_nfh_views": 1,
  "sch_nfh_perm": "none",
  "sch_nfh_perm_path": "",
  "sch_nfh_g_type": "linear",
  "sch_nfh_g_hidden": 0,
  "sch_rerank_mode": "topk",
  "sch_rerank_k": 64,
  "sch_rerank_rank": 32,
  "sch_nfh_smooth": 0,
  "sch_nfh_chunk": 256,
  "sap_block_T": 2,
  "sap_block_mode": "indep",
  "sap_block_frac": 0.0625,
  "sap_lambda": 1.0,
  "sap_head_layers": 2,
  "sap_head_heads": 0,
  "sap_head_mlp_mult": 2,
  "sap_enc_layers": 1,
  "sap_ctx_window": 16,
  "sap_latent_groups": 4,
  "sap_latent_codes": 64,
  "sap_latent_dim": 64,
  "sap_free_bits": 0.25,
  "sap_kl_anneal_steps": 2000,
  "sap_gumbel_tau": 1.0,
  "sap_cp_components": 8,
  "sap_wta_k": 4,
  "sap_u_freqs": 24,
  "sap_u_interior": 0.8,
  "sap_logit_chunk": 8192
}
Seeded weight init with --seed 1
Checkpoints directory: /__modal/volumes/vo-pelh2tULdL7ESlnYAQvaCw/out/s00_sap/d8/SAP_indep_T2_s1
✓ Wrapping model with DistributedDataParallel (rank 0, find_unused_parameters=False, broadcast_buffers=True)
Parameter counts:
wte                     : 16,777,216
wpe                     : 0
value_embeds            : 67,108,864
lm_head                 : 16,777,216
transformer_matrices    : 25,166,336
research                : 4,465,664
scalars                 : 16
total                   : 130,295,312
Estimated FLOPs per token (total):  3.084104e+08
COST_AXES precision=W16A16E16H16 bops_arith=3.9477e+10 energy_pj_per_token=2.5167e+08 inference_MiB=248.52 training_state_MiB=858.94
Estimated FLOPs per token (active): 3.084104e+08
Estimated active params:            130,295,312
[SAP] block head: mode=indep T=2 frac=0.0625 window=16 layers=2 params=10,040,832
Auto-computed optimal batch size: 262,144 tokens
Scaling LRs by 0.7071 for batch size 262,144 (reference: 524,288)
Scaling weight decay from 0.200000 to 0.371230 for depth 8
Scaling the LR for the AdamW parameters ∝1/√(512/768) = 1.224745
Calculated number of iterations from target FLOPs: 1,559
Total number of training tokens: 408,682,496
Tokens : Scaling params ratio: 9.74
Total training FLOPs estimate: 1.260419e+17
Total training FLOPs (active):  1.260419e+17
Total active training FLOPs estimate: 1.260419e+17
Using base scheduler: linear warmup/flat/linear warmdown
Tokens / micro-batch / rank: 128 x 2048 = 262,144
Tokens / micro-batch: 262,144
Total batch size 262,144 => gradient accumulation steps: 1
Running pre-compilation warmup (1 dummy forward+backward to init lazy allocations)...
[rank0]:W1001 22:34:01.355000 29102 site-packages/torch/_logging/_internal.py:1199] [0/0] Profiler function <class 'torch.autograd.profiler.record_function'> will be ignored
Warmup complete. Steady-state VRAM: 5.7 GB allocated
step 00000/01559 (0.00%) | loss: 20.797728 | lrm: 0.12 | lr(adamw:4.368e-02, muon:1.768e-03) | dt: 337.18ms | tok/sec: 777,455 | bf16_mfu: 24.24 | epoch: 1 pq: 0 rg: 1 | total time: 0.00m
step 00100/01559 (6.41%) | loss: 10.924301 | lrm: 1.00 | lr(adamw:3.494e-01, muon:1.414e-02) | dt: 238.10ms | tok/sec: 1,100,981 | bf16_mfu: 34.33 | epoch: 1 pq: 0 rg: 52 | total time: 0.36m | eta: 5.8m
step 00200/01559 (12.83%) | loss: 9.678358 | lrm: 1.00 | lr(adamw:3.494e-01, muon:1.414e-02) | dt: 237.35ms | tok/sec: 1,104,454 | bf16_mfu: 34.44 | epoch: 1 pq: 1 rg: 17 | total time: 0.75m | eta: 5.4m
step 00300/01559 (19.24%) | loss: 9.195432 | lrm: 1.00 | lr(adamw:3.494e-01, muon:1.414e-02) | dt: 237.95ms | tok/sec: 1,101,667 | bf16_mfu: 34.35 | epoch: 1 pq: 1 rg: 65 | total time: 1.15m | eta: 5.0m
step 00400/01559 (25.66%) | loss: 8.860473 | lrm: 1.00 | lr(adamw:3.494e-01, muon:1.414e-02) | dt: 236.51ms | tok/sec: 1,108,384 | bf16_mfu: 34.56 | epoch: 1 pq: 2 rg: 30 | total time: 1.55m | eta: 4.6m
step 00500/01559 (32.07%) | loss: 8.687115 | lrm: 1.00 | lr(adamw:3.494e-01, muon:1.414e-02) | dt: 235.40ms | tok/sec: 1,113,616 | bf16_mfu: 34.73 | epoch: 1 pq: 2 rg: 78 | total time: 1.94m | eta: 4.2m
step 00600/01559 (38.49%) | loss: 8.527059 | lrm: 0.95 | lr(adamw:3.317e-01, muon:1.343e-02) | dt: 238.85ms | tok/sec: 1,097,509 | bf16_mfu: 34.22 | epoch: 1 pq: 3 rg: 43 | total time: 2.34m | eta: 3.8m
step 00700/01559 (44.90%) | loss: 8.361584 | lrm: 0.86 | lr(adamw:2.990e-01, muon:1.210e-02) | dt: 238.21ms | tok/sec: 1,100,471 | bf16_mfu: 34.32 | epoch: 1 pq: 4 rg: 10 | total time: 2.74m | eta: 3.4m
step 00800/01559 (51.31%) | loss: 8.245018 | lrm: 0.76 | lr(adamw:2.662e-01, muon:1.077e-02) | dt: 236.27ms | tok/sec: 1,109,492 | bf16_mfu: 34.60 | epoch: 1 pq: 4 rg: 58 | total time: 3.14m | eta: 3.0m
step 00900/01559 (57.73%) | loss: 8.141138 | lrm: 0.67 | lr(adamw:2.334e-01, muon:9.447e-03) | dt: 237.34ms | tok/sec: 1,104,528 | bf16_mfu: 34.44 | epoch: 1 pq: 5 rg: 24 | total time: 3.53m | eta: 2.6m
step 01000/01559 (64.14%) | loss: 8.027483 | lrm: 0.57 | lr(adamw:2.007e-01, muon:8.121e-03) | dt: 238.48ms | tok/sec: 1,099,251 | bf16_mfu: 34.28 | epoch: 1 pq: 5 rg: 73 | total time: 3.93m | eta: 2.2m
step 01100/01559 (70.56%) | loss: 7.927310 | lrm: 0.48 | lr(adamw:1.679e-01, muon:6.795e-03) | dt: 240.39ms | tok/sec: 1,090,477 | bf16_mfu: 34.01 | epoch: 1 pq: 6 rg: 38 | total time: 4.33m | eta: 1.8m
step 01200/01559 (76.97%) | loss: 7.852196 | lrm: 0.39 | lr(adamw:1.351e-01, muon:5.468e-03) | dt: 235.15ms | tok/sec: 1,114,816 | bf16_mfu: 34.76 | epoch: 1 pq: 7 rg: 4 | total time: 4.73m | eta: 1.4m
step 01300/01559 (83.39%) | loss: 7.735850 | lrm: 0.29 | lr(adamw:1.023e-01, muon:4.142e-03) | dt: 241.13ms | tok/sec: 1,087,152 | bf16_mfu: 33.90 | epoch: 1 pq: 7 rg: 53 | total time: 5.12m | eta: 1.0m
step 01400/01559 (89.80%) | loss: 7.670828 | lrm: 0.20 | lr(adamw:6.958e-02, muon:2.816e-03) | dt: 239.22ms | tok/sec: 1,095,812 | bf16_mfu: 34.17 | epoch: 1 pq: 8 rg: 19 | total time: 5.52m | eta: 0.6m
step 01500/01559 (96.22%) | loss: 7.588938 | lrm: 0.11 | lr(adamw:3.681e-02, muon:1.490e-03) | dt: 240.49ms | tok/sec: 1,090,054 | bf16_mfu: 33.99 | epoch: 1 pq: 8 rg: 68 | total time: 5.92m | eta: 0.2m
step 01558/01559 (99.94%) | loss: 7.576119 | lrm: 0.05 | lr(adamw:1.780e-02, muon:7.204e-04) | dt: 238.98ms | tok/sec: 1,096,934 | bf16_mfu: 34.21 | epoch: 1 pq: 9 rg: 14 | total time: 6.15m | eta: 0.0m
/usr/local/lib/python3.12/site-packages/torch/_dynamo/variables/functions.py:1598: UserWarning: Dynamo does not know how to trace the builtin `torch._C._distributed_c10d.pybind11_detail_function_record_v1_system_libstdcpp_gxx_abi_1xxx_use_cxx11_abi_1._broadcast_coalesced.` This function is either a Python builtin (e.g. _warnings.warn) or a third-party C/C++ Python extension (perhaps created with pybind).
If it is a Python builtin, please file an issue on GitHub so the PyTorch team can add support for it and see the next case for a workaround.
If it is a third-party C/C++ Python extension, please either wrap it into a PyTorch-understood custom operator (see https://pytorch.org/tutorials/advanced/custom_ops_landing_page.html for more details) or, if it is traceable, use `torch.compiler.allow_in_graph`.
  torch._dynamo.utils.warn_once(explanation + "\n" + "\n".join(hints))
Step 01559 | Validation bpb: 1.027423 | val_loss: 3.371130
[rank0]: Traceback (most recent call last):
[rank0]:   File "<frozen runpy>", line 198, in _run_module_as_main
[rank0]:   File "<frozen runpy>", line 88, in _run_code
[rank0]:   File "/__modal/volumes/vo-pelh2tULdL7ESlnYAQvaCw/scripts/base_train.py", line 2399, in <module>
[rank0]:     _sap_eval = evaluate_block_bpb(orig_model, build_val_loader(), args.sap_eval_steps, token_bytes)
[rank0]:                 ^^^^^^^^^^^^^^^^^^^^^^^^^^^^^^^^^^^^^^^^^^^^^^^^^^^^^^^^^^^^^^^^^^^^^^^^^^^^^^^^^^^^
[rank0]:   File "/usr/local/lib/python3.12/site-packages/torch/utils/_contextlib.py", line 120, in decorate_context
[rank0]:     return func(*args, **kwargs)
[rank0]:            ^^^^^^^^^^^^^^^^^^^^^
[rank0]:   File "/__modal/volumes/vo-pelh2tULdL7ESlnYAQvaCw/nanochat/block_head.py", line 768, in evaluate_block_bpb
[rank0]:     logits, hid = model(x, return_hidden=True)
[rank0]:                   ^^^^^^^^^^^^^^^^^^^^^^^^^^^^
[rank0]:   File "/usr/local/lib/python3.12/site-packages/torch/nn/modules/module.py", line 1775, in _wrapped_call_impl
[rank0]:     return self._call_impl(*args, **kwargs)
[rank0]:            ^^^^^^^^^^^^^^^^^^^^^^^^^^^^^^^^
[rank0]:   File "/usr/local/lib/python3.12/site-packages/torch/nn/modules/module.py", line 1786, in _call_impl
[rank0]:     return forward_call(*args, **kwargs)
[rank0]:            ^^^^^^^^^^^^^^^^^^^^^^^^^^^^^
[rank0]:   File "/__modal/volumes/vo-pelh2tULdL7ESlnYAQvaCw/nanochat/gpt.py", line 11790, in forward
[rank0]:     logits = softcap * torch.tanh(logits / softcap) # squash the logits
[rank0]:                        ^^^^^^^^^^^^^^^^^^^^^^^^^^^^
[rank0]: torch.OutOfMemoryError: CUDA out of memory. Tried to allocate 32.00 GiB. GPU 0 has a total capacity of 139.80 GiB of which 5.55 GiB is free. Process 1 has 134.21 GiB memory in use. Of the allocated memory 102.55 GiB is allocated by PyTorch, and 30.38 GiB is reserved by PyTorch but unallocated. If reserved but unallocated memory is large try setting PYTORCH_CUDA_ALLOC_CONF=expandable_segments:True to avoid fragmentation.  See documentation for Memory Management  (https://pytorch.org/docs/stable/notes/cuda.html#environment-variables)
[rank0]:[W1001 22:41:30.872368247 ProcessGroupNCCL.cpp:1524] Warning: WARNING: destroy_process_group() was not called before program exit, which can leak resources. For more info, please see https://pytorch.org/docs/stable/distributed.html#shutdown (function operator())
E1001 22:41:32.840000 29096 site-packages/torch/distributed/elastic/multiprocessing/api.py:882] failed (exitcode: 1) local_rank: 0 (pid: 29102) of binary: /usr/local/bin/python
Traceback (most recent call last):
  File "/usr/local/bin/torchrun", line 10, in <module>
    sys.exit(main())
             ^^^^^^
  File "/usr/local/lib/python3.12/site-packages/torch/distributed/elastic/multiprocessing/errors/__init__.py", line 357, in wrapper
    return f(*args, **kwargs)
           ^^^^^^^^^^^^^^^^^^
  File "/usr/local/lib/python3.12/site-packages/torch/distributed/run.py", line 936, in main
    run(args)
  File "/usr/local/lib/python3.12/site-packages/torch/distributed/run.py", line 927, in run
    elastic_launch(
  File "/usr/local/lib/python3.12/site-packages/torch/distributed/launcher/api.py", line 156, in __call__
    return launch_agent(self._config, self._entrypoint, list(args))
           ^^^^^^^^^^^^^^^^^^^^^^^^^^^^^^^^^^^^^^^^^^^^^^^^^^^^^^^^
  File "/usr/local/lib/python3.12/site-packages/torch/distributed/launcher/api.py", line 293, in launch_agent
    raise ChildFailedError(
torch.distributed.elastic.multiprocessing.errors.ChildFailedError: 
============================================================
scripts.base_train FAILED
------------------------------------------------------------
Failures:
  <NO_OTHER_FAILURES>
------------------------------------------------------------
Root Cause (first observed failure):
[0]:
  time      : 2026-10-01_22:41:32
  host      : localhost
  rank      : 0 (local_rank: 0)
  exitcode  : 1 (pid: 29102)
  error_file: <N/A>
  traceback : To enable traceback see: https://pytorch.org/docs/stable/elastic/errors.html
============================================================
2026-10-01 22:41:40,897 - httpx - [32m[1mINFO[0m - HTTP Request: HEAD https://huggingface.co/varunneal/flash-attention-3/resolve/main/kernel-status.toml "HTTP/1.1 404 Not Found"
2026-10-01 22:41:41,015 - httpx - [32m[1mINFO[0m - HTTP Request: GET https://huggingface.co/api/models/varunneal/flash-attention-3/tree/main/build?recursive=false&expand=false "HTTP/1.1 200 OK"
2026-10-01 22:41:41,132 - httpx - [32m[1mINFO[0m - HTTP Request: GET https://huggingface.co/api/models/varunneal/flash-attention-3/revision/main "HTTP/1.1 200 OK"

                                                       █████                █████
                                                      ░░███                ░░███
     ████████    ██████   ████████    ██████   ██████  ░███████    ██████  ███████
    ░░███░░███  ░░░░░███ ░░███░░███  ███░░███ ███░░███ ░███░░███  ░░░░░███░░░███░
     ░███ ░███   ███████  ░███ ░███ ░███ ░███░███ ░░░  ░███ ░███   ███████  ░███
     ░███ ░███  ███░░███  ░███ ░███ ░███ ░███░███  ███ ░███ ░███  ███░░███  ░███ ███
     ████ █████░░████████ ████ █████░░██████ ░░██████  ████ █████░░███████  ░░█████
    ░░░░ ░░░░░  ░░░░░░░░ ░░░░ ░░░░░  ░░░░░░   ░░░░░░  ░░░░ ░░░░░  ░░░░░░░░   ░░░░░
    
Autodetected device type: cuda
2026-10-01 22:41:42,283 - nanochat.common - [32m[1mINFO[0m - Distributed world size: 1
Device: cuda (ddp=True, world_size=1)
GPU: NVIDIA H200 | Peak FLOPS (BF16): 9.89e+14
COMPUTE_DTYPE: torch.bfloat16 (auto-detected: CUDA SM 90 (bf16 supported))
✓ Using Flash Attention 3 (Hopper GPU detected) — efficient and fast.
Vocab size: 32,768
[SAP] block head: mode=cp T=2 frac=0.015625 window=16 layers=2 params=4,473,856
Model config:
{
  "sequence_len": 2048,
  "vocab_size": 32768,
  "n_layer": 8,
  "n_head": 4,
  "n_kv_head": 4,
  "n_embd": 512,
  "use_moe": false,
  "use_perm": false,
  "moe_num_experts": 8,
  "moe_router_dim": 64,
  "moe_embed_dim": 64,
  "dropout": 0.0,
  "use_remix_linear": false,
  "remix_context_dim": 64,
  "remix_context_dim_ratio": 6,
  "remix_basis_size": 64,
  "remix_output_gate_rank": 16,
  "remixed_linear_kwargs": {
    "use_basis_gate": true,
    "use_output_gate": true,
    "use_context": true,
    "basis_gate_mode": "mlp",
    "sparse_gate_k": 0,
    "gate_temperature": 1.0,
    "basis_scale_factor": 4,
    "n_templates": 1,
    "template_routing_learned": false,
    "template_topk": 0,
    "tiny_expert": false,
    "tiny_expert_topk": 16,
    "lokr_expert": false,
    "lokr_n_experts": 64,
    "lokr_topk": 16,
    "lokr_rank": 4,
    "lokr_learned": false,
    "basis_gate_rank": 8,
    "disable_ln_basis": false,
    "chunk_route_impl": "compose",
    "top1_gate": "ones",
    "template_delta_rank": 0,
    "route_side": "output",
    "drop_basis_proj": false,
    "basis_side_templates": 0,
    "grad_equalize": false,
    "output_gate_rank": 16,
    "operator_modulation": "none",
    "lie_generators": 4,
    "poly_order": 2,
    "grassmann_bank_size": 4
  },
  "use_pos_embed": false,
  "moe_use_abs_pos_embed": false,
  "use_layer_context": true,
  "scale_basis_size": true,
  "remix_use_dual_gate": false,
  "remix_use_fused": false,
  "p26_output_gated_linear": 0,
  "p28_shared_basis": 0,
  "p28_chunk_routing_size": 0,
  "p28_global_template_bank": "none",
  "p28_attn_proj_templates": 0,
  "p28_attn_qk_templates": 0,
  "p29_template_block_diag": 0,
  "p29_template_lr_scale": 1.0,
  "p29_grad_equalize": 0,
  "p34_ffn_mult": 4.0,
  "p34_ffn_single": 0,
  "p34_dense_attn": 0,
  "legacy_init_fallback": 0,
  "p35_template_diversity_lambda": 0.0,
  "p22_route_affine": 0,
  "p34_ffn_schedule": "",
  "p34_ffn_no_ffn_replacement": "none",
  "p34_ffn_last_depth": 1,
  "p36_swiglu_ffn": 0,
  "p36_swiglu_mult": 2.6666666666666665,
  "cond_sites": "both",
  "cond_rank": 256,
  "cond_mult_steps": 0,
  "cond_gate_source": "router",
  "cond_coeff_act": "centered",
  "cond_router_rank": 0,
  "cond_live_init": 0.0,
  "cond_router_act": "none",
  "cond_chunk_size": 0,
  "cond_mult_scale": -1.0,
  "cond_mult_impl": "wy",
  "cond_attn_projs": "qkvo",
  "cond_layer_frac": 1.0,
  "perm_expert_mode": "low_rank",
  "perm_rank": 16,
  "router_context_window": -1,
  "router_causal": true,
  "router_num_heads": 4,
  "router_num_queries": 16,
  "router_n_layers": 2,
  "router_use_vocab_prior": false,
  "window_pattern": "SSSL",
  "cclblock_modulation": "weight",
  "cclblock_orth_lambda": 0.0,
  "cclblock_context_stream": "local",
  "cclblock_ema_factor": 0.99,
  "cclblock_stale_ctx_lag": 0,
  "cclblock_sparse_gate_k": 0,
  "cclblock_gate_temperature": 1.0,
  "cclblock_context_bank_size": 0,
  "cclblock_per_head_ctx": false,
  "cclblock_context_source": "norm_x",
  "cclblock_chunk_size": 0,
  "cclblock_aux_objective": "none",
  "cclblock_aux_lambda": 0.1,
  "cclblock_boundary_token_id": 198,
  "use_ral": false,
  "ral_rank": 32,
  "cclblock_film_gate": false,
  "cclblock_attn_shadow_dim": 0,
  "cclblock_dynamic_ratio": 0.25,
  "cclblock_gate_rank": 8,
  "cclblock_num_regimes": 8,
  "cclblock_regime_temperature": 1.0,
  "cclblock_poly_order": 2,
  "cclblock_lie_generators": 4,
  "cclblock_grassmann_bank_size": 4,
  "cclblock_tucker_rank": 32,
  "cclblock_tucker_modes": 8,
  "cclblock_svs_rank": 64,
  "cclblock_svs_eps": 0.1,
  "cclblock_vq_codes": 8,
  "cclblock_vq_temperature": 1.0,
  "cclblock_dcu_warmup_steps": 0,
  "cclblock_fsi_rotations": 8,
  "cclblock_fsi_selector_dim": 64,
  "cclblock_aesp_strata": 4,
  "cclblock_aesp_delta_rank": 4,
  "cclblock_ckr_branches": 4,
  "cclblock_ckr_kernel_size": 64,
  "cclblock_ckr_pos_channels": 1,
  "cclblock_ckr_dual_optim": 0,
  "cclblock_ckr_content_bias": 0.0,
  "cclblock_giad_rank": 32,
  "cclblock_psg_kernel_size": 64,
  "cclblock_ss_dynamic_ratio": 0.25,
  "cclblock_ss_branches": 2,
  "cclblock_ss_kernel_size": 64,
  "cclblock_lokr_branches": 8,
  "cclblock_lokr_rank": 16,
  "cclblock_ckr_temp_start": 2.0,
  "cclblock_ckr_temp_end": 0.3,
  "cclblock_com_kernel_size": 32,
  "cclblock_ckr_ortho_init": 0,
  "cclblock_ckr_branch_dropout": 0.0,
  "cclblock_ckr_diversity_lambda": 0.0,
  "cclblock_ckr_layer_selective": 0,
  "cclblock_pgr_kernel_size": 64,
  "cclblock_cil_kernel_size": 64,
  "cclblock_prb_kernel_size": 64,
  "p18_layer_drop": 0.0,
  "p18_dynamic_activation": 0,
  "p18_mixture_norm": 0,
  "p18_causal_attn_bias": 0,
  "p18_aux_sim_lambda": 0.0,
  "p18_gradient_penalty": 0.0,
  "p18_per_channel_scale": 0,
  "p19_residual_gate": 0,
  "p19_head_importance": 0,
  "p19_residual_mix_groups": 0,
  "p19_attn_logit_bias": 0,
  "p19_residual_decay": 0,
  "p19_grad_equilibrium": 0.0,
  "p19_spectral_reparam": 0,
  "p19_weight_anticollapse": 0.0,
  "p19_ve_bias": 0,
  "p19_weight_noise": 0.0,
  "p20_hrcs_scale": 0,
  "p20_lswr_scale": 0,
  "p20_lswr_planes": 8,
  "p20_lrcfb_branches": 0,
  "p20_lrcfb_narrow": 0,
  "p20_lrcfb_learned": 0,
  "p20_lrcfb_topk": 0,
  "p20_dgcr_branches": 0,
  "p20_dgcr_aux_weight": 0.01,
  "p20_mone_experts": 0,
  "p20_mone_topk": 0,
  "p20_mone_narrow": 1,
  "p20_mone_frozen": 0,
  "p20_ncea_branches": 0,
  "p20_ncea_eps": 0.1,
  "p20_adwi": 0,
  "p20_pwu_branches": 0,
  "p20_pwu_phase": 1,
  "p20_fsvd_gate": 0,
  "p20_wbfc_clusters": 0,
  "p20_wbfc_active": 0,
  "p21_per_experts": 0,
  "p21_per_topk": 0,
  "p21_per_learned": 0,
  "p21_per_attn": 0,
  "p22_attn_moe_route": "none",
  "p23_tiny_expert": 0,
  "p23_n_experts": 64,
  "p23_topk": 16,
  "p23_learned_route": 0,
  "p23_std_moe_experts": 0,
  "p23_std_moe_topk": -1,
  "p23_std_moe_aux_weight": 0.01,
  "p23_lokr": 0,
  "p23_lokr_rank": 4,
  "p23_use_shared_block_router": 0,
  "p23_linear_moe_experts": 0,
  "p23_linear_moe_topk": 0,
  "p23_quantile_route": 0,
  "remix_shared_context_gates": 0,
  "p24_use_sliced_weight": 0,
  "p24_sliced_weight_reduction_scale": 8,
  "p24_sliced_weight_min_select": 128,
  "p24_sliced_weight_scope": "per_token",
  "p24_sliced_weight_balance_coeff": 0.01,
  "p24_quantile_route": 0,
  "p24_use_folded_mod": 0,
  "p24_folded_mod_reduction_scale": 8,
  "p24_folded_mod_min_dim": 128,
  "p24_folded_mod_scope": "per_layer",
  "p24_folded_mod_gate_act": "tanh_centered",
  "p24_use_sequence_gated_linear": 0,
  "p24_sequence_gated_scope": "per_layer",
  "p24_sequence_gated_act": "tanh_centered",
  "remix_disable_ln_basis": 0,
  "dense_intermediate_ln": 0,
  "use_mol": false,
  "mol_n_blocks": 5,
  "mol_n_shared": 1,
  "mol_topk": 3,
  "mol_thin_dim": 256,
  "mol_head_dim": 64,
  "mol_ffn_mult": 4.0,
  "mol_router_aux": 0.05,
  "mol_routed_attn": "softmax",
  "mol_dispatch": 1,
  "mol_capacity_factor": 1.0,
  "mol_block_lr_scale": 1.0,
  "mol_per_block_ve": 0,
  "use_binary": false,
  "binary_acts": true,
  "binary_weight_scale": "row",
  "binary_act_scale": "token",
  "binary_clip": 1.0,
  "binary_linear": true,
  "binary_embeddings": true,
  "binary_skip": "",
  "binary_native": false,
  "binary_tau": 1.0,
  "binary_hard": false,
  "binary_resid_width": 0,
  "binary_attn_chunk": 256,
  "use_mst": false,
  "mst_n_subs": 8,
  "mst_sub_dim": 64,
  "mst_head_dim": 0,
  "mst_input_mode": "fixed_slice",
  "mst_rotated_slice_learned": false,
  "mst_routing_mode": "soft_weighted",
  "mst_routing_topk": 4,
  "mst_routing_aux_weight": 0.01,
  "mst_diversity_weight": 0.0,
  "mst_ffn_mode": "standard",
  "mst_ffn_every": 1,
  "mst_transition_mode": "parallel",
  "mst_final_mode": "aggregate_proj",
  "mst_final_topk": -1,
  "mst_ffn_shared_up": 0,
  "mst_ffn_inner_dim": 0,
  "mst_sub_dropout": 0.0,
  "mst_transition_every": 1,
  "mst_ffa_temperature": 1.0,
  "mst_global_residual": 0,
  "mst_hybrid_dense": 0,
  "mst_cross_sub_kv": 0,
  "mst_sub_aux_weight": 0.0,
  "mst_progressive_merge": 0,
  "mst_multi_scale_windows": 0,
  "mst_delta_residual": 0,
  "mst_sub_layers": 1,
  "mst_grad_equalize": 0,
  "mst_block_diagonal_muon": 0,
  "mst_transition_width_mult": 1.0,
  "mst_sub_lr_scale": 1.0,
  "mst_shared_expert": 0,
  "mst_router_entropy_weight": 0.0,
  "mst_shared_kv_attn": 0,
  "mst_contrastive_diversity_weight": 0.0,
  "mst_transition_nonlinear": 0,
  "mst_transition_gated": 0,
  "mst_transition_mlp": 0,
  "mst_cross_sub_gate": 0,
  "mst_hyper_connect": 0,
  "mst_cross_kv_inject": 0,
  "mst_slice_transition": 0,
  "mst_lookback_layers": 0,
  "mst_bilinear_transition": 0,
  "mst_cross_sub_qmod": 0,
  "mst_feature_cycle": 0,
  "mst_mean_transition": 0,
  "mst_sub_head_dim": 0,
  "mst_final_norm": 0,
  "mst_per_stream_ve": 0,
  "mst_ve_map": 0,
  "mst_ve_map_rank": 0,
  "mst_lm_head_dim": 0,
  "mst_compose_windows": 0,
  "mst_channel_mix": "none",
  "mst_channel_mix_site": "layer",
  "mst_distribute_block_muon": 0,
  "mst_trans_spectral_lr": 0,
  "mst_talking_heads": 0,
  "mst_wo_mode": "block",
  "mst_stream_topk": 0,
  "mst_stream_shared": 0,
  "mst_stream_router_aux": 0.01,
  "mst_stream_router_noise": 0.0,
  "mst_stream_dispatch": 0,
  "mst_stream_capacity_factor": 1.0,
  "mst_stream_gate_attn": 0,
  "mst_ffn_monarch": "none",
  "mst_shampoo": 0,
  "mst_precond_every": 10,
  "mst_shampoo_beta": 0.95,
  "use_eet": false,
  "eet_frozen_kv": true,
  "eet_reenter_final": false,
  "eet_router_type": "mlp2",
  "eet_router_hidden": 0,
  "eet_freq_prior_alpha": 0.0,
  "eet_pos_prior_beta": 0.0,
  "eet_domain_prior": false,
  "eet_warmup_frac": 0.02,
  "eet_explore_frac": 0.15,
  "eet_reconstruct_lambda": 1.0,
  "eet_efficiency_lambda_start": 0.01,
  "eet_efficiency_lambda_end": 0.1,
  "eet_translator_rank": 0,
  "eet_max_frozen_kv_frac": 0.75,
  "eet_exit_threshold": 0.5,
  "eet_min_exit_layer": 1,
  "eet_loss_variant": "reconstruct",
  "eet_topk_vocab": 512,
  "eet_entropy_lambda": 0.3,
  "eet_surprise_lambda": 0.1,
  "eet_adv_lambda": 1.0,
  "eet_adv_entropy_lambda": 0.2,
  "eet_quality_lambda": 1.0,
  "eet_quality_entropy_bonus": 0.1,
  "eet_gumbel_temp_start": 0.0,
  "eet_gumbel_temp_end": 0.1,
  "eet_gumbel_hard": true,
  "eet_commitment_beta": 0.1,
  "eet_global_router": false,
  "eet_freq_efficiency_alpha": 0.0,
  "eet_diversity_lambda": 0.0,
  "eet_ce_guided_lambda": 1.0,
  "eet_router_lr_mult": 5.0,
  "eet_model_lr_mult": 1.0,
  "eet_depth_weight_type": "none",
  "eet_depth_weight_max": 2.5,
  "eet_use_override": 0,
  "eet_override_prob_start": 0.5,
  "eet_override_prob_end": 0.1,
  "eet_compute_skip": false,
  "eet_target_active_frac": 0.125,
  "eet_capacity_schedule": "bell",
  "eet_exit_fracs": null,
  "eet_capacity_alignment_lambda": 0.0,
  "eet_kv_mode": "none",
  "eet_route_noise": 0.0,
  "eet_route_noise_end": -1.0,
  "eet_coverage_diag": false,
  "deep_supervision_lambda": 0.0,
  "deep_supervision_frac": 0.125,
  "eet_width_power": 0.0,
  "eet_width_cap": 16.0,
  "eet_kv_eager": false,
  "eet_router_task_grad": true,
  "eet_reinforce_interval": 0,
  "eet_reinforce_lambda": 0.1,
  "eet_exit_adapter_rank": 0,
  "eet_router_after_block": 0,
  "eet_ffn_skip": false,
  "eet_ffn_target_frac": 0.5,
  "eet_ffn_full_attn": true,
  "eet_depth_affine": false,
  "eet_capacity_anneal_frac": 0.0,
  "eet_learned_schedule": false,
  "eet_departure_summary": false,
  "eet_route_consistency_lambda": 0.0,
  "eet_dense_distill_interval": 0,
  "eet_dense_distill_lambda": 0.5,
  "eet_depth_lr_scale": false,
  "eet_depth_grad_scale": false,
  "eet_detach_aux_from_backbone": false,
  "eet_detach_exit_from_backbone": false,
  "use_code_head": false,
  "sch_head_type": "code",
  "sch_bits": 0,
  "sch_order": 2,
  "sch_max_m": 0,
  "sch_phi_mode": "monomial",
  "sch_code_mode": "binary",
  "sch_code_path": "",
  "sch_code_ecc_bits": 0,
  "sch_code_seed": 1234,
  "sch_phi_density": 0.0,
  "sch_phi_dtype": "bf16",
  "sch_phi_normalize": 1,
  "sch_phi_center": 0,
  "sch_g_type": "linear",
  "sch_g_hidden": 0,
  "sch_g_layers": 2,
  "sch_g_out_std": 0.001,
  "sch_mixture": 1,
  "sch_residual_rank": 0,
  "sch_logit_act": "none",
  "sch_bias": 0,
  "sch_input_mode": "table",
  "sch_input_hidden": 0,
  "sch_product_groups": 8,
  "sch_product_codebook": 256,
  "sch_product_source": "hash",
  "sch_product_impl": "dense",
  "sch_phi_whiten": 0,
  "sch_mixture_per_phi": 0,
  "sch_mixture_topk": 0,
  "sch_mixture_aux": 0.01,
  "sch_monarch_m1": 0,
  "sch_monarch_perm": "none",
  "sch_monarch_perm_path": "",
  "sch_tier_bounds": "",
  "sch_tier_caps": "",
  "sch_tier_order": "freq",
  "sch_tier_perm_path": "",
  "sch_proposal_rank": 32,
  "sch_proposal_topk": 16384,
  "sch_proposal_samples": 4096,
  "sch_proposal_warmup": 0,
  "sch_proposal_chunk": 2048,
  "sch_proposal_aux": 1.0,
  "sch_nfh_mode": "cp",
  "sch_nfh_rank": 32,
  "sch_nfh_dims": "",
  "sch_nfh_groups": 3,
  "sch_nfh_views": 1,
  "sch_nfh_perm": "none",
  "sch_nfh_perm_path": "",
  "sch_nfh_g_type": "linear",
  "sch_nfh_g_hidden": 0,
  "sch_rerank_mode": "topk",
  "sch_rerank_k": 64,
  "sch_rerank_rank": 32,
  "sch_nfh_smooth": 0,
  "sch_nfh_chunk": 256,
  "sap_block_T": 2,
  "sap_block_mode": "cp",
  "sap_block_frac": 0.015625,
  "sap_lambda": 1.0,
  "sap_head_layers": 2,
  "sap_head_heads": 0,
  "sap_head_mlp_mult": 2,
  "sap_enc_layers": 1,
  "sap_ctx_window": 16,
  "sap_latent_groups": 4,
  "sap_latent_codes": 64,
  "sap_latent_dim": 64,
  "sap_free_bits": 0.25,
  "sap_kl_anneal_steps": 2000,
  "sap_gumbel_tau": 1.0,
  "sap_cp_components": 8,
  "sap_wta_k": 4,
  "sap_u_freqs": 24,
  "sap_u_interior": 0.8,
  "sap_logit_chunk": 8192
}
Seeded weight init with --seed 1
Checkpoints directory: /__modal/volumes/vo-pelh2tULdL7ESlnYAQvaCw/out/s00_sap/d8/SAP_cp_T2_s1
✓ Wrapping model with DistributedDataParallel (rank 0, find_unused_parameters=False, broadcast_buffers=True)
Parameter counts:
wte                     : 16,777,216
wpe                     : 0
value_embeds            : 67,108,864
lm_head                 : 16,777,216
transformer_matrices    : 25,166,336
research                : 4,473,856
scalars                 : 16
total                   : 130,303,504
Estimated FLOPs per token (total):  3.303848e+08
COST_AXES precision=W16A16E16H16 bops_arith=4.2289e+10 energy_pj_per_token=2.6815e+08 inference_MiB=248.53 training_state_MiB=859.00
Estimated FLOPs per token (active): 3.303848e+08
Estimated active params:            130,303,504
[SAP] block head: mode=cp T=2 frac=0.015625 window=16 layers=2 params=10,053,120
Auto-computed optimal batch size: 262,144 tokens
Scaling LRs by 0.7071 for batch size 262,144 (reference: 524,288)
Scaling weight decay from 0.200000 to 0.371230 for depth 8
Scaling the LR for the AdamW parameters ∝1/√(512/768) = 1.224745
Calculated number of iterations from target FLOPs: 1,456
Total number of training tokens: 381,681,664
Tokens : Scaling params ratio: 9.10
Total training FLOPs estimate: 1.261018e+17
Total training FLOPs (active):  1.261018e+17
Total active training FLOPs estimate: 1.261018e+17
Using base scheduler: linear warmup/flat/linear warmdown
Tokens / micro-batch / rank: 128 x 2048 = 262,144
Tokens / micro-batch: 262,144
Total batch size 262,144 => gradient accumulation steps: 1
Running pre-compilation warmup (1 dummy forward+backward to init lazy allocations)...
[rank0]:W1001 22:41:42.915000 56551 site-packages/torch/_logging/_internal.py:1199] [0/0] Profiler function <class 'torch.autograd.profiler.record_function'> will be ignored
Warmup complete. Steady-state VRAM: 5.7 GB allocated
step 00000/01456 (0.00%) | loss: 20.798809 | lrm: 0.14 | lr(adamw:4.992e-02, muon:2.020e-03) | dt: 326.76ms | tok/sec: 802,251 | bf16_mfu: 26.80 | epoch: 1 pq: 0 rg: 1 | total time: 0.00m
step 00100/01456 (6.87%) | loss: 11.183298 | lrm: 1.00 | lr(adamw:3.494e-01, muon:1.414e-02) | dt: 264.76ms | tok/sec: 990,123 | bf16_mfu: 33.08 | epoch: 1 pq: 0 rg: 52 | total time: 0.40m | eta: 6.1m
step 00200/01456 (13.74%) | loss: 10.072086 | lrm: 1.00 | lr(adamw:3.494e-01, muon:1.414e-02) | dt: 266.72ms | tok/sec: 982,858 | bf16_mfu: 32.83 | epoch: 1 pq: 1 rg: 17 | total time: 0.85m | eta: 5.6m
step 00300/01456 (20.60%) | loss: 9.573051 | lrm: 1.00 | lr(adamw:3.494e-01, muon:1.414e-02) | dt: 268.78ms | tok/sec: 975,314 | bf16_mfu: 32.58 | epoch: 1 pq: 1 rg: 65 | total time: 1.29m | eta: 5.2m
step 00400/01456 (27.47%) | loss: 9.249895 | lrm: 1.00 | lr(adamw:3.494e-01, muon:1.414e-02) | dt: 296.74ms | tok/sec: 883,412 | bf16_mfu: 29.51 | epoch: 1 pq: 2 rg: 30 | total time: 1.74m | eta: 4.7m
step 00500/01456 (34.34%) | loss: 9.077770 | lrm: 1.00 | lr(adamw:3.494e-01, muon:1.414e-02) | dt: 266.63ms | tok/sec: 983,161 | bf16_mfu: 32.84 | epoch: 1 pq: 2 rg: 78 | total time: 2.21m | eta: 4.3m
step 00600/01456 (41.21%) | loss: 8.885028 | lrm: 0.91 | lr(adamw:3.178e-01, muon:1.286e-02) | dt: 268.52ms | tok/sec: 976,242 | bf16_mfu: 32.61 | epoch: 1 pq: 3 rg: 43 | total time: 2.66m | eta: 3.9m
step 00700/01456 (48.08%) | loss: 8.689040 | lrm: 0.81 | lr(adamw:2.828e-01, muon:1.144e-02) | dt: 268.65ms | tok/sec: 975,798 | bf16_mfu: 32.60 | epoch: 1 pq: 4 rg: 10 | total time: 3.11m | eta: 3.4m
step 00800/01456 (54.95%) | loss: 8.545375 | lrm: 0.71 | lr(adamw:2.477e-01, muon:1.002e-02) | dt: 266.79ms | tok/sec: 982,570 | bf16_mfu: 32.82 | epoch: 1 pq: 4 rg: 58 | total time: 3.55m | eta: 3.0m
step 00900/01456 (61.81%) | loss: 8.418045 | lrm: 0.61 | lr(adamw:2.126e-01, muon:8.603e-03) | dt: 265.52ms | tok/sec: 987,269 | bf16_mfu: 32.98 | epoch: 1 pq: 5 rg: 24 | total time: 4.00m | eta: 2.5m
step 01000/01456 (68.68%) | loss: 8.289086 | lrm: 0.51 | lr(adamw:1.775e-01, muon:7.183e-03) | dt: 264.21ms | tok/sec: 992,166 | bf16_mfu: 33.14 | epoch: 1 pq: 5 rg: 73 | total time: 4.45m | eta: 2.0m
step 01100/01456 (75.55%) | loss: 8.142915 | lrm: 0.41 | lr(adamw:1.424e-01, muon:5.763e-03) | dt: 266.50ms | tok/sec: 983,661 | bf16_mfu: 32.86 | epoch: 1 pq: 6 rg: 38 | total time: 4.89m | eta: 1.6m
step 01200/01456 (82.42%) | loss: 8.046615 | lrm: 0.31 | lr(adamw:1.073e-01, muon:4.343e-03) | dt: 265.76ms | tok/sec: 986,382 | bf16_mfu: 32.95 | epoch: 1 pq: 7 rg: 4 | total time: 5.34m | eta: 1.1m
step 01300/01456 (89.29%) | loss: 7.902862 | lrm: 0.21 | lr(adamw:7.221e-02, muon:2.923e-03) | dt: 268.45ms | tok/sec: 976,507 | bf16_mfu: 32.62 | epoch: 1 pq: 7 rg: 53 | total time: 5.79m | eta: 0.7m
step 01400/01456 (96.15%) | loss: 7.835149 | lrm: 0.11 | lr(adamw:3.712e-02, muon:1.502e-03) | dt: 272.82ms | tok/sec: 960,881 | bf16_mfu: 32.10 | epoch: 1 pq: 8 rg: 19 | total time: 6.24m | eta: 0.3m
step 01455/01456 (99.93%) | loss: 7.767918 | lrm: 0.05 | lr(adamw:1.782e-02, muon:7.213e-04) | dt: 269.83ms | tok/sec: 971,521 | bf16_mfu: 32.45 | epoch: 1 pq: 8 rg: 46 | total time: 6.48m | eta: 0.0m
/usr/local/lib/python3.12/site-packages/torch/_dynamo/variables/functions.py:1598: UserWarning: Dynamo does not know how to trace the builtin `torch._C._distributed_c10d.pybind11_detail_function_record_v1_system_libstdcpp_gxx_abi_1xxx_use_cxx11_abi_1._broadcast_coalesced.` This function is either a Python builtin (e.g. _warnings.warn) or a third-party C/C++ Python extension (perhaps created with pybind).
If it is a Python builtin, please file an issue on GitHub so the PyTorch team can add support for it and see the next case for a workaround.
If it is a third-party C/C++ Python extension, please either wrap it into a PyTorch-understood custom operator (see https://pytorch.org/tutorials/advanced/custom_ops_landing_page.html for more details) or, if it is traceable, use `torch.compiler.allow_in_graph`.
  torch._dynamo.utils.warn_once(explanation + "\n" + "\n".join(hints))
Step 01456 | Validation bpb: 1.100831 | val_loss: 3.611992
[rank0]: Traceback (most recent call last):
[rank0]:   File "<frozen runpy>", line 198, in _run_module_as_main
[rank0]:   File "<frozen runpy>", line 88, in _run_code
[rank0]:   File "/__modal/volumes/vo-pelh2tULdL7ESlnYAQvaCw/scripts/base_train.py", line 2399, in <module>
[rank0]:     _sap_eval = evaluate_block_bpb(orig_model, build_val_loader(), args.sap_eval_steps, token_bytes)
[rank0]:                 ^^^^^^^^^^^^^^^^^^^^^^^^^^^^^^^^^^^^^^^^^^^^^^^^^^^^^^^^^^^^^^^^^^^^^^^^^^^^^^^^^^^^
[rank0]:   File "/usr/local/lib/python3.12/site-packages/torch/utils/_contextlib.py", line 120, in decorate_context
[rank0]:     return func(*args, **kwargs)
[rank0]:            ^^^^^^^^^^^^^^^^^^^^^
[rank0]:   File "/__modal/volumes/vo-pelh2tULdL7ESlnYAQvaCw/nanochat/block_head.py", line 768, in evaluate_block_bpb
[rank0]:     logits, hid = model(x, return_hidden=True)
[rank0]:                   ^^^^^^^^^^^^^^^^^^^^^^^^^^^^
[rank0]:   File "/usr/local/lib/python3.12/site-packages/torch/nn/modules/module.py", line 1775, in _wrapped_call_impl
[rank0]:     return self._call_impl(*args, **kwargs)
[rank0]:            ^^^^^^^^^^^^^^^^^^^^^^^^^^^^^^^^
[rank0]:   File "/usr/local/lib/python3.12/site-packages/torch/nn/modules/module.py", line 1786, in _call_impl
[rank0]:     return forward_call(*args, **kwargs)
[rank0]:            ^^^^^^^^^^^^^^^^^^^^^^^^^^^^^
[rank0]:   File "/__modal/volumes/vo-pelh2tULdL7ESlnYAQvaCw/nanochat/gpt.py", line 11790, in forward
[rank0]:     logits = softcap * torch.tanh(logits / softcap) # squash the logits
[rank0]:                        ^^^^^^^^^^^^^^^^^^^^^^^^^^^^
[rank0]: torch.OutOfMemoryError: CUDA out of memory. Tried to allocate 32.00 GiB. GPU 0 has a total capacity of 139.80 GiB of which 5.78 GiB is free. Process 1 has 133.97 GiB memory in use. Of the allocated memory 102.55 GiB is allocated by PyTorch, and 30.15 GiB is reserved by PyTorch but unallocated. If reserved but unallocated memory is large try setting PYTORCH_CUDA_ALLOC_CONF=expandable_segments:True to avoid fragmentation.  See documentation for Memory Management  (https://pytorch.org/docs/stable/notes/cuda.html#environment-variables)
[rank0]:[W1001 22:49:39.092041494 ProcessGroupNCCL.cpp:1524] Warning: WARNING: destroy_process_group() was not called before program exit, which can leak resources. For more info, please see https://pytorch.org/docs/stable/distributed.html#shutdown (function operator())
E1001 22:49:41.996000 56545 site-packages/torch/distributed/elastic/multiprocessing/api.py:882] failed (exitcode: 1) local_rank: 0 (pid: 56551) of binary: /usr/local/bin/python
Traceback (most recent call last):
  File "/usr/local/bin/torchrun", line 10, in <module>
    sys.exit(main())
             ^^^^^^
  File "/usr/local/lib/python3.12/site-packages/torch/distributed/elastic/multiprocessing/errors/__init__.py", line 357, in wrapper
    return f(*args, **kwargs)
           ^^^^^^^^^^^^^^^^^^
  File "/usr/local/lib/python3.12/site-packages/torch/distributed/run.py", line 936, in main
    run(args)
  File "/usr/local/lib/python3.12/site-packages/torch/distributed/run.py", line 927, in run
    elastic_launch(
  File "/usr/local/lib/python3.12/site-packages/torch/distributed/launcher/api.py", line 156, in __call__
    return launch_agent(self._config, self._entrypoint, list(args))
           ^^^^^^^^^^^^^^^^^^^^^^^^^^^^^^^^^^^^^^^^^^^^^^^^^^^^^^^^
  File "/usr/local/lib/python3.12/site-packages/torch/distributed/launcher/api.py", line 293, in launch_agent
    raise ChildFailedError(
torch.distributed.elastic.multiprocessing.errors.ChildFailedError: 
============================================================
scripts.base_train FAILED
------------------------------------------------------------
Failures:
  <NO_OTHER_FAILURES>
------------------------------------------------------------
Root Cause (first observed failure):
[0]:
  time      : 2026-10-01_22:49:41
  host      : localhost
  rank      : 0 (local_rank: 0)
  exitcode  : 1 (pid: 56551)
  error_file: <N/A>
  traceback : To enable traceback see: https://pytorch.org/docs/stable/elastic/errors.html
============================================================
2026-10-01 22:49:51,219 - httpx - [32m[1mINFO[0m - HTTP Request: HEAD https://huggingface.co/varunneal/flash-attention-3/resolve/main/kernel-status.toml "HTTP/1.1 404 Not Found"
2026-10-01 22:49:51,320 - httpx - [32m[1mINFO[0m - HTTP Request: GET https://huggingface.co/api/models/varunneal/flash-attention-3/tree/main/build?recursive=false&expand=false "HTTP/1.1 200 OK"
2026-10-01 22:49:51,425 - httpx - [32m[1mINFO[0m - HTTP Request: GET https://huggingface.co/api/models/varunneal/flash-attention-3/revision/main "HTTP/1.1 200 OK"

                                                       █████                █████
                                                      ░░███                ░░███
     ████████    ██████   ████████    ██████   ██████  ░███████    ██████  ███████
    ░░███░░███  ░░░░░███ ░░███░░███  ███░░███ ███░░███ ░███░░███  ░░░░░███░░░███░
     ░███ ░███   ███████  ░███ ░███ ░███ ░███░███ ░░░  ░███ ░███   ███████  ░███
     ░███ ░███  ███░░███  ░███ ░███ ░███ ░███░███  ███ ░███ ░███  ███░░███  ░███ ███
     ████ █████░░████████ ████ █████░░██████ ░░██████  ████ █████░░███████  ░░█████
    ░░░░ ░░░░░  ░░░░░░░░ ░░░░ ░░░░░  ░░░░░░   ░░░░░░  ░░░░ ░░░░░  ░░░░░░░░   ░░░░░
    
Autodetected device type: cuda
2026-10-01 22:49:52,996 - nanochat.common - [32m[1mINFO[0m - Distributed world size: 1
Device: cuda (ddp=True, world_size=1)
GPU: NVIDIA H200 | Peak FLOPS (BF16): 9.89e+14
COMPUTE_DTYPE: torch.bfloat16 (auto-detected: CUDA SM 90 (bf16 supported))
✓ Using Flash Attention 3 (Hopper GPU detected) — efficient and fast.
Vocab size: 32,768
[SAP] block head: mode=local T=2 frac=0.0625 window=16 layers=2 params=4,727,808
Model config:
{
  "sequence_len": 2048,
  "vocab_size": 32768,
  "n_layer": 8,
  "n_head": 4,
  "n_kv_head": 4,
  "n_embd": 512,
  "use_moe": false,
  "use_perm": false,
  "moe_num_experts": 8,
  "moe_router_dim": 64,
  "moe_embed_dim": 64,
  "dropout": 0.0,
  "use_remix_linear": false,
  "remix_context_dim": 64,
  "remix_context_dim_ratio": 6,
  "remix_basis_size": 64,
  "remix_output_gate_rank": 16,
  "remixed_linear_kwargs": {
    "use_basis_gate": true,
    "use_output_gate": true,
    "use_context": true,
    "basis_gate_mode": "mlp",
    "sparse_gate_k": 0,
    "gate_temperature": 1.0,
    "basis_scale_factor": 4,
    "n_templates": 1,
    "template_routing_learned": false,
    "template_topk": 0,
    "tiny_expert": false,
    "tiny_expert_topk": 16,
    "lokr_expert": false,
    "lokr_n_experts": 64,
    "lokr_topk": 16,
    "lokr_rank": 4,
    "lokr_learned": false,
    "basis_gate_rank": 8,
    "disable_ln_basis": false,
    "chunk_route_impl": "compose",
    "top1_gate": "ones",
    "template_delta_rank": 0,
    "route_side": "output",
    "drop_basis_proj": false,
    "basis_side_templates": 0,
    "grad_equalize": false,
    "output_gate_rank": 16,
    "operator_modulation": "none",
    "lie_generators": 4,
    "poly_order": 2,
    "grassmann_bank_size": 4
  },
  "use_pos_embed": false,
  "moe_use_abs_pos_embed": false,
  "use_layer_context": true,
  "scale_basis_size": true,
  "remix_use_dual_gate": false,
  "remix_use_fused": false,
  "p26_output_gated_linear": 0,
  "p28_shared_basis": 0,
  "p28_chunk_routing_size": 0,
  "p28_global_template_bank": "none",
  "p28_attn_proj_templates": 0,
  "p28_attn_qk_templates": 0,
  "p29_template_block_diag": 0,
  "p29_template_lr_scale": 1.0,
  "p29_grad_equalize": 0,
  "p34_ffn_mult": 4.0,
  "p34_ffn_single": 0,
  "p34_dense_attn": 0,
  "legacy_init_fallback": 0,
  "p35_template_diversity_lambda": 0.0,
  "p22_route_affine": 0,
  "p34_ffn_schedule": "",
  "p34_ffn_no_ffn_replacement": "none",
  "p34_ffn_last_depth": 1,
  "p36_swiglu_ffn": 0,
  "p36_swiglu_mult": 2.6666666666666665,
  "cond_sites": "both",
  "cond_rank": 256,
  "cond_mult_steps": 0,
  "cond_gate_source": "router",
  "cond_coeff_act": "centered",
  "cond_router_rank": 0,
  "cond_live_init": 0.0,
  "cond_router_act": "none",
  "cond_chunk_size": 0,
  "cond_mult_scale": -1.0,
  "cond_mult_impl": "wy",
  "cond_attn_projs": "qkvo",
  "cond_layer_frac": 1.0,
  "perm_expert_mode": "low_rank",
  "perm_rank": 16,
  "router_context_window": -1,
  "router_causal": true,
  "router_num_heads": 4,
  "router_num_queries": 16,
  "router_n_layers": 2,
  "router_use_vocab_prior": false,
  "window_pattern": "SSSL",
  "cclblock_modulation": "weight",
  "cclblock_orth_lambda": 0.0,
  "cclblock_context_stream": "local",
  "cclblock_ema_factor": 0.99,
  "cclblock_stale_ctx_lag": 0,
  "cclblock_sparse_gate_k": 0,
  "cclblock_gate_temperature": 1.0,
  "cclblock_context_bank_size": 0,
  "cclblock_per_head_ctx": false,
  "cclblock_context_source": "norm_x",
  "cclblock_chunk_size": 0,
  "cclblock_aux_objective": "none",
  "cclblock_aux_lambda": 0.1,
  "cclblock_boundary_token_id": 198,
  "use_ral": false,
  "ral_rank": 32,
  "cclblock_film_gate": false,
  "cclblock_attn_shadow_dim": 0,
  "cclblock_dynamic_ratio": 0.25,
  "cclblock_gate_rank": 8,
  "cclblock_num_regimes": 8,
  "cclblock_regime_temperature": 1.0,
  "cclblock_poly_order": 2,
  "cclblock_lie_generators": 4,
  "cclblock_grassmann_bank_size": 4,
  "cclblock_tucker_rank": 32,
  "cclblock_tucker_modes": 8,
  "cclblock_svs_rank": 64,
  "cclblock_svs_eps": 0.1,
  "cclblock_vq_codes": 8,
  "cclblock_vq_temperature": 1.0,
  "cclblock_dcu_warmup_steps": 0,
  "cclblock_fsi_rotations": 8,
  "cclblock_fsi_selector_dim": 64,
  "cclblock_aesp_strata": 4,
  "cclblock_aesp_delta_rank": 4,
  "cclblock_ckr_branches": 4,
  "cclblock_ckr_kernel_size": 64,
  "cclblock_ckr_pos_channels": 1,
  "cclblock_ckr_dual_optim": 0,
  "cclblock_ckr_content_bias": 0.0,
  "cclblock_giad_rank": 32,
  "cclblock_psg_kernel_size": 64,
  "cclblock_ss_dynamic_ratio": 0.25,
  "cclblock_ss_branches": 2,
  "cclblock_ss_kernel_size": 64,
  "cclblock_lokr_branches": 8,
  "cclblock_lokr_rank": 16,
  "cclblock_ckr_temp_start": 2.0,
  "cclblock_ckr_temp_end": 0.3,
  "cclblock_com_kernel_size": 32,
  "cclblock_ckr_ortho_init": 0,
  "cclblock_ckr_branch_dropout": 0.0,
  "cclblock_ckr_diversity_lambda": 0.0,
  "cclblock_ckr_layer_selective": 0,
  "cclblock_pgr_kernel_size": 64,
  "cclblock_cil_kernel_size": 64,
  "cclblock_prb_kernel_size": 64,
  "p18_layer_drop": 0.0,
  "p18_dynamic_activation": 0,
  "p18_mixture_norm": 0,
  "p18_causal_attn_bias": 0,
  "p18_aux_sim_lambda": 0.0,
  "p18_gradient_penalty": 0.0,
  "p18_per_channel_scale": 0,
  "p19_residual_gate": 0,
  "p19_head_importance": 0,
  "p19_residual_mix_groups": 0,
  "p19_attn_logit_bias": 0,
  "p19_residual_decay": 0,
  "p19_grad_equilibrium": 0.0,
  "p19_spectral_reparam": 0,
  "p19_weight_anticollapse": 0.0,
  "p19_ve_bias": 0,
  "p19_weight_noise": 0.0,
  "p20_hrcs_scale": 0,
  "p20_lswr_scale": 0,
  "p20_lswr_planes": 8,
  "p20_lrcfb_branches": 0,
  "p20_lrcfb_narrow": 0,
  "p20_lrcfb_learned": 0,
  "p20_lrcfb_topk": 0,
  "p20_dgcr_branches": 0,
  "p20_dgcr_aux_weight": 0.01,
  "p20_mone_experts": 0,
  "p20_mone_topk": 0,
  "p20_mone_narrow": 1,
  "p20_mone_frozen": 0,
  "p20_ncea_branches": 0,
  "p20_ncea_eps": 0.1,
  "p20_adwi": 0,
  "p20_pwu_branches": 0,
  "p20_pwu_phase": 1,
  "p20_fsvd_gate": 0,
  "p20_wbfc_clusters": 0,
  "p20_wbfc_active": 0,
  "p21_per_experts": 0,
  "p21_per_topk": 0,
  "p21_per_learned": 0,
  "p21_per_attn": 0,
  "p22_attn_moe_route": "none",
  "p23_tiny_expert": 0,
  "p23_n_experts": 64,
  "p23_topk": 16,
  "p23_learned_route": 0,
  "p23_std_moe_experts": 0,
  "p23_std_moe_topk": -1,
  "p23_std_moe_aux_weight": 0.01,
  "p23_lokr": 0,
  "p23_lokr_rank": 4,
  "p23_use_shared_block_router": 0,
  "p23_linear_moe_experts": 0,
  "p23_linear_moe_topk": 0,
  "p23_quantile_route": 0,
  "remix_shared_context_gates": 0,
  "p24_use_sliced_weight": 0,
  "p24_sliced_weight_reduction_scale": 8,
  "p24_sliced_weight_min_select": 128,
  "p24_sliced_weight_scope": "per_token",
  "p24_sliced_weight_balance_coeff": 0.01,
  "p24_quantile_route": 0,
  "p24_use_folded_mod": 0,
  "p24_folded_mod_reduction_scale": 8,
  "p24_folded_mod_min_dim": 128,
  "p24_folded_mod_scope": "per_layer",
  "p24_folded_mod_gate_act": "tanh_centered",
  "p24_use_sequence_gated_linear": 0,
  "p24_sequence_gated_scope": "per_layer",
  "p24_sequence_gated_act": "tanh_centered",
  "remix_disable_ln_basis": 0,
  "dense_intermediate_ln": 0,
  "use_mol": false,
  "mol_n_blocks": 5,
  "mol_n_shared": 1,
  "mol_topk": 3,
  "mol_thin_dim": 256,
  "mol_head_dim": 64,
  "mol_ffn_mult": 4.0,
  "mol_router_aux": 0.05,
  "mol_routed_attn": "softmax",
  "mol_dispatch": 1,
  "mol_capacity_factor": 1.0,
  "mol_block_lr_scale": 1.0,
  "mol_per_block_ve": 0,
  "use_binary": false,
  "binary_acts": true,
  "binary_weight_scale": "row",
  "binary_act_scale": "token",
  "binary_clip": 1.0,
  "binary_linear": true,
  "binary_embeddings": true,
  "binary_skip": "",
  "binary_native": false,
  "binary_tau": 1.0,
  "binary_hard": false,
  "binary_resid_width": 0,
  "binary_attn_chunk": 256,
  "use_mst": false,
  "mst_n_subs": 8,
  "mst_sub_dim": 64,
  "mst_head_dim": 0,
  "mst_input_mode": "fixed_slice",
  "mst_rotated_slice_learned": false,
  "mst_routing_mode": "soft_weighted",
  "mst_routing_topk": 4,
  "mst_routing_aux_weight": 0.01,
  "mst_diversity_weight": 0.0,
  "mst_ffn_mode": "standard",
  "mst_ffn_every": 1,
  "mst_transition_mode": "parallel",
  "mst_final_mode": "aggregate_proj",
  "mst_final_topk": -1,
  "mst_ffn_shared_up": 0,
  "mst_ffn_inner_dim": 0,
  "mst_sub_dropout": 0.0,
  "mst_transition_every": 1,
  "mst_ffa_temperature": 1.0,
  "mst_global_residual": 0,
  "mst_hybrid_dense": 0,
  "mst_cross_sub_kv": 0,
  "mst_sub_aux_weight": 0.0,
  "mst_progressive_merge": 0,
  "mst_multi_scale_windows": 0,
  "mst_delta_residual": 0,
  "mst_sub_layers": 1,
  "mst_grad_equalize": 0,
  "mst_block_diagonal_muon": 0,
  "mst_transition_width_mult": 1.0,
  "mst_sub_lr_scale": 1.0,
  "mst_shared_expert": 0,
  "mst_router_entropy_weight": 0.0,
  "mst_shared_kv_attn": 0,
  "mst_contrastive_diversity_weight": 0.0,
  "mst_transition_nonlinear": 0,
  "mst_transition_gated": 0,
  "mst_transition_mlp": 0,
  "mst_cross_sub_gate": 0,
  "mst_hyper_connect": 0,
  "mst_cross_kv_inject": 0,
  "mst_slice_transition": 0,
  "mst_lookback_layers": 0,
  "mst_bilinear_transition": 0,
  "mst_cross_sub_qmod": 0,
  "mst_feature_cycle": 0,
  "mst_mean_transition": 0,
  "mst_sub_head_dim": 0,
  "mst_final_norm": 0,
  "mst_per_stream_ve": 0,
  "mst_ve_map": 0,
  "mst_ve_map_rank": 0,
  "mst_lm_head_dim": 0,
  "mst_compose_windows": 0,
  "mst_channel_mix": "none",
  "mst_channel_mix_site": "layer",
  "mst_distribute_block_muon": 0,
  "mst_trans_spectral_lr": 0,
  "mst_talking_heads": 0,
  "mst_wo_mode": "block",
  "mst_stream_topk": 0,
  "mst_stream_shared": 0,
  "mst_stream_router_aux": 0.01,
  "mst_stream_router_noise": 0.0,
  "mst_stream_dispatch": 0,
  "mst_stream_capacity_factor": 1.0,
  "mst_stream_gate_attn": 0,
  "mst_ffn_monarch": "none",
  "mst_shampoo": 0,
  "mst_precond_every": 10,
  "mst_shampoo_beta": 0.95,
  "use_eet": false,
  "eet_frozen_kv": true,
  "eet_reenter_final": false,
  "eet_router_type": "mlp2",
  "eet_router_hidden": 0,
  "eet_freq_prior_alpha": 0.0,
  "eet_pos_prior_beta": 0.0,
  "eet_domain_prior": false,
  "eet_warmup_frac": 0.02,
  "eet_explore_frac": 0.15,
  "eet_reconstruct_lambda": 1.0,
  "eet_efficiency_lambda_start": 0.01,
  "eet_efficiency_lambda_end": 0.1,
  "eet_translator_rank": 0,
  "eet_max_frozen_kv_frac": 0.75,
  "eet_exit_threshold": 0.5,
  "eet_min_exit_layer": 1,
  "eet_loss_variant": "reconstruct",
  "eet_topk_vocab": 512,
  "eet_entropy_lambda": 0.3,
  "eet_surprise_lambda": 0.1,
  "eet_adv_lambda": 1.0,
  "eet_adv_entropy_lambda": 0.2,
  "eet_quality_lambda": 1.0,
  "eet_quality_entropy_bonus": 0.1,
  "eet_gumbel_temp_start": 0.0,
  "eet_gumbel_temp_end": 0.1,
  "eet_gumbel_hard": true,
  "eet_commitment_beta": 0.1,
  "eet_global_router": false,
  "eet_freq_efficiency_alpha": 0.0,
  "eet_diversity_lambda": 0.0,
  "eet_ce_guided_lambda": 1.0,
  "eet_router_lr_mult": 5.0,
  "eet_model_lr_mult": 1.0,
  "eet_depth_weight_type": "none",
  "eet_depth_weight_max": 2.5,
  "eet_use_override": 0,
  "eet_override_prob_start": 0.5,
  "eet_override_prob_end": 0.1,
  "eet_compute_skip": false,
  "eet_target_active_frac": 0.125,
  "eet_capacity_schedule": "bell",
  "eet_exit_fracs": null,
  "eet_capacity_alignment_lambda": 0.0,
  "eet_kv_mode": "none",
  "eet_route_noise": 0.0,
  "eet_route_noise_end": -1.0,
  "eet_coverage_diag": false,
  "deep_supervision_lambda": 0.0,
  "deep_supervision_frac": 0.125,
  "eet_width_power": 0.0,
  "eet_width_cap": 16.0,
  "eet_kv_eager": false,
  "eet_router_task_grad": true,
  "eet_reinforce_interval": 0,
  "eet_reinforce_lambda": 0.1,
  "eet_exit_adapter_rank": 0,
  "eet_router_after_block": 0,
  "eet_ffn_skip": false,
  "eet_ffn_target_frac": 0.5,
  "eet_ffn_full_attn": true,
  "eet_depth_affine": false,
  "eet_capacity_anneal_frac": 0.0,
  "eet_learned_schedule": false,
  "eet_departure_summary": false,
  "eet_route_consistency_lambda": 0.0,
  "eet_dense_distill_interval": 0,
  "eet_dense_distill_lambda": 0.5,
  "eet_depth_lr_scale": false,
  "eet_depth_grad_scale": false,
  "eet_detach_aux_from_backbone": false,
  "eet_detach_exit_from_backbone": false,
  "use_code_head": false,
  "sch_head_type": "code",
  "sch_bits": 0,
  "sch_order": 2,
  "sch_max_m": 0,
  "sch_phi_mode": "monomial",
  "sch_code_mode": "binary",
  "sch_code_path": "",
  "sch_code_ecc_bits": 0,
  "sch_code_seed": 1234,
  "sch_phi_density": 0.0,
  "sch_phi_dtype": "bf16",
  "sch_phi_normalize": 1,
  "sch_phi_center": 0,
  "sch_g_type": "linear",
  "sch_g_hidden": 0,
  "sch_g_layers": 2,
  "sch_g_out_std": 0.001,
  "sch_mixture": 1,
  "sch_residual_rank": 0,
  "sch_logit_act": "none",
  "sch_bias": 0,
  "sch_input_mode": "table",
  "sch_input_hidden": 0,
  "sch_product_groups": 8,
  "sch_product_codebook": 256,
  "sch_product_source": "hash",
  "sch_product_impl": "dense",
  "sch_phi_whiten": 0,
  "sch_mixture_per_phi": 0,
  "sch_mixture_topk": 0,
  "sch_mixture_aux": 0.01,
  "sch_monarch_m1": 0,
  "sch_monarch_perm": "none",
  "sch_monarch_perm_path": "",
  "sch_tier_bounds": "",
  "sch_tier_caps": "",
  "sch_tier_order": "freq",
  "sch_tier_perm_path": "",
  "sch_proposal_rank": 32,
  "sch_proposal_topk": 16384,
  "sch_proposal_samples": 4096,
  "sch_proposal_warmup": 0,
  "sch_proposal_chunk": 2048,
  "sch_proposal_aux": 1.0,
  "sch_nfh_mode": "cp",
  "sch_nfh_rank": 32,
  "sch_nfh_dims": "",
  "sch_nfh_groups": 3,
  "sch_nfh_views": 1,
  "sch_nfh_perm": "none",
  "sch_nfh_perm_path": "",
  "sch_nfh_g_type": "linear",
  "sch_nfh_g_hidden": 0,
  "sch_rerank_mode": "topk",
  "sch_rerank_k": 64,
  "sch_rerank_rank": 32,
  "sch_nfh_smooth": 0,
  "sch_nfh_chunk": 256,
  "sap_block_T": 2,
  "sap_block_mode": "local",
  "sap_block_frac": 0.0625,
  "sap_lambda": 1.0,
  "sap_head_layers": 2,
  "sap_head_heads": 0,
  "sap_head_mlp_mult": 2,
  "sap_enc_layers": 1,
  "sap_ctx_window": 16,
  "sap_latent_groups": 4,
  "sap_latent_codes": 64,
  "sap_latent_dim": 64,
  "sap_free_bits": 0.25,
  "sap_kl_anneal_steps": 2000,
  "sap_gumbel_tau": 1.0,
  "sap_cp_components": 8,
  "sap_wta_k": 4,
  "sap_u_freqs": 24,
  "sap_u_interior": 0.8,
  "sap_logit_chunk": 8192
}
Seeded weight init with --seed 1
Checkpoints directory: /__modal/volumes/vo-pelh2tULdL7ESlnYAQvaCw/out/s00_sap/d8/SAP_local_T2_s1
✓ Wrapping model with DistributedDataParallel (rank 0, find_unused_parameters=False, broadcast_buffers=True)
Parameter counts:
wte                     : 16,777,216
wpe                     : 0
value_embeds            : 67,108,864
lm_head                 : 16,777,216
transformer_matrices    : 25,166,336
research                : 4,727,808
scalars                 : 16
total                   : 130,557,456
Estimated FLOPs per token (total):  3.086070e+08
COST_AXES precision=W16A16E16H16 bops_arith=3.9502e+10 energy_pj_per_token=2.5185e+08 inference_MiB=249.02 training_state_MiB=860.67
Estimated FLOPs per token (active): 3.086070e+08
Estimated active params:            130,557,456
[SAP] block head: mode=local T=2 frac=0.0625 window=16 layers=2 params=10,630,656
Auto-computed optimal batch size: 262,144 tokens
Scaling LRs by 0.7071 for batch size 262,144 (reference: 524,288)
Scaling weight decay from 0.200000 to 0.371230 for depth 8
Scaling the LR for the AdamW parameters ∝1/√(512/768) = 1.224745
Calculated number of iterations from target FLOPs: 1,558
Total number of training tokens: 408,420,352
Tokens : Scaling params ratio: 9.74
Total training FLOPs estimate: 1.260414e+17
Total training FLOPs (active):  1.260414e+17
Total active training FLOPs estimate: 1.260414e+17
Using base scheduler: linear warmup/flat/linear warmdown
Tokens / micro-batch / rank: 128 x 2048 = 262,144
Tokens / micro-batch: 262,144
Total batch size 262,144 => gradient accumulation steps: 1
Running pre-compilation warmup (1 dummy forward+backward to init lazy allocations)...
[rank0]:W1001 22:49:53.736000 17206 site-packages/torch/_logging/_internal.py:1199] [0/0] Profiler function <class 'torch.autograd.profiler.record_function'> will be ignored
Warmup complete. Steady-state VRAM: 5.9 GB allocated
step 00000/01558 (0.00%) | loss: 20.798059 | lrm: 0.12 | lr(adamw:4.368e-02, muon:1.768e-03) | dt: 309.74ms | tok/sec: 846,338 | bf16_mfu: 26.41 | epoch: 1 pq: 0 rg: 1 | total time: 0.00m
step 00100/01558 (6.42%) | loss: 10.305048 | lrm: 1.00 | lr(adamw:3.494e-01, muon:1.414e-02) | dt: 237.52ms | tok/sec: 1,103,676 | bf16_mfu: 34.44 | epoch: 1 pq: 0 rg: 52 | total time: 0.36m | eta: 5.8m
step 00200/01558 (12.84%) | loss: 9.003032 | lrm: 1.00 | lr(adamw:3.494e-01, muon:1.414e-02) | dt: 240.03ms | tok/sec: 1,092,110 | bf16_mfu: 34.08 | epoch: 1 pq: 1 rg: 17 | total time: 0.76m | eta: 5.4m
step 00300/01558 (19.26%) | loss: 8.505319 | lrm: 1.00 | lr(adamw:3.494e-01, muon:1.414e-02) | dt: 236.06ms | tok/sec: 1,110,474 | bf16_mfu: 34.65 | epoch: 1 pq: 1 rg: 65 | total time: 1.16m | eta: 5.0m
step 00400/01558 (25.67%) | loss: 8.201345 | lrm: 1.00 | lr(adamw:3.494e-01, muon:1.414e-02) | dt: 240.20ms | tok/sec: 1,091,339 | bf16_mfu: 34.05 | epoch: 1 pq: 2 rg: 30 | total time: 1.56m | eta: 4.6m
step 00500/01558 (32.09%) | loss: 8.035959 | lrm: 1.00 | lr(adamw:3.494e-01, muon:1.414e-02) | dt: 238.82ms | tok/sec: 1,097,682 | bf16_mfu: 34.25 | epoch: 1 pq: 2 rg: 78 | total time: 1.96m | eta: 4.2m
step 00600/01558 (38.51%) | loss: 7.871473 | lrm: 0.95 | lr(adamw:3.314e-01, muon:1.341e-02) | dt: 233.93ms | tok/sec: 1,120,627 | bf16_mfu: 34.97 | epoch: 1 pq: 3 rg: 43 | total time: 2.36m | eta: 3.8m
step 00700/01558 (44.93%) | loss: 7.701534 | lrm: 0.85 | lr(adamw:2.986e-01, muon:1.209e-02) | dt: 238.20ms | tok/sec: 1,100,530 | bf16_mfu: 34.34 | epoch: 1 pq: 4 rg: 10 | total time: 2.76m | eta: 3.4m
step 00800/01558 (51.35%) | loss: 7.582710 | lrm: 0.76 | lr(adamw:2.659e-01, muon:1.076e-02) | dt: 235.83ms | tok/sec: 1,111,602 | bf16_mfu: 34.69 | epoch: 1 pq: 4 rg: 58 | total time: 3.16m | eta: 3.0m
step 00900/01558 (57.77%) | loss: 7.473742 | lrm: 0.67 | lr(adamw:2.331e-01, muon:9.434e-03) | dt: 240.07ms | tok/sec: 1,091,959 | bf16_mfu: 34.07 | epoch: 1 pq: 5 rg: 24 | total time: 3.56m | eta: 2.6m
step 01000/01558 (64.18%) | loss: 7.357220 | lrm: 0.57 | lr(adamw:2.003e-01, muon:8.108e-03) | dt: 235.20ms | tok/sec: 1,114,566 | bf16_mfu: 34.78 | epoch: 1 pq: 5 rg: 73 | total time: 3.96m | eta: 2.2m
step 01100/01558 (70.60%) | loss: 7.257798 | lrm: 0.48 | lr(adamw:1.676e-01, muon:6.781e-03) | dt: 239.42ms | tok/sec: 1,094,921 | bf16_mfu: 34.17 | epoch: 1 pq: 6 rg: 38 | total time: 4.36m | eta: 1.8m
step 01200/01558 (77.02%) | loss: 7.183094 | lrm: 0.39 | lr(adamw:1.348e-01, muon:5.455e-03) | dt: 241.80ms | tok/sec: 1,084,138 | bf16_mfu: 33.83 | epoch: 1 pq: 7 rg: 4 | total time: 4.76m | eta: 1.4m
step 01300/01558 (83.44%) | loss: 7.063043 | lrm: 0.29 | lr(adamw:1.020e-01, muon:4.129e-03) | dt: 241.11ms | tok/sec: 1,087,239 | bf16_mfu: 33.93 | epoch: 1 pq: 7 rg: 53 | total time: 5.16m | eta: 1.0m
step 01400/01558 (89.86%) | loss: 7.003220 | lrm: 0.20 | lr(adamw:6.925e-02, muon:2.803e-03) | dt: 241.72ms | tok/sec: 1,084,497 | bf16_mfu: 33.84 | epoch: 1 pq: 8 rg: 19 | total time: 5.56m | eta: 0.6m
step 01500/01558 (96.28%) | loss: 6.921303 | lrm: 0.10 | lr(adamw:3.648e-02, muon:1.476e-03) | dt: 240.47ms | tok/sec: 1,090,141 | bf16_mfu: 34.02 | epoch: 1 pq: 8 rg: 68 | total time: 5.96m | eta: 0.2m
step 01557/01558 (99.94%) | loss: 6.905454 | lrm: 0.05 | lr(adamw:1.780e-02, muon:7.204e-04) | dt: 242.63ms | tok/sec: 1,080,424 | bf16_mfu: 33.71 | epoch: 1 pq: 9 rg: 13 | total time: 6.19m | eta: 0.0m
/usr/local/lib/python3.12/site-packages/torch/_dynamo/variables/functions.py:1598: UserWarning: Dynamo does not know how to trace the builtin `torch._C._distributed_c10d.pybind11_detail_function_record_v1_system_libstdcpp_gxx_abi_1xxx_use_cxx11_abi_1._broadcast_coalesced.` This function is either a Python builtin (e.g. _warnings.warn) or a third-party C/C++ Python extension (perhaps created with pybind).
If it is a Python builtin, please file an issue on GitHub so the PyTorch team can add support for it and see the next case for a workaround.
If it is a third-party C/C++ Python extension, please either wrap it into a PyTorch-understood custom operator (see https://pytorch.org/tutorials/advanced/custom_ops_landing_page.html for more details) or, if it is traceable, use `torch.compiler.allow_in_graph`.
  torch._dynamo.utils.warn_once(explanation + "\n" + "\n".join(hints))
Step 01558 | Validation bpb: 1.023993 | val_loss: 3.359877
[rank0]: Traceback (most recent call last):
[rank0]:   File "<frozen runpy>", line 198, in _run_module_as_main
[rank0]:   File "<frozen runpy>", line 88, in _run_code
[rank0]:   File "/__modal/volumes/vo-pelh2tULdL7ESlnYAQvaCw/scripts/base_train.py", line 2399, in <module>
[rank0]:     _sap_eval = evaluate_block_bpb(orig_model, build_val_loader(), args.sap_eval_steps, token_bytes)
[rank0]:                 ^^^^^^^^^^^^^^^^^^^^^^^^^^^^^^^^^^^^^^^^^^^^^^^^^^^^^^^^^^^^^^^^^^^^^^^^^^^^^^^^^^^^
[rank0]:   File "/usr/local/lib/python3.12/site-packages/torch/utils/_contextlib.py", line 120, in decorate_context
[rank0]:     return func(*args, **kwargs)
[rank0]:            ^^^^^^^^^^^^^^^^^^^^^
[rank0]:   File "/__modal/volumes/vo-pelh2tULdL7ESlnYAQvaCw/nanochat/block_head.py", line 768, in evaluate_block_bpb
[rank0]:     logits, hid = model(x, return_hidden=True)
[rank0]:                   ^^^^^^^^^^^^^^^^^^^^^^^^^^^^
[rank0]:   File "/usr/local/lib/python3.12/site-packages/torch/nn/modules/module.py", line 1775, in _wrapped_call_impl
[rank0]:     return self._call_impl(*args, **kwargs)
[rank0]:            ^^^^^^^^^^^^^^^^^^^^^^^^^^^^^^^^
[rank0]:   File "/usr/local/lib/python3.12/site-packages/torch/nn/modules/module.py", line 1786, in _call_impl
[rank0]:     return forward_call(*args, **kwargs)
[rank0]:            ^^^^^^^^^^^^^^^^^^^^^^^^^^^^^
[rank0]:   File "/__modal/volumes/vo-pelh2tULdL7ESlnYAQvaCw/nanochat/gpt.py", line 11790, in forward
[rank0]:     logits = softcap * torch.tanh(logits / softcap) # squash the logits
[rank0]:                        ^^^^^^^^^^^^^^^^^^^^^^^^^^^^
[rank0]: torch.OutOfMemoryError: CUDA out of memory. Tried to allocate 32.00 GiB. GPU 0 has a total capacity of 139.80 GiB of which 5.53 GiB is free. Process 1 has 134.23 GiB memory in use. Of the allocated memory 102.56 GiB is allocated by PyTorch, and 30.40 GiB is reserved by PyTorch but unallocated. If reserved but unallocated memory is large try setting PYTORCH_CUDA_ALLOC_CONF=expandable_segments:True to avoid fragmentation.  See documentation for Memory Management  (https://pytorch.org/docs/stable/notes/cuda.html#environment-variables)
[rank0]:[W1001 22:57:30.787453139 ProcessGroupNCCL.cpp:1524] Warning: WARNING: destroy_process_group() was not called before program exit, which can leak resources. For more info, please see https://pytorch.org/docs/stable/distributed.html#shutdown (function operator())
E1001 22:57:32.828000 17200 site-packages/torch/distributed/elastic/multiprocessing/api.py:882] failed (exitcode: 1) local_rank: 0 (pid: 17206) of binary: /usr/local/bin/python
Traceback (most recent call last):
  File "/usr/local/bin/torchrun", line 10, in <module>
    sys.exit(main())
             ^^^^^^
  File "/usr/local/lib/python3.12/site-packages/torch/distributed/elastic/multiprocessing/errors/__init__.py", line 357, in wrapper
    return f(*args, **kwargs)
           ^^^^^^^^^^^^^^^^^^
  File "/usr/local/lib/python3.12/site-packages/torch/distributed/run.py", line 936, in main
    run(args)
  File "/usr/local/lib/python3.12/site-packages/torch/distributed/run.py", line 927, in run
    elastic_launch(
  File "/usr/local/lib/python3.12/site-packages/torch/distributed/launcher/api.py", line 156, in __call__
    return launch_agent(self._config, self._entrypoint, list(args))
           ^^^^^^^^^^^^^^^^^^^^^^^^^^^^^^^^^^^^^^^^^^^^^^^^^^^^^^^^
  File "/usr/local/lib/python3.12/site-packages/torch/distributed/launcher/api.py", line 293, in launch_agent
    raise ChildFailedError(
torch.distributed.elastic.multiprocessing.errors.ChildFailedError: 
============================================================
scripts.base_train FAILED
------------------------------------------------------------
Failures:
  <NO_OTHER_FAILURES>
------------------------------------------------------------
Root Cause (first observed failure):
[0]:
  time      : 2026-10-01_22:57:32
  host      : localhost
  rank      : 0 (local_rank: 0)
  exitcode  : 1 (pid: 17206)
  error_file: <N/A>
  traceback : To enable traceback see: https://pytorch.org/docs/stable/elastic/errors.html
============================================================
2026-10-01 22:57:41,106 - httpx - [32m[1mINFO[0m - HTTP Request: HEAD https://huggingface.co/varunneal/flash-attention-3/resolve/main/kernel-status.toml "HTTP/1.1 404 Not Found"
2026-10-01 22:57:41,223 - httpx - [32m[1mINFO[0m - HTTP Request: GET https://huggingface.co/api/models/varunneal/flash-attention-3/tree/main/build?recursive=false&expand=false "HTTP/1.1 200 OK"
2026-10-01 22:57:41,327 - httpx - [32m[1mINFO[0m - HTTP Request: GET https://huggingface.co/api/models/varunneal/flash-attention-3/revision/main "HTTP/1.1 200 OK"

                                                       █████                █████
                                                      ░░███                ░░███
     ████████    ██████   ████████    ██████   ██████  ░███████    ██████  ███████
    ░░███░░███  ░░░░░███ ░░███░░███  ███░░███ ███░░███ ░███░░███  ░░░░░███░░░███░
     ░███ ░███   ███████  ░███ ░███ ░███ ░███░███ ░░░  ░███ ░███   ███████  ░███
     ░███ ░███  ███░░███  ░███ ░███ ░███ ░███░███  ███ ░███ ░███  ███░░███  ░███ ███
     ████ █████░░████████ ████ █████░░██████ ░░██████  ████ █████░░███████  ░░█████
    ░░░░ ░░░░░  ░░░░░░░░ ░░░░ ░░░░░  ░░░░░░   ░░░░░░  ░░░░ ░░░░░  ░░░░░░░░   ░░░░░
    
Autodetected device type: cuda
2026-10-01 22:57:42,506 - nanochat.common - [32m[1mINFO[0m - Distributed world size: 1
Device: cuda (ddp=True, world_size=1)
GPU: NVIDIA H200 | Peak FLOPS (BF16): 9.89e+14
COMPUTE_DTYPE: torch.bfloat16 (auto-detected: CUDA SM 90 (bf16 supported))
✓ Using Flash Attention 3 (Hopper GPU detected) — efficient and fast.
Vocab size: 32,768
[SAP] block head: mode=inv_head T=2 frac=0.0625 window=16 layers=2 params=4,490,752
Model config:
{
  "sequence_len": 2048,
  "vocab_size": 32768,
  "n_layer": 8,
  "n_head": 4,
  "n_kv_head": 4,
  "n_embd": 512,
  "use_moe": false,
  "use_perm": false,
  "moe_num_experts": 8,
  "moe_router_dim": 64,
  "moe_embed_dim": 64,
  "dropout": 0.0,
  "use_remix_linear": false,
  "remix_context_dim": 64,
  "remix_context_dim_ratio": 6,
  "remix_basis_size": 64,
  "remix_output_gate_rank": 16,
  "remixed_linear_kwargs": {
    "use_basis_gate": true,
    "use_output_gate": true,
    "use_context": true,
    "basis_gate_mode": "mlp",
    "sparse_gate_k": 0,
    "gate_temperature": 1.0,
    "basis_scale_factor": 4,
    "n_templates": 1,
    "template_routing_learned": false,
    "template_topk": 0,
    "tiny_expert": false,
    "tiny_expert_topk": 16,
    "lokr_expert": false,
    "lokr_n_experts": 64,
    "lokr_topk": 16,
    "lokr_rank": 4,
    "lokr_learned": false,
    "basis_gate_rank": 8,
    "disable_ln_basis": false,
    "chunk_route_impl": "compose",
    "top1_gate": "ones",
    "template_delta_rank": 0,
    "route_side": "output",
    "drop_basis_proj": false,
    "basis_side_templates": 0,
    "grad_equalize": false,
    "output_gate_rank": 16,
    "operator_modulation": "none",
    "lie_generators": 4,
    "poly_order": 2,
    "grassmann_bank_size": 4
  },
  "use_pos_embed": false,
  "moe_use_abs_pos_embed": false,
  "use_layer_context": true,
  "scale_basis_size": true,
  "remix_use_dual_gate": false,
  "remix_use_fused": false,
  "p26_output_gated_linear": 0,
  "p28_shared_basis": 0,
  "p28_chunk_routing_size": 0,
  "p28_global_template_bank": "none",
  "p28_attn_proj_templates": 0,
  "p28_attn_qk_templates": 0,
  "p29_template_block_diag": 0,
  "p29_template_lr_scale": 1.0,
  "p29_grad_equalize": 0,
  "p34_ffn_mult": 4.0,
  "p34_ffn_single": 0,
  "p34_dense_attn": 0,
  "legacy_init_fallback": 0,
  "p35_template_diversity_lambda": 0.0,
  "p22_route_affine": 0,
  "p34_ffn_schedule": "",
  "p34_ffn_no_ffn_replacement": "none",
  "p34_ffn_last_depth": 1,
  "p36_swiglu_ffn": 0,
  "p36_swiglu_mult": 2.6666666666666665,
  "cond_sites": "both",
  "cond_rank": 256,
  "cond_mult_steps": 0,
  "cond_gate_source": "router",
  "cond_coeff_act": "centered",
  "cond_router_rank": 0,
  "cond_live_init": 0.0,
  "cond_router_act": "none",
  "cond_chunk_size": 0,
  "cond_mult_scale": -1.0,
  "cond_mult_impl": "wy",
  "cond_attn_projs": "qkvo",
  "cond_layer_frac": 1.0,
  "perm_expert_mode": "low_rank",
  "perm_rank": 16,
  "router_context_window": -1,
  "router_causal": true,
  "router_num_heads": 4,
  "router_num_queries": 16,
  "router_n_layers": 2,
  "router_use_vocab_prior": false,
  "window_pattern": "SSSL",
  "cclblock_modulation": "weight",
  "cclblock_orth_lambda": 0.0,
  "cclblock_context_stream": "local",
  "cclblock_ema_factor": 0.99,
  "cclblock_stale_ctx_lag": 0,
  "cclblock_sparse_gate_k": 0,
  "cclblock_gate_temperature": 1.0,
  "cclblock_context_bank_size": 0,
  "cclblock_per_head_ctx": false,
  "cclblock_context_source": "norm_x",
  "cclblock_chunk_size": 0,
  "cclblock_aux_objective": "none",
  "cclblock_aux_lambda": 0.1,
  "cclblock_boundary_token_id": 198,
  "use_ral": false,
  "ral_rank": 32,
  "cclblock_film_gate": false,
  "cclblock_attn_shadow_dim": 0,
  "cclblock_dynamic_ratio": 0.25,
  "cclblock_gate_rank": 8,
  "cclblock_num_regimes": 8,
  "cclblock_regime_temperature": 1.0,
  "cclblock_poly_order": 2,
  "cclblock_lie_generators": 4,
  "cclblock_grassmann_bank_size": 4,
  "cclblock_tucker_rank": 32,
  "cclblock_tucker_modes": 8,
  "cclblock_svs_rank": 64,
  "cclblock_svs_eps": 0.1,
  "cclblock_vq_codes": 8,
  "cclblock_vq_temperature": 1.0,
  "cclblock_dcu_warmup_steps": 0,
  "cclblock_fsi_rotations": 8,
  "cclblock_fsi_selector_dim": 64,
  "cclblock_aesp_strata": 4,
  "cclblock_aesp_delta_rank": 4,
  "cclblock_ckr_branches": 4,
  "cclblock_ckr_kernel_size": 64,
  "cclblock_ckr_pos_channels": 1,
  "cclblock_ckr_dual_optim": 0,
  "cclblock_ckr_content_bias": 0.0,
  "cclblock_giad_rank": 32,
  "cclblock_psg_kernel_size": 64,
  "cclblock_ss_dynamic_ratio": 0.25,
  "cclblock_ss_branches": 2,
  "cclblock_ss_kernel_size": 64,
  "cclblock_lokr_branches": 8,
  "cclblock_lokr_rank": 16,
  "cclblock_ckr_temp_start": 2.0,
  "cclblock_ckr_temp_end": 0.3,
  "cclblock_com_kernel_size": 32,
  "cclblock_ckr_ortho_init": 0,
  "cclblock_ckr_branch_dropout": 0.0,
  "cclblock_ckr_diversity_lambda": 0.0,
  "cclblock_ckr_layer_selective": 0,
  "cclblock_pgr_kernel_size": 64,
  "cclblock_cil_kernel_size": 64,
  "cclblock_prb_kernel_size": 64,
  "p18_layer_drop": 0.0,
  "p18_dynamic_activation": 0,
  "p18_mixture_norm": 0,
  "p18_causal_attn_bias": 0,
  "p18_aux_sim_lambda": 0.0,
  "p18_gradient_penalty": 0.0,
  "p18_per_channel_scale": 0,
  "p19_residual_gate": 0,
  "p19_head_importance": 0,
  "p19_residual_mix_groups": 0,
  "p19_attn_logit_bias": 0,
  "p19_residual_decay": 0,
  "p19_grad_equilibrium": 0.0,
  "p19_spectral_reparam": 0,
  "p19_weight_anticollapse": 0.0,
  "p19_ve_bias": 0,
  "p19_weight_noise": 0.0,
  "p20_hrcs_scale": 0,
  "p20_lswr_scale": 0,
  "p20_lswr_planes": 8,
  "p20_lrcfb_branches": 0,
  "p20_lrcfb_narrow": 0,
  "p20_lrcfb_learned": 0,
  "p20_lrcfb_topk": 0,
  "p20_dgcr_branches": 0,
  "p20_dgcr_aux_weight": 0.01,
  "p20_mone_experts": 0,
  "p20_mone_topk": 0,
  "p20_mone_narrow": 1,
  "p20_mone_frozen": 0,
  "p20_ncea_branches": 0,
  "p20_ncea_eps": 0.1,
  "p20_adwi": 0,
  "p20_pwu_branches": 0,
  "p20_pwu_phase": 1,
  "p20_fsvd_gate": 0,
  "p20_wbfc_clusters": 0,
  "p20_wbfc_active": 0,
  "p21_per_experts": 0,
  "p21_per_topk": 0,
  "p21_per_learned": 0,
  "p21_per_attn": 0,
  "p22_attn_moe_route": "none",
  "p23_tiny_expert": 0,
  "p23_n_experts": 64,
  "p23_topk": 16,
  "p23_learned_route": 0,
  "p23_std_moe_experts": 0,
  "p23_std_moe_topk": -1,
  "p23_std_moe_aux_weight": 0.01,
  "p23_lokr": 0,
  "p23_lokr_rank": 4,
  "p23_use_shared_block_router": 0,
  "p23_linear_moe_experts": 0,
  "p23_linear_moe_topk": 0,
  "p23_quantile_route": 0,
  "remix_shared_context_gates": 0,
  "p24_use_sliced_weight": 0,
  "p24_sliced_weight_reduction_scale": 8,
  "p24_sliced_weight_min_select": 128,
  "p24_sliced_weight_scope": "per_token",
  "p24_sliced_weight_balance_coeff": 0.01,
  "p24_quantile_route": 0,
  "p24_use_folded_mod": 0,
  "p24_folded_mod_reduction_scale": 8,
  "p24_folded_mod_min_dim": 128,
  "p24_folded_mod_scope": "per_layer",
  "p24_folded_mod_gate_act": "tanh_centered",
  "p24_use_sequence_gated_linear": 0,
  "p24_sequence_gated_scope": "per_layer",
  "p24_sequence_gated_act": "tanh_centered",
  "remix_disable_ln_basis": 0,
  "dense_intermediate_ln": 0,
  "use_mol": false,
  "mol_n_blocks": 5,
  "mol_n_shared": 1,
  "mol_topk": 3,
  "mol_thin_dim": 256,
  "mol_head_dim": 64,
  "mol_ffn_mult": 4.0,
  "mol_router_aux": 0.05,
  "mol_routed_attn": "softmax",
  "mol_dispatch": 1,
  "mol_capacity_factor": 1.0,
  "mol_block_lr_scale": 1.0,
  "mol_per_block_ve": 0,
  "use_binary": false,
  "binary_acts": true,
  "binary_weight_scale": "row",
  "binary_act_scale": "token",
  "binary_clip": 1.0,
  "binary_linear": true,
  "binary_embeddings": true,
  "binary_skip": "",
  "binary_native": false,
  "binary_tau": 1.0,
  "binary_hard": false,
  "binary_resid_width": 0,
  "binary_attn_chunk": 256,
  "use_mst": false,
  "mst_n_subs": 8,
  "mst_sub_dim": 64,
  "mst_head_dim": 0,
  "mst_input_mode": "fixed_slice",
  "mst_rotated_slice_learned": false,
  "mst_routing_mode": "soft_weighted",
  "mst_routing_topk": 4,
  "mst_routing_aux_weight": 0.01,
  "mst_diversity_weight": 0.0,
  "mst_ffn_mode": "standard",
  "mst_ffn_every": 1,
  "mst_transition_mode": "parallel",
  "mst_final_mode": "aggregate_proj",
  "mst_final_topk": -1,
  "mst_ffn_shared_up": 0,
  "mst_ffn_inner_dim": 0,
  "mst_sub_dropout": 0.0,
  "mst_transition_every": 1,
  "mst_ffa_temperature": 1.0,
  "mst_global_residual": 0,
  "mst_hybrid_dense": 0,
  "mst_cross_sub_kv": 0,
  "mst_sub_aux_weight": 0.0,
  "mst_progressive_merge": 0,
  "mst_multi_scale_windows": 0,
  "mst_delta_residual": 0,
  "mst_sub_layers": 1,
  "mst_grad_equalize": 0,
  "mst_block_diagonal_muon": 0,
  "mst_transition_width_mult": 1.0,
  "mst_sub_lr_scale": 1.0,
  "mst_shared_expert": 0,
  "mst_router_entropy_weight": 0.0,
  "mst_shared_kv_attn": 0,
  "mst_contrastive_diversity_weight": 0.0,
  "mst_transition_nonlinear": 0,
  "mst_transition_gated": 0,
  "mst_transition_mlp": 0,
  "mst_cross_sub_gate": 0,
  "mst_hyper_connect": 0,
  "mst_cross_kv_inject": 0,
  "mst_slice_transition": 0,
  "mst_lookback_layers": 0,
  "mst_bilinear_transition": 0,
  "mst_cross_sub_qmod": 0,
  "mst_feature_cycle": 0,
  "mst_mean_transition": 0,
  "mst_sub_head_dim": 0,
  "mst_final_norm": 0,
  "mst_per_stream_ve": 0,
  "mst_ve_map": 0,
  "mst_ve_map_rank": 0,
  "mst_lm_head_dim": 0,
  "mst_compose_windows": 0,
  "mst_channel_mix": "none",
  "mst_channel_mix_site": "layer",
  "mst_distribute_block_muon": 0,
  "mst_trans_spectral_lr": 0,
  "mst_talking_heads": 0,
  "mst_wo_mode": "block",
  "mst_stream_topk": 0,
  "mst_stream_shared": 0,
  "mst_stream_router_aux": 0.01,
  "mst_stream_router_noise": 0.0,
  "mst_stream_dispatch": 0,
  "mst_stream_capacity_factor": 1.0,
  "mst_stream_gate_attn": 0,
  "mst_ffn_monarch": "none",
  "mst_shampoo": 0,
  "mst_precond_every": 10,
  "mst_shampoo_beta": 0.95,
  "use_eet": false,
  "eet_frozen_kv": true,
  "eet_reenter_final": false,
  "eet_router_type": "mlp2",
  "eet_router_hidden": 0,
  "eet_freq_prior_alpha": 0.0,
  "eet_pos_prior_beta": 0.0,
  "eet_domain_prior": false,
  "eet_warmup_frac": 0.02,
  "eet_explore_frac": 0.15,
  "eet_reconstruct_lambda": 1.0,
  "eet_efficiency_lambda_start": 0.01,
  "eet_efficiency_lambda_end": 0.1,
  "eet_translator_rank": 0,
  "eet_max_frozen_kv_frac": 0.75,
  "eet_exit_threshold": 0.5,
  "eet_min_exit_layer": 1,
  "eet_loss_variant": "reconstruct",
  "eet_topk_vocab": 512,
  "eet_entropy_lambda": 0.3,
  "eet_surprise_lambda": 0.1,
  "eet_adv_lambda": 1.0,
  "eet_adv_entropy_lambda": 0.2,
  "eet_quality_lambda": 1.0,
  "eet_quality_entropy_bonus": 0.1,
  "eet_gumbel_temp_start": 0.0,
  "eet_gumbel_temp_end": 0.1,
  "eet_gumbel_hard": true,
  "eet_commitment_beta": 0.1,
  "eet_global_router": false,
  "eet_freq_efficiency_alpha": 0.0,
  "eet_diversity_lambda": 0.0,
  "eet_ce_guided_lambda": 1.0,
  "eet_router_lr_mult": 5.0,
  "eet_model_lr_mult": 1.0,
  "eet_depth_weight_type": "none",
  "eet_depth_weight_max": 2.5,
  "eet_use_override": 0,
  "eet_override_prob_start": 0.5,
  "eet_override_prob_end": 0.1,
  "eet_compute_skip": false,
  "eet_target_active_frac": 0.125,
  "eet_capacity_schedule": "bell",
  "eet_exit_fracs": null,
  "eet_capacity_alignment_lambda": 0.0,
  "eet_kv_mode": "none",
  "eet_route_noise": 0.0,
  "eet_route_noise_end": -1.0,
  "eet_coverage_diag": false,
  "deep_supervision_lambda": 0.0,
  "deep_supervision_frac": 0.125,
  "eet_width_power": 0.0,
  "eet_width_cap": 16.0,
  "eet_kv_eager": false,
  "eet_router_task_grad": true,
  "eet_reinforce_interval": 0,
  "eet_reinforce_lambda": 0.1,
  "eet_exit_adapter_rank": 0,
  "eet_router_after_block": 0,
  "eet_ffn_skip": false,
  "eet_ffn_target_frac": 0.5,
  "eet_ffn_full_attn": true,
  "eet_depth_affine": false,
  "eet_capacity_anneal_frac": 0.0,
  "eet_learned_schedule": false,
  "eet_departure_summary": false,
  "eet_route_consistency_lambda": 0.0,
  "eet_dense_distill_interval": 0,
  "eet_dense_distill_lambda": 0.5,
  "eet_depth_lr_scale": false,
  "eet_depth_grad_scale": false,
  "eet_detach_aux_from_backbone": false,
  "eet_detach_exit_from_backbone": false,
  "use_code_head": false,
  "sch_head_type": "code",
  "sch_bits": 0,
  "sch_order": 2,
  "sch_max_m": 0,
  "sch_phi_mode": "monomial",
  "sch_code_mode": "binary",
  "sch_code_path": "",
  "sch_code_ecc_bits": 0,
  "sch_code_seed": 1234,
  "sch_phi_density": 0.0,
  "sch_phi_dtype": "bf16",
  "sch_phi_normalize": 1,
  "sch_phi_center": 0,
  "sch_g_type": "linear",
  "sch_g_hidden": 0,
  "sch_g_layers": 2,
  "sch_g_out_std": 0.001,
  "sch_mixture": 1,
  "sch_residual_rank": 0,
  "sch_logit_act": "none",
  "sch_bias": 0,
  "sch_input_mode": "table",
  "sch_input_hidden": 0,
  "sch_product_groups": 8,
  "sch_product_codebook": 256,
  "sch_product_source": "hash",
  "sch_product_impl": "dense",
  "sch_phi_whiten": 0,
  "sch_mixture_per_phi": 0,
  "sch_mixture_topk": 0,
  "sch_mixture_aux": 0.01,
  "sch_monarch_m1": 0,
  "sch_monarch_perm": "none",
  "sch_monarch_perm_path": "",
  "sch_tier_bounds": "",
  "sch_tier_caps": "",
  "sch_tier_order": "freq",
  "sch_tier_perm_path": "",
  "sch_proposal_rank": 32,
  "sch_proposal_topk": 16384,
  "sch_proposal_samples": 4096,
  "sch_proposal_warmup": 0,
  "sch_proposal_chunk": 2048,
  "sch_proposal_aux": 1.0,
  "sch_nfh_mode": "cp",
  "sch_nfh_rank": 32,
  "sch_nfh_dims": "",
  "sch_nfh_groups": 3,
  "sch_nfh_views": 1,
  "sch_nfh_perm": "none",
  "sch_nfh_perm_path": "",
  "sch_nfh_g_type": "linear",
  "sch_nfh_g_hidden": 0,
  "sch_rerank_mode": "topk",
  "sch_rerank_k": 64,
  "sch_rerank_rank": 32,
  "sch_nfh_smooth": 0,
  "sch_nfh_chunk": 256,
  "sap_block_T": 2,
  "sap_block_mode": "inv_head",
  "sap_block_frac": 0.0625,
  "sap_lambda": 1.0,
  "sap_head_layers": 2,
  "sap_head_heads": 0,
  "sap_head_mlp_mult": 2,
  "sap_enc_layers": 1,
  "sap_ctx_window": 16,
  "sap_latent_groups": 4,
  "sap_latent_codes": 64,
  "sap_latent_dim": 64,
  "sap_free_bits": 0.25,
  "sap_kl_anneal_steps": 2000,
  "sap_gumbel_tau": 1.0,
  "sap_cp_components": 8,
  "sap_wta_k": 4,
  "sap_u_freqs": 24,
  "sap_u_interior": 0.8,
  "sap_logit_chunk": 8192
}
Seeded weight init with --seed 1
Checkpoints directory: /__modal/volumes/vo-pelh2tULdL7ESlnYAQvaCw/out/s00_sap/d8/SAP_inv_head_T2_s1
✓ Wrapping model with DistributedDataParallel (rank 0, find_unused_parameters=False, broadcast_buffers=True)
Parameter counts:
wte                     : 16,777,216
wpe                     : 0
value_embeds            : 67,108,864
lm_head                 : 16,777,216
transformer_matrices    : 25,166,336
research                : 4,490,752
scalars                 : 16
total                   : 130,320,400
Estimated FLOPs per token (total):  3.084292e+08
COST_AXES precision=W16A16E16H16 bops_arith=3.9479e+10 energy_pj_per_token=2.5168e+08 inference_MiB=248.57 training_state_MiB=859.11
Estimated FLOPs per token (active): 3.084292e+08
Estimated active params:            130,320,400
[SAP] block head: mode=inv_head T=2 frac=0.0625 window=16 layers=2 params=10,078,464
Auto-computed optimal batch size: 262,144 tokens
Scaling LRs by 0.7071 for batch size 262,144 (reference: 524,288)
Scaling weight decay from 0.200000 to 0.371230 for depth 8
Scaling the LR for the AdamW parameters ∝1/√(512/768) = 1.224745
Calculated number of iterations from target FLOPs: 1,559
Total number of training tokens: 408,682,496
Tokens : Scaling params ratio: 9.74
Total training FLOPs estimate: 1.260496e+17
Total training FLOPs (active):  1.260496e+17
Total active training FLOPs estimate: 1.260496e+17
Using base scheduler: linear warmup/flat/linear warmdown
Tokens / micro-batch / rank: 128 x 2048 = 262,144
Tokens / micro-batch: 262,144
Total batch size 262,144 => gradient accumulation steps: 1
Running pre-compilation warmup (1 dummy forward+backward to init lazy allocations)...
[rank0]:W1001 22:57:43.216000 44361 site-packages/torch/_logging/_internal.py:1199] [0/0] Profiler function <class 'torch.autograd.profiler.record_function'> will be ignored
Warmup complete. Steady-state VRAM: 5.9 GB allocated
step 00000/01559 (0.00%) | loss: 20.799168 | lrm: 0.12 | lr(adamw:4.368e-02, muon:1.768e-03) | dt: 292.76ms | tok/sec: 895,421 | bf16_mfu: 27.92 | epoch: 1 pq: 0 rg: 1 | total time: 0.00m
step 00100/01559 (6.41%) | loss: 10.879236 | lrm: 1.00 | lr(adamw:3.494e-01, muon:1.414e-02) | dt: 244.04ms | tok/sec: 1,074,187 | bf16_mfu: 33.50 | epoch: 1 pq: 0 rg: 52 | total time: 0.36m | eta: 5.9m
step 00200/01559 (12.83%) | loss: 9.512229 | lrm: 1.00 | lr(adamw:3.494e-01, muon:1.414e-02) | dt: 242.56ms | tok/sec: 1,080,736 | bf16_mfu: 33.70 | epoch: 1 pq: 1 rg: 17 | total time: 0.77m | eta: 5.5m
step 00300/01559 (19.24%) | loss: 9.043951 | lrm: 1.00 | lr(adamw:3.494e-01, muon:1.414e-02) | dt: 241.55ms | tok/sec: 1,085,253 | bf16_mfu: 33.84 | epoch: 1 pq: 1 rg: 65 | total time: 1.17m | eta: 5.1m
step 00400/01559 (25.66%) | loss: 8.746132 | lrm: 1.00 | lr(adamw:3.494e-01, muon:1.414e-02) | dt: 240.32ms | tok/sec: 1,090,798 | bf16_mfu: 34.02 | epoch: 1 pq: 2 rg: 30 | total time: 1.58m | eta: 4.7m
step 00500/01559 (32.07%) | loss: 8.586412 | lrm: 1.00 | lr(adamw:3.494e-01, muon:1.414e-02) | dt: 240.62ms | tok/sec: 1,089,446 | bf16_mfu: 33.98 | epoch: 1 pq: 2 rg: 78 | total time: 1.98m | eta: 4.3m
step 00600/01559 (38.49%) | loss: 8.426786 | lrm: 0.95 | lr(adamw:3.317e-01, muon:1.343e-02) | dt: 244.95ms | tok/sec: 1,070,211 | bf16_mfu: 33.38 | epoch: 1 pq: 3 rg: 43 | total time: 2.38m | eta: 3.9m
step 00700/01559 (44.90%) | loss: 8.259791 | lrm: 0.86 | lr(adamw:2.990e-01, muon:1.210e-02) | dt: 244.97ms | tok/sec: 1,070,111 | bf16_mfu: 33.37 | epoch: 1 pq: 4 rg: 10 | total time: 2.79m | eta: 3.5m
step 00800/01559 (51.31%) | loss: 8.145821 | lrm: 0.76 | lr(adamw:2.662e-01, muon:1.077e-02) | dt: 242.62ms | tok/sec: 1,080,483 | bf16_mfu: 33.70 | epoch: 1 pq: 4 rg: 58 | total time: 3.19m | eta: 3.1m
step 00900/01559 (57.73%) | loss: 8.035149 | lrm: 0.67 | lr(adamw:2.334e-01, muon:9.447e-03) | dt: 237.49ms | tok/sec: 1,103,814 | bf16_mfu: 34.42 | epoch: 1 pq: 5 rg: 24 | total time: 3.60m | eta: 2.7m
step 01000/01559 (64.14%) | loss: 7.924146 | lrm: 0.57 | lr(adamw:2.007e-01, muon:8.121e-03) | dt: 244.68ms | tok/sec: 1,071,384 | bf16_mfu: 33.41 | epoch: 1 pq: 5 rg: 73 | total time: 4.00m | eta: 2.3m
step 01100/01559 (70.56%) | loss: 7.816138 | lrm: 0.48 | lr(adamw:1.679e-01, muon:6.795e-03) | dt: 246.85ms | tok/sec: 1,061,939 | bf16_mfu: 33.12 | epoch: 1 pq: 6 rg: 38 | total time: 4.40m | eta: 1.9m
step 01200/01559 (76.97%) | loss: 7.741749 | lrm: 0.39 | lr(adamw:1.351e-01, muon:5.468e-03) | dt: 239.45ms | tok/sec: 1,094,793 | bf16_mfu: 34.14 | epoch: 1 pq: 7 rg: 4 | total time: 4.81m | eta: 1.4m
step 01300/01559 (83.39%) | loss: 7.621104 | lrm: 0.29 | lr(adamw:1.023e-01, muon:4.142e-03) | dt: 242.17ms | tok/sec: 1,082,467 | bf16_mfu: 33.76 | epoch: 1 pq: 7 rg: 53 | total time: 5.21m | eta: 1.0m
step 01400/01559 (89.80%) | loss: 7.553217 | lrm: 0.20 | lr(adamw:6.958e-02, muon:2.816e-03) | dt: 241.63ms | tok/sec: 1,084,886 | bf16_mfu: 33.83 | epoch: 1 pq: 8 rg: 19 | total time: 5.61m | eta: 0.6m
step 01500/01559 (96.22%) | loss: 7.467787 | lrm: 0.11 | lr(adamw:3.681e-02, muon:1.490e-03) | dt: 244.35ms | tok/sec: 1,072,807 | bf16_mfu: 33.46 | epoch: 1 pq: 8 rg: 68 | total time: 6.02m | eta: 0.2m
step 01558/01559 (99.94%) | loss: 7.450307 | lrm: 0.05 | lr(adamw:1.780e-02, muon:7.204e-04) | dt: 244.59ms | tok/sec: 1,071,760 | bf16_mfu: 33.42 | epoch: 1 pq: 9 rg: 14 | total time: 6.25m | eta: 0.0m
/usr/local/lib/python3.12/site-packages/torch/_dynamo/variables/functions.py:1598: UserWarning: Dynamo does not know how to trace the builtin `torch._C._distributed_c10d.pybind11_detail_function_record_v1_system_libstdcpp_gxx_abi_1xxx_use_cxx11_abi_1._broadcast_coalesced.` This function is either a Python builtin (e.g. _warnings.warn) or a third-party C/C++ Python extension (perhaps created with pybind).
If it is a Python builtin, please file an issue on GitHub so the PyTorch team can add support for it and see the next case for a workaround.
If it is a third-party C/C++ Python extension, please either wrap it into a PyTorch-understood custom operator (see https://pytorch.org/tutorials/advanced/custom_ops_landing_page.html for more details) or, if it is traceable, use `torch.compiler.allow_in_graph`.
  torch._dynamo.utils.warn_once(explanation + "\n" + "\n".join(hints))
Step 01559 | Validation bpb: 1.034649 | val_loss: 3.394839
[rank0]: Traceback (most recent call last):
[rank0]:   File "<frozen runpy>", line 198, in _run_module_as_main
[rank0]:   File "<frozen runpy>", line 88, in _run_code
[rank0]:   File "/__modal/volumes/vo-pelh2tULdL7ESlnYAQvaCw/scripts/base_train.py", line 2399, in <module>
[rank0]:     _sap_eval = evaluate_block_bpb(orig_model, build_val_loader(), args.sap_eval_steps, token_bytes)
[rank0]:                 ^^^^^^^^^^^^^^^^^^^^^^^^^^^^^^^^^^^^^^^^^^^^^^^^^^^^^^^^^^^^^^^^^^^^^^^^^^^^^^^^^^^^
[rank0]:   File "/usr/local/lib/python3.12/site-packages/torch/utils/_contextlib.py", line 120, in decorate_context
[rank0]:     return func(*args, **kwargs)
[rank0]:            ^^^^^^^^^^^^^^^^^^^^^
[rank0]:   File "/__modal/volumes/vo-pelh2tULdL7ESlnYAQvaCw/nanochat/block_head.py", line 768, in evaluate_block_bpb
[rank0]:     logits, hid = model(x, return_hidden=True)
[rank0]:                   ^^^^^^^^^^^^^^^^^^^^^^^^^^^^
[rank0]:   File "/usr/local/lib/python3.12/site-packages/torch/nn/modules/module.py", line 1775, in _wrapped_call_impl
[rank0]:     return self._call_impl(*args, **kwargs)
[rank0]:            ^^^^^^^^^^^^^^^^^^^^^^^^^^^^^^^^
[rank0]:   File "/usr/local/lib/python3.12/site-packages/torch/nn/modules/module.py", line 1786, in _call_impl
[rank0]:     return forward_call(*args, **kwargs)
[rank0]:            ^^^^^^^^^^^^^^^^^^^^^^^^^^^^^
[rank0]:   File "/__modal/volumes/vo-pelh2tULdL7ESlnYAQvaCw/nanochat/gpt.py", line 11790, in forward
[rank0]:     logits = softcap * torch.tanh(logits / softcap) # squash the logits
[rank0]:                        ^^^^^^^^^^^^^^^^^^^^^^^^^^^^
[rank0]: torch.OutOfMemoryError: CUDA out of memory. Tried to allocate 32.00 GiB. GPU 0 has a total capacity of 139.80 GiB of which 5.06 GiB is free. Process 1 has 134.70 GiB memory in use. Of the allocated memory 102.68 GiB is allocated by PyTorch, and 30.74 GiB is reserved by PyTorch but unallocated. If reserved but unallocated memory is large try setting PYTORCH_CUDA_ALLOC_CONF=expandable_segments:True to avoid fragmentation.  See documentation for Memory Management  (https://pytorch.org/docs/stable/notes/cuda.html#environment-variables)
[rank0]:[W1001 23:05:24.431665504 ProcessGroupNCCL.cpp:1524] Warning: WARNING: destroy_process_group() was not called before program exit, which can leak resources. For more info, please see https://pytorch.org/docs/stable/distributed.html#shutdown (function operator())
E1001 23:05:26.204000 44355 site-packages/torch/distributed/elastic/multiprocessing/api.py:882] failed (exitcode: 1) local_rank: 0 (pid: 44361) of binary: /usr/local/bin/python
Traceback (most recent call last):
  File "/usr/local/bin/torchrun", line 10, in <module>
    sys.exit(main())
             ^^^^^^
  File "/usr/local/lib/python3.12/site-packages/torch/distributed/elastic/multiprocessing/errors/__init__.py", line 357, in wrapper
    return f(*args, **kwargs)
           ^^^^^^^^^^^^^^^^^^
  File "/usr/local/lib/python3.12/site-packages/torch/distributed/run.py", line 936, in main
    run(args)
  File "/usr/local/lib/python3.12/site-packages/torch/distributed/run.py", line 927, in run
    elastic_launch(
  File "/usr/local/lib/python3.12/site-packages/torch/distributed/launcher/api.py", line 156, in __call__
    return launch_agent(self._config, self._entrypoint, list(args))
           ^^^^^^^^^^^^^^^^^^^^^^^^^^^^^^^^^^^^^^^^^^^^^^^^^^^^^^^^
  File "/usr/local/lib/python3.12/site-packages/torch/distributed/launcher/api.py", line 293, in launch_agent
    raise ChildFailedError(
torch.distributed.elastic.multiprocessing.errors.ChildFailedError: 
============================================================
scripts.base_train FAILED
------------------------------------------------------------
Failures:
  <NO_OTHER_FAILURES>
------------------------------------------------------------
Root Cause (first observed failure):
[0]:
  time      : 2026-10-01_23:05:26
  host      : localhost
  rank      : 0 (local_rank: 0)
  exitcode  : 1 (pid: 44361)
  error_file: <N/A>
  traceback : To enable traceback see: https://pytorch.org/docs/stable/elastic/errors.html
============================================================
2026-10-01 23:05:34,067 - httpx - [32m[1mINFO[0m - HTTP Request: HEAD https://huggingface.co/varunneal/flash-attention-3/resolve/main/kernel-status.toml "HTTP/1.1 404 Not Found"
2026-10-01 23:05:34,171 - httpx - [32m[1mINFO[0m - HTTP Request: GET https://huggingface.co/api/models/varunneal/flash-attention-3/tree/main/build?recursive=false&expand=false "HTTP/1.1 200 OK"
2026-10-01 23:05:34,270 - httpx - [32m[1mINFO[0m - HTTP Request: GET https://huggingface.co/api/models/varunneal/flash-attention-3/revision/main "HTTP/1.1 200 OK"

                                                       █████                █████
                                                      ░░███                ░░███
     ████████    ██████   ████████    ██████   ██████  ░███████    ██████  ███████
    ░░███░░███  ░░░░░███ ░░███░░███  ███░░███ ███░░███ ░███░░███  ░░░░░███░░░███░
     ░███ ░███   ███████  ░███ ░███ ░███ ░███░███ ░░░  ░███ ░███   ███████  ░███
     ░███ ░███  ███░░███  ░███ ░███ ░███ ░███░███  ███ ░███ ░███  ███░░███  ░███ ███
     ████ █████░░████████ ████ █████░░██████ ░░██████  ████ █████░░███████  ░░█████
    ░░░░ ░░░░░  ░░░░░░░░ ░░░░ ░░░░░  ░░░░░░   ░░░░░░  ░░░░ ░░░░░  ░░░░░░░░   ░░░░░
    
Autodetected device type: cuda
2026-10-01 23:05:35,527 - nanochat.common - [32m[1mINFO[0m - Distributed world size: 1
Device: cuda (ddp=True, world_size=1)
GPU: NVIDIA H200 | Peak FLOPS (BF16): 9.89e+14
COMPUTE_DTYPE: torch.bfloat16 (auto-detected: CUDA SM 90 (bf16 supported))
✓ Using Flash Attention 3 (Hopper GPU detected) — efficient and fast.
Vocab size: 32,768
[SAP] block head: mode=p1_discrete T=2 frac=0.0625 window=16 layers=2 params=8,564,736
Model config:
{
  "sequence_len": 2048,
  "vocab_size": 32768,
  "n_layer": 8,
  "n_head": 4,
  "n_kv_head": 4,
  "n_embd": 512,
  "use_moe": false,
  "use_perm": false,
  "moe_num_experts": 8,
  "moe_router_dim": 64,
  "moe_embed_dim": 64,
  "dropout": 0.0,
  "use_remix_linear": false,
  "remix_context_dim": 64,
  "remix_context_dim_ratio": 6,
  "remix_basis_size": 64,
  "remix_output_gate_rank": 16,
  "remixed_linear_kwargs": {
    "use_basis_gate": true,
    "use_output_gate": true,
    "use_context": true,
    "basis_gate_mode": "mlp",
    "sparse_gate_k": 0,
    "gate_temperature": 1.0,
    "basis_scale_factor": 4,
    "n_templates": 1,
    "template_routing_learned": false,
    "template_topk": 0,
    "tiny_expert": false,
    "tiny_expert_topk": 16,
    "lokr_expert": false,
    "lokr_n_experts": 64,
    "lokr_topk": 16,
    "lokr_rank": 4,
    "lokr_learned": false,
    "basis_gate_rank": 8,
    "disable_ln_basis": false,
    "chunk_route_impl": "compose",
    "top1_gate": "ones",
    "template_delta_rank": 0,
    "route_side": "output",
    "drop_basis_proj": false,
    "basis_side_templates": 0,
    "grad_equalize": false,
    "output_gate_rank": 16,
    "operator_modulation": "none",
    "lie_generators": 4,
    "poly_order": 2,
    "grassmann_bank_size": 4
  },
  "use_pos_embed": false,
  "moe_use_abs_pos_embed": false,
  "use_layer_context": true,
  "scale_basis_size": true,
  "remix_use_dual_gate": false,
  "remix_use_fused": false,
  "p26_output_gated_linear": 0,
  "p28_shared_basis": 0,
  "p28_chunk_routing_size": 0,
  "p28_global_template_bank": "none",
  "p28_attn_proj_templates": 0,
  "p28_attn_qk_templates": 0,
  "p29_template_block_diag": 0,
  "p29_template_lr_scale": 1.0,
  "p29_grad_equalize": 0,
  "p34_ffn_mult": 4.0,
  "p34_ffn_single": 0,
  "p34_dense_attn": 0,
  "legacy_init_fallback": 0,
  "p35_template_diversity_lambda": 0.0,
  "p22_route_affine": 0,
  "p34_ffn_schedule": "",
  "p34_ffn_no_ffn_replacement": "none",
  "p34_ffn_last_depth": 1,
  "p36_swiglu_ffn": 0,
  "p36_swiglu_mult": 2.6666666666666665,
  "cond_sites": "both",
  "cond_rank": 256,
  "cond_mult_steps": 0,
  "cond_gate_source": "router",
  "cond_coeff_act": "centered",
  "cond_router_rank": 0,
  "cond_live_init": 0.0,
  "cond_router_act": "none",
  "cond_chunk_size": 0,
  "cond_mult_scale": -1.0,
  "cond_mult_impl": "wy",
  "cond_attn_projs": "qkvo",
  "cond_layer_frac": 1.0,
  "perm_expert_mode": "low_rank",
  "perm_rank": 16,
  "router_context_window": -1,
  "router_causal": true,
  "router_num_heads": 4,
  "router_num_queries": 16,
  "router_n_layers": 2,
  "router_use_vocab_prior": false,
  "window_pattern": "SSSL",
  "cclblock_modulation": "weight",
  "cclblock_orth_lambda": 0.0,
  "cclblock_context_stream": "local",
  "cclblock_ema_factor": 0.99,
  "cclblock_stale_ctx_lag": 0,
  "cclblock_sparse_gate_k": 0,
  "cclblock_gate_temperature": 1.0,
  "cclblock_context_bank_size": 0,
  "cclblock_per_head_ctx": false,
  "cclblock_context_source": "norm_x",
  "cclblock_chunk_size": 0,
  "cclblock_aux_objective": "none",
  "cclblock_aux_lambda": 0.1,
  "cclblock_boundary_token_id": 198,
  "use_ral": false,
  "ral_rank": 32,
  "cclblock_film_gate": false,
  "cclblock_attn_shadow_dim": 0,
  "cclblock_dynamic_ratio": 0.25,
  "cclblock_gate_rank": 8,
  "cclblock_num_regimes": 8,
  "cclblock_regime_temperature": 1.0,
  "cclblock_poly_order": 2,
  "cclblock_lie_generators": 4,
  "cclblock_grassmann_bank_size": 4,
  "cclblock_tucker_rank": 32,
  "cclblock_tucker_modes": 8,
  "cclblock_svs_rank": 64,
  "cclblock_svs_eps": 0.1,
  "cclblock_vq_codes": 8,
  "cclblock_vq_temperature": 1.0,
  "cclblock_dcu_warmup_steps": 0,
  "cclblock_fsi_rotations": 8,
  "cclblock_fsi_selector_dim": 64,
  "cclblock_aesp_strata": 4,
  "cclblock_aesp_delta_rank": 4,
  "cclblock_ckr_branches": 4,
  "cclblock_ckr_kernel_size": 64,
  "cclblock_ckr_pos_channels": 1,
  "cclblock_ckr_dual_optim": 0,
  "cclblock_ckr_content_bias": 0.0,
  "cclblock_giad_rank": 32,
  "cclblock_psg_kernel_size": 64,
  "cclblock_ss_dynamic_ratio": 0.25,
  "cclblock_ss_branches": 2,
  "cclblock_ss_kernel_size": 64,
  "cclblock_lokr_branches": 8,
  "cclblock_lokr_rank": 16,
  "cclblock_ckr_temp_start": 2.0,
  "cclblock_ckr_temp_end": 0.3,
  "cclblock_com_kernel_size": 32,
  "cclblock_ckr_ortho_init": 0,
  "cclblock_ckr_branch_dropout": 0.0,
  "cclblock_ckr_diversity_lambda": 0.0,
  "cclblock_ckr_layer_selective": 0,
  "cclblock_pgr_kernel_size": 64,
  "cclblock_cil_kernel_size": 64,
  "cclblock_prb_kernel_size": 64,
  "p18_layer_drop": 0.0,
  "p18_dynamic_activation": 0,
  "p18_mixture_norm": 0,
  "p18_causal_attn_bias": 0,
  "p18_aux_sim_lambda": 0.0,
  "p18_gradient_penalty": 0.0,
  "p18_per_channel_scale": 0,
  "p19_residual_gate": 0,
  "p19_head_importance": 0,
  "p19_residual_mix_groups": 0,
  "p19_attn_logit_bias": 0,
  "p19_residual_decay": 0,
  "p19_grad_equilibrium": 0.0,
  "p19_spectral_reparam": 0,
  "p19_weight_anticollapse": 0.0,
  "p19_ve_bias": 0,
  "p19_weight_noise": 0.0,
  "p20_hrcs_scale": 0,
  "p20_lswr_scale": 0,
  "p20_lswr_planes": 8,
  "p20_lrcfb_branches": 0,
  "p20_lrcfb_narrow": 0,
  "p20_lrcfb_learned": 0,
  "p20_lrcfb_topk": 0,
  "p20_dgcr_branches": 0,
  "p20_dgcr_aux_weight": 0.01,
  "p20_mone_experts": 0,
  "p20_mone_topk": 0,
  "p20_mone_narrow": 1,
  "p20_mone_frozen": 0,
  "p20_ncea_branches": 0,
  "p20_ncea_eps": 0.1,
  "p20_adwi": 0,
  "p20_pwu_branches": 0,
  "p20_pwu_phase": 1,
  "p20_fsvd_gate": 0,
  "p20_wbfc_clusters": 0,
  "p20_wbfc_active": 0,
  "p21_per_experts": 0,
  "p21_per_topk": 0,
  "p21_per_learned": 0,
  "p21_per_attn": 0,
  "p22_attn_moe_route": "none",
  "p23_tiny_expert": 0,
  "p23_n_experts": 64,
  "p23_topk": 16,
  "p23_learned_route": 0,
  "p23_std_moe_experts": 0,
  "p23_std_moe_topk": -1,
  "p23_std_moe_aux_weight": 0.01,
  "p23_lokr": 0,
  "p23_lokr_rank": 4,
  "p23_use_shared_block_router": 0,
  "p23_linear_moe_experts": 0,
  "p23_linear_moe_topk": 0,
  "p23_quantile_route": 0,
  "remix_shared_context_gates": 0,
  "p24_use_sliced_weight": 0,
  "p24_sliced_weight_reduction_scale": 8,
  "p24_sliced_weight_min_select": 128,
  "p24_sliced_weight_scope": "per_token",
  "p24_sliced_weight_balance_coeff": 0.01,
  "p24_quantile_route": 0,
  "p24_use_folded_mod": 0,
  "p24_folded_mod_reduction_scale": 8,
  "p24_folded_mod_min_dim": 128,
  "p24_folded_mod_scope": "per_layer",
  "p24_folded_mod_gate_act": "tanh_centered",
  "p24_use_sequence_gated_linear": 0,
  "p24_sequence_gated_scope": "per_layer",
  "p24_sequence_gated_act": "tanh_centered",
  "remix_disable_ln_basis": 0,
  "dense_intermediate_ln": 0,
  "use_mol": false,
  "mol_n_blocks": 5,
  "mol_n_shared": 1,
  "mol_topk": 3,
  "mol_thin_dim": 256,
  "mol_head_dim": 64,
  "mol_ffn_mult": 4.0,
  "mol_router_aux": 0.05,
  "mol_routed_attn": "softmax",
  "mol_dispatch": 1,
  "mol_capacity_factor": 1.0,
  "mol_block_lr_scale": 1.0,
  "mol_per_block_ve": 0,
  "use_binary": false,
  "binary_acts": true,
  "binary_weight_scale": "row",
  "binary_act_scale": "token",
  "binary_clip": 1.0,
  "binary_linear": true,
  "binary_embeddings": true,
  "binary_skip": "",
  "binary_native": false,
  "binary_tau": 1.0,
  "binary_hard": false,
  "binary_resid_width": 0,
  "binary_attn_chunk": 256,
  "use_mst": false,
  "mst_n_subs": 8,
  "mst_sub_dim": 64,
  "mst_head_dim": 0,
  "mst_input_mode": "fixed_slice",
  "mst_rotated_slice_learned": false,
  "mst_routing_mode": "soft_weighted",
  "mst_routing_topk": 4,
  "mst_routing_aux_weight": 0.01,
  "mst_diversity_weight": 0.0,
  "mst_ffn_mode": "standard",
  "mst_ffn_every": 1,
  "mst_transition_mode": "parallel",
  "mst_final_mode": "aggregate_proj",
  "mst_final_topk": -1,
  "mst_ffn_shared_up": 0,
  "mst_ffn_inner_dim": 0,
  "mst_sub_dropout": 0.0,
  "mst_transition_every": 1,
  "mst_ffa_temperature": 1.0,
  "mst_global_residual": 0,
  "mst_hybrid_dense": 0,
  "mst_cross_sub_kv": 0,
  "mst_sub_aux_weight": 0.0,
  "mst_progressive_merge": 0,
  "mst_multi_scale_windows": 0,
  "mst_delta_residual": 0,
  "mst_sub_layers": 1,
  "mst_grad_equalize": 0,
  "mst_block_diagonal_muon": 0,
  "mst_transition_width_mult": 1.0,
  "mst_sub_lr_scale": 1.0,
  "mst_shared_expert": 0,
  "mst_router_entropy_weight": 0.0,
  "mst_shared_kv_attn": 0,
  "mst_contrastive_diversity_weight": 0.0,
  "mst_transition_nonlinear": 0,
  "mst_transition_gated": 0,
  "mst_transition_mlp": 0,
  "mst_cross_sub_gate": 0,
  "mst_hyper_connect": 0,
  "mst_cross_kv_inject": 0,
  "mst_slice_transition": 0,
  "mst_lookback_layers": 0,
  "mst_bilinear_transition": 0,
  "mst_cross_sub_qmod": 0,
  "mst_feature_cycle": 0,
  "mst_mean_transition": 0,
  "mst_sub_head_dim": 0,
  "mst_final_norm": 0,
  "mst_per_stream_ve": 0,
  "mst_ve_map": 0,
  "mst_ve_map_rank": 0,
  "mst_lm_head_dim": 0,
  "mst_compose_windows": 0,
  "mst_channel_mix": "none",
  "mst_channel_mix_site": "layer",
  "mst_distribute_block_muon": 0,
  "mst_trans_spectral_lr": 0,
  "mst_talking_heads": 0,
  "mst_wo_mode": "block",
  "mst_stream_topk": 0,
  "mst_stream_shared": 0,
  "mst_stream_router_aux": 0.01,
  "mst_stream_router_noise": 0.0,
  "mst_stream_dispatch": 0,
  "mst_stream_capacity_factor": 1.0,
  "mst_stream_gate_attn": 0,
  "mst_ffn_monarch": "none",
  "mst_shampoo": 0,
  "mst_precond_every": 10,
  "mst_shampoo_beta": 0.95,
  "use_eet": false,
  "eet_frozen_kv": true,
  "eet_reenter_final": false,
  "eet_router_type": "mlp2",
  "eet_router_hidden": 0,
  "eet_freq_prior_alpha": 0.0,
  "eet_pos_prior_beta": 0.0,
  "eet_domain_prior": false,
  "eet_warmup_frac": 0.02,
  "eet_explore_frac": 0.15,
  "eet_reconstruct_lambda": 1.0,
  "eet_efficiency_lambda_start": 0.01,
  "eet_efficiency_lambda_end": 0.1,
  "eet_translator_rank": 0,
  "eet_max_frozen_kv_frac": 0.75,
  "eet_exit_threshold": 0.5,
  "eet_min_exit_layer": 1,
  "eet_loss_variant": "reconstruct",
  "eet_topk_vocab": 512,
  "eet_entropy_lambda": 0.3,
  "eet_surprise_lambda": 0.1,
  "eet_adv_lambda": 1.0,
  "eet_adv_entropy_lambda": 0.2,
  "eet_quality_lambda": 1.0,
  "eet_quality_entropy_bonus": 0.1,
  "eet_gumbel_temp_start": 0.0,
  "eet_gumbel_temp_end": 0.1,
  "eet_gumbel_hard": true,
  "eet_commitment_beta": 0.1,
  "eet_global_router": false,
  "eet_freq_efficiency_alpha": 0.0,
  "eet_diversity_lambda": 0.0,
  "eet_ce_guided_lambda": 1.0,
  "eet_router_lr_mult": 5.0,
  "eet_model_lr_mult": 1.0,
  "eet_depth_weight_type": "none",
  "eet_depth_weight_max": 2.5,
  "eet_use_override": 0,
  "eet_override_prob_start": 0.5,
  "eet_override_prob_end": 0.1,
  "eet_compute_skip": false,
  "eet_target_active_frac": 0.125,
  "eet_capacity_schedule": "bell",
  "eet_exit_fracs": null,
  "eet_capacity_alignment_lambda": 0.0,
  "eet_kv_mode": "none",
  "eet_route_noise": 0.0,
  "eet_route_noise_end": -1.0,
  "eet_coverage_diag": false,
  "deep_supervision_lambda": 0.0,
  "deep_supervision_frac": 0.125,
  "eet_width_power": 0.0,
  "eet_width_cap": 16.0,
  "eet_kv_eager": false,
  "eet_router_task_grad": true,
  "eet_reinforce_interval": 0,
  "eet_reinforce_lambda": 0.1,
  "eet_exit_adapter_rank": 0,
  "eet_router_after_block": 0,
  "eet_ffn_skip": false,
  "eet_ffn_target_frac": 0.5,
  "eet_ffn_full_attn": true,
  "eet_depth_affine": false,
  "eet_capacity_anneal_frac": 0.0,
  "eet_learned_schedule": false,
  "eet_departure_summary": false,
  "eet_route_consistency_lambda": 0.0,
  "eet_dense_distill_interval": 0,
  "eet_dense_distill_lambda": 0.5,
  "eet_depth_lr_scale": false,
  "eet_depth_grad_scale": false,
  "eet_detach_aux_from_backbone": false,
  "eet_detach_exit_from_backbone": false,
  "use_code_head": false,
  "sch_head_type": "code",
  "sch_bits": 0,
  "sch_order": 2,
  "sch_max_m": 0,
  "sch_phi_mode": "monomial",
  "sch_code_mode": "binary",
  "sch_code_path": "",
  "sch_code_ecc_bits": 0,
  "sch_code_seed": 1234,
  "sch_phi_density": 0.0,
  "sch_phi_dtype": "bf16",
  "sch_phi_normalize": 1,
  "sch_phi_center": 0,
  "sch_g_type": "linear",
  "sch_g_hidden": 0,
  "sch_g_layers": 2,
  "sch_g_out_std": 0.001,
  "sch_mixture": 1,
  "sch_residual_rank": 0,
  "sch_logit_act": "none",
  "sch_bias": 0,
  "sch_input_mode": "table",
  "sch_input_hidden": 0,
  "sch_product_groups": 8,
  "sch_product_codebook": 256,
  "sch_product_source": "hash",
  "sch_product_impl": "dense",
  "sch_phi_whiten": 0,
  "sch_mixture_per_phi": 0,
  "sch_mixture_topk": 0,
  "sch_mixture_aux": 0.01,
  "sch_monarch_m1": 0,
  "sch_monarch_perm": "none",
  "sch_monarch_perm_path": "",
  "sch_tier_bounds": "",
  "sch_tier_caps": "",
  "sch_tier_order": "freq",
  "sch_tier_perm_path": "",
  "sch_proposal_rank": 32,
  "sch_proposal_topk": 16384,
  "sch_proposal_samples": 4096,
  "sch_proposal_warmup": 0,
  "sch_proposal_chunk": 2048,
  "sch_proposal_aux": 1.0,
  "sch_nfh_mode": "cp",
  "sch_nfh_rank": 32,
  "sch_nfh_dims": "",
  "sch_nfh_groups": 3,
  "sch_nfh_views": 1,
  "sch_nfh_perm": "none",
  "sch_nfh_perm_path": "",
  "sch_nfh_g_type": "linear",
  "sch_nfh_g_hidden": 0,
  "sch_rerank_mode": "topk",
  "sch_rerank_k": 64,
  "sch_rerank_rank": 32,
  "sch_nfh_smooth": 0,
  "sch_nfh_chunk": 256,
  "sap_block_T": 2,
  "sap_block_mode": "p1_discrete",
  "sap_block_frac": 0.0625,
  "sap_lambda": 1.0,
  "sap_head_layers": 2,
  "sap_head_heads": 0,
  "sap_head_mlp_mult": 2,
  "sap_enc_layers": 1,
  "sap_ctx_window": 16,
  "sap_latent_groups": 4,
  "sap_latent_codes": 64,
  "sap_latent_dim": 64,
  "sap_free_bits": 0.25,
  "sap_kl_anneal_steps": 2000,
  "sap_gumbel_tau": 1.0,
  "sap_cp_components": 8,
  "sap_wta_k": 4,
  "sap_u_freqs": 24,
  "sap_u_interior": 0.8,
  "sap_logit_chunk": 8192
}
Seeded weight init with --seed 1
Checkpoints directory: /__modal/volumes/vo-pelh2tULdL7ESlnYAQvaCw/out/s00_sap/d8/SAP_p1_discrete_T2_s1
✓ Wrapping model with DistributedDataParallel (rank 0, find_unused_parameters=False, broadcast_buffers=True)
Parameter counts:
wte                     : 16,777,216
wpe                     : 0
value_embeds            : 67,108,864
lm_head                 : 16,777,216
transformer_matrices    : 25,166,336
research                : 8,564,736
scalars                 : 16
total                   : 134,394,384
Estimated FLOPs per token (total):  3.129850e+08
COST_AXES precision=W16A16E16H16 bops_arith=4.0062e+10 energy_pj_per_token=2.5574e+08 inference_MiB=256.34 training_state_MiB=885.96
Estimated FLOPs per token (active): 3.129850e+08
Estimated active params:            134,394,384
[SAP] block head: mode=p1_discrete T=2 frac=0.0625 window=16 layers=2 params=18,941,952
Auto-computed optimal batch size: 262,144 tokens
Scaling LRs by 0.7071 for batch size 262,144 (reference: 524,288)
Scaling weight decay from 0.200000 to 0.371230 for depth 8
Scaling the LR for the AdamW parameters ∝1/√(512/768) = 1.224745
Calculated number of iterations from target FLOPs: 1,537
Total number of training tokens: 402,915,328
Tokens : Scaling params ratio: 9.61
Total training FLOPs estimate: 1.261064e+17
Total training FLOPs (active):  1.261064e+17
Total active training FLOPs estimate: 1.261064e+17
Using base scheduler: linear warmup/flat/linear warmdown
Tokens / micro-batch / rank: 128 x 2048 = 262,144
Tokens / micro-batch: 262,144
Total batch size 262,144 => gradient accumulation steps: 1
Running pre-compilation warmup (1 dummy forward+backward to init lazy allocations)...
[rank0]:W1001 23:05:36.166000 5888 site-packages/torch/_logging/_internal.py:1199] [0/0] Profiler function <class 'torch.autograd.profiler.record_function'> will be ignored
Warmup complete. Steady-state VRAM: 6.0 GB allocated
step 00000/01537 (0.00%) | loss: 20.796984 | lrm: 0.12 | lr(adamw:4.368e-02, muon:1.768e-03) | dt: 309.90ms | tok/sec: 845,906 | bf16_mfu: 26.77 | epoch: 1 pq: 0 rg: 1 | total time: 0.00m
step 00100/01537 (6.51%) | loss: 8.897984 | lrm: 1.00 | lr(adamw:3.494e-01, muon:1.414e-02) | dt: 244.91ms | tok/sec: 1,070,358 | bf16_mfu: 33.87 | epoch: 1 pq: 0 rg: 52 | total time: 0.37m | eta: 6.0m
step 00200/01537 (13.01%) | loss: 6.701867 | lrm: 1.00 | lr(adamw:3.494e-01, muon:1.414e-02) | dt: 256.64ms | tok/sec: 1,021,435 | bf16_mfu: 32.32 | epoch: 1 pq: 1 rg: 17 | total time: 0.79m | eta: 5.5m
step 00300/01537 (19.52%) | loss: 6.192351 | lrm: 1.00 | lr(adamw:3.494e-01, muon:1.414e-02) | dt: 249.92ms | tok/sec: 1,048,894 | bf16_mfu: 33.19 | epoch: 1 pq: 1 rg: 65 | total time: 1.21m | eta: 5.1m
step 00400/01537 (26.02%) | loss: 6.022724 | lrm: 1.00 | lr(adamw:3.494e-01, muon:1.414e-02) | dt: 252.30ms | tok/sec: 1,039,003 | bf16_mfu: 32.88 | epoch: 1 pq: 2 rg: 30 | total time: 1.62m | eta: 4.7m
step 00500/01537 (32.53%) | loss: 6.070300 | lrm: 1.00 | lr(adamw:3.494e-01, muon:1.414e-02) | dt: 252.02ms | tok/sec: 1,040,165 | bf16_mfu: 32.92 | epoch: 1 pq: 2 rg: 78 | total time: 2.04m | eta: 4.3m
step 00600/01537 (39.04%) | loss: 6.160234 | lrm: 0.94 | lr(adamw:3.288e-01, muon:1.331e-02) | dt: 254.77ms | tok/sec: 1,028,957 | bf16_mfu: 32.56 | epoch: 1 pq: 3 rg: 43 | total time: 2.46m | eta: 3.9m
step 00700/01537 (45.54%) | loss: 6.241712 | lrm: 0.85 | lr(adamw:2.956e-01, muon:1.196e-02) | dt: 253.27ms | tok/sec: 1,035,046 | bf16_mfu: 32.76 | epoch: 1 pq: 4 rg: 10 | total time: 2.88m | eta: 3.5m
step 00800/01537 (52.05%) | loss: 6.365990 | lrm: 0.75 | lr(adamw:2.624e-01, muon:1.062e-02) | dt: 252.39ms | tok/sec: 1,038,662 | bf16_mfu: 32.87 | epoch: 1 pq: 4 rg: 58 | total time: 3.30m | eta: 3.1m
step 00900/01537 (58.56%) | loss: 6.488555 | lrm: 0.66 | lr(adamw:2.291e-01, muon:9.274e-03) | dt: 250.59ms | tok/sec: 1,046,096 | bf16_mfu: 33.11 | epoch: 1 pq: 5 rg: 24 | total time: 3.72m | eta: 2.7m
step 01000/01537 (65.06%) | loss: 6.592632 | lrm: 0.56 | lr(adamw:1.959e-01, muon:7.929e-03) | dt: 250.94ms | tok/sec: 1,044,662 | bf16_mfu: 33.06 | epoch: 1 pq: 5 rg: 73 | total time: 4.14m | eta: 2.2m
step 01100/01537 (71.57%) | loss: 6.681051 | lrm: 0.47 | lr(adamw:1.627e-01, muon:6.584e-03) | dt: 252.54ms | tok/sec: 1,038,022 | bf16_mfu: 32.85 | epoch: 1 pq: 6 rg: 38 | total time: 4.56m | eta: 1.8m
step 01200/01537 (78.07%) | loss: 6.785326 | lrm: 0.37 | lr(adamw:1.295e-01, muon:5.239e-03) | dt: 253.97ms | tok/sec: 1,032,169 | bf16_mfu: 32.66 | epoch: 1 pq: 7 rg: 4 | total time: 4.98m | eta: 1.4m
step 01300/01537 (84.58%) | loss: 6.833217 | lrm: 0.28 | lr(adamw:9.622e-02, muon:3.894e-03) | dt: 251.65ms | tok/sec: 1,041,688 | bf16_mfu: 32.97 | epoch: 1 pq: 7 rg: 53 | total time: 5.40m | eta: 1.0m
step 01400/01537 (91.09%) | loss: 6.903227 | lrm: 0.18 | lr(adamw:6.300e-02, muon:2.550e-03) | dt: 246.88ms | tok/sec: 1,061,806 | bf16_mfu: 33.60 | epoch: 1 pq: 8 rg: 19 | total time: 5.81m | eta: 0.6m
step 01500/01537 (97.59%) | loss: 6.952164 | lrm: 0.09 | lr(adamw:2.977e-02, muon:1.205e-03) | dt: 251.49ms | tok/sec: 1,042,362 | bf16_mfu: 32.99 | epoch: 1 pq: 8 rg: 68 | total time: 6.23m | eta: 0.2m
step 01536/01537 (99.93%) | loss: 7.000928 | lrm: 0.05 | lr(adamw:1.780e-02, muon:7.206e-04) | dt: 251.91ms | tok/sec: 1,040,643 | bf16_mfu: 32.93 | epoch: 1 pq: 9 rg: 3 | total time: 6.38m | eta: 0.0m
/usr/local/lib/python3.12/site-packages/torch/_dynamo/variables/functions.py:1598: UserWarning: Dynamo does not know how to trace the builtin `torch._C._distributed_c10d.pybind11_detail_function_record_v1_system_libstdcpp_gxx_abi_1xxx_use_cxx11_abi_1._broadcast_coalesced.` This function is either a Python builtin (e.g. _warnings.warn) or a third-party C/C++ Python extension (perhaps created with pybind).
If it is a Python builtin, please file an issue on GitHub so the PyTorch team can add support for it and see the next case for a workaround.
If it is a third-party C/C++ Python extension, please either wrap it into a PyTorch-understood custom operator (see https://pytorch.org/tutorials/advanced/custom_ops_landing_page.html for more details) or, if it is traceable, use `torch.compiler.allow_in_graph`.
  torch._dynamo.utils.warn_once(explanation + "\n" + "\n".join(hints))
Step 01537 | Validation bpb: 1.027828 | val_loss: 3.372461
[rank0]: Traceback (most recent call last):
[rank0]:   File "<frozen runpy>", line 198, in _run_module_as_main
[rank0]:   File "<frozen runpy>", line 88, in _run_code
[rank0]:   File "/__modal/volumes/vo-pelh2tULdL7ESlnYAQvaCw/scripts/base_train.py", line 2399, in <module>
[rank0]:     _sap_eval = evaluate_block_bpb(orig_model, build_val_loader(), args.sap_eval_steps, token_bytes)
[rank0]:                 ^^^^^^^^^^^^^^^^^^^^^^^^^^^^^^^^^^^^^^^^^^^^^^^^^^^^^^^^^^^^^^^^^^^^^^^^^^^^^^^^^^^^
[rank0]:   File "/usr/local/lib/python3.12/site-packages/torch/utils/_contextlib.py", line 120, in decorate_context
[rank0]:     return func(*args, **kwargs)
[rank0]:            ^^^^^^^^^^^^^^^^^^^^^
[rank0]:   File "/__modal/volumes/vo-pelh2tULdL7ESlnYAQvaCw/nanochat/block_head.py", line 768, in evaluate_block_bpb
[rank0]:     logits, hid = model(x, return_hidden=True)
[rank0]:                   ^^^^^^^^^^^^^^^^^^^^^^^^^^^^
[rank0]:   File "/usr/local/lib/python3.12/site-packages/torch/nn/modules/module.py", line 1775, in _wrapped_call_impl
[rank0]:     return self._call_impl(*args, **kwargs)
[rank0]:            ^^^^^^^^^^^^^^^^^^^^^^^^^^^^^^^^
[rank0]:   File "/usr/local/lib/python3.12/site-packages/torch/nn/modules/module.py", line 1786, in _call_impl
[rank0]:     return forward_call(*args, **kwargs)
[rank0]:            ^^^^^^^^^^^^^^^^^^^^^^^^^^^^^
[rank0]:   File "/__modal/volumes/vo-pelh2tULdL7ESlnYAQvaCw/nanochat/gpt.py", line 11790, in forward
[rank0]:     logits = softcap * torch.tanh(logits / softcap) # squash the logits
[rank0]:                        ^^^^^^^^^^^^^^^^^^^^^^^^^^^^
[rank0]: torch.OutOfMemoryError: CUDA out of memory. Tried to allocate 32.00 GiB. GPU 0 has a total capacity of 139.80 GiB of which 5.54 GiB is free. Process 1 has 134.21 GiB memory in use. Of the allocated memory 102.60 GiB is allocated by PyTorch, and 30.34 GiB is reserved by PyTorch but unallocated. If reserved but unallocated memory is large try setting PYTORCH_CUDA_ALLOC_CONF=expandable_segments:True to avoid fragmentation.  See documentation for Memory Management  (https://pytorch.org/docs/stable/notes/cuda.html#environment-variables)
[rank0]:[W1001 23:13:25.518087099 ProcessGroupNCCL.cpp:1524] Warning: WARNING: destroy_process_group() was not called before program exit, which can leak resources. For more info, please see https://pytorch.org/docs/stable/distributed.html#shutdown (function operator())
E1001 23:13:27.529000 5882 site-packages/torch/distributed/elastic/multiprocessing/api.py:882] failed (exitcode: 1) local_rank: 0 (pid: 5888) of binary: /usr/local/bin/python
Traceback (most recent call last):
  File "/usr/local/bin/torchrun", line 10, in <module>
    sys.exit(main())
             ^^^^^^
  File "/usr/local/lib/python3.12/site-packages/torch/distributed/elastic/multiprocessing/errors/__init__.py", line 357, in wrapper
    return f(*args, **kwargs)
           ^^^^^^^^^^^^^^^^^^
  File "/usr/local/lib/python3.12/site-packages/torch/distributed/run.py", line 936, in main
    run(args)
  File "/usr/local/lib/python3.12/site-packages/torch/distributed/run.py", line 927, in run
    elastic_launch(
  File "/usr/local/lib/python3.12/site-packages/torch/distributed/launcher/api.py", line 156, in __call__
    return launch_agent(self._config, self._entrypoint, list(args))
           ^^^^^^^^^^^^^^^^^^^^^^^^^^^^^^^^^^^^^^^^^^^^^^^^^^^^^^^^
  File "/usr/local/lib/python3.12/site-packages/torch/distributed/launcher/api.py", line 293, in launch_agent
    raise ChildFailedError(
torch.distributed.elastic.multiprocessing.errors.ChildFailedError: 
============================================================
scripts.base_train FAILED
------------------------------------------------------------
Failures:
  <NO_OTHER_FAILURES>
------------------------------------------------------------
Root Cause (first observed failure):
[0]:
  time      : 2026-10-01_23:13:27
  host      : localhost
  rank      : 0 (local_rank: 0)
  exitcode  : 1 (pid: 5888)
  error_file: <N/A>
  traceback : To enable traceback see: https://pytorch.org/docs/stable/elastic/errors.html
============================================================
2026-10-01 23:13:35,979 - httpx - [32m[1mINFO[0m - HTTP Request: HEAD https://huggingface.co/varunneal/flash-attention-3/resolve/main/kernel-status.toml "HTTP/1.1 404 Not Found"
2026-10-01 23:13:36,080 - httpx - [32m[1mINFO[0m - HTTP Request: GET https://huggingface.co/api/models/varunneal/flash-attention-3/tree/main/build?recursive=false&expand=false "HTTP/1.1 200 OK"
2026-10-01 23:13:36,182 - httpx - [32m[1mINFO[0m - HTTP Request: GET https://huggingface.co/api/models/varunneal/flash-attention-3/revision/main "HTTP/1.1 200 OK"

                                                       █████                █████
                                                      ░░███                ░░███
     ████████    ██████   ████████    ██████   ██████  ░███████    ██████  ███████
    ░░███░░███  ░░░░░███ ░░███░░███  ███░░███ ███░░███ ░███░░███  ░░░░░███░░░███░
     ░███ ░███   ███████  ░███ ░███ ░███ ░███░███ ░░░  ░███ ░███   ███████  ░███
     ░███ ░███  ███░░███  ░███ ░███ ░███ ░███░███  ███ ░███ ░███  ███░░███  ░███ ███
     ████ █████░░████████ ████ █████░░██████ ░░██████  ████ █████░░███████  ░░█████
    ░░░░ ░░░░░  ░░░░░░░░ ░░░░ ░░░░░  ░░░░░░   ░░░░░░  ░░░░ ░░░░░  ░░░░░░░░   ░░░░░
    
Autodetected device type: cuda
2026-10-01 23:13:37,354 - nanochat.common - [32m[1mINFO[0m - Distributed world size: 1
Device: cuda (ddp=True, world_size=1)
GPU: NVIDIA H200 | Peak FLOPS (BF16): 9.89e+14
COMPUTE_DTYPE: torch.bfloat16 (auto-detected: CUDA SM 90 (bf16 supported))
✓ Using Flash Attention 3 (Hopper GPU detected) — efficient and fast.
Vocab size: 32,768
[SAP] block head: mode=p2_gauss T=2 frac=0.0625 window=16 layers=2 params=8,038,400
Model config:
{
  "sequence_len": 2048,
  "vocab_size": 32768,
  "n_layer": 8,
  "n_head": 4,
  "n_kv_head": 4,
  "n_embd": 512,
  "use_moe": false,
  "use_perm": false,
  "moe_num_experts": 8,
  "moe_router_dim": 64,
  "moe_embed_dim": 64,
  "dropout": 0.0,
  "use_remix_linear": false,
  "remix_context_dim": 64,
  "remix_context_dim_ratio": 6,
  "remix_basis_size": 64,
  "remix_output_gate_rank": 16,
  "remixed_linear_kwargs": {
    "use_basis_gate": true,
    "use_output_gate": true,
    "use_context": true,
    "basis_gate_mode": "mlp",
    "sparse_gate_k": 0,
    "gate_temperature": 1.0,
    "basis_scale_factor": 4,
    "n_templates": 1,
    "template_routing_learned": false,
    "template_topk": 0,
    "tiny_expert": false,
    "tiny_expert_topk": 16,
    "lokr_expert": false,
    "lokr_n_experts": 64,
    "lokr_topk": 16,
    "lokr_rank": 4,
    "lokr_learned": false,
    "basis_gate_rank": 8,
    "disable_ln_basis": false,
    "chunk_route_impl": "compose",
    "top1_gate": "ones",
    "template_delta_rank": 0,
    "route_side": "output",
    "drop_basis_proj": false,
    "basis_side_templates": 0,
    "grad_equalize": false,
    "output_gate_rank": 16,
    "operator_modulation": "none",
    "lie_generators": 4,
    "poly_order": 2,
    "grassmann_bank_size": 4
  },
  "use_pos_embed": false,
  "moe_use_abs_pos_embed": false,
  "use_layer_context": true,
  "scale_basis_size": true,
  "remix_use_dual_gate": false,
  "remix_use_fused": false,
  "p26_output_gated_linear": 0,
  "p28_shared_basis": 0,
  "p28_chunk_routing_size": 0,
  "p28_global_template_bank": "none",
  "p28_attn_proj_templates": 0,
  "p28_attn_qk_templates": 0,
  "p29_template_block_diag": 0,
  "p29_template_lr_scale": 1.0,
  "p29_grad_equalize": 0,
  "p34_ffn_mult": 4.0,
  "p34_ffn_single": 0,
  "p34_dense_attn": 0,
  "legacy_init_fallback": 0,
  "p35_template_diversity_lambda": 0.0,
  "p22_route_affine": 0,
  "p34_ffn_schedule": "",
  "p34_ffn_no_ffn_replacement": "none",
  "p34_ffn_last_depth": 1,
  "p36_swiglu_ffn": 0,
  "p36_swiglu_mult": 2.6666666666666665,
  "cond_sites": "both",
  "cond_rank": 256,
  "cond_mult_steps": 0,
  "cond_gate_source": "router",
  "cond_coeff_act": "centered",
  "cond_router_rank": 0,
  "cond_live_init": 0.0,
  "cond_router_act": "none",
  "cond_chunk_size": 0,
  "cond_mult_scale": -1.0,
  "cond_mult_impl": "wy",
  "cond_attn_projs": "qkvo",
  "cond_layer_frac": 1.0,
  "perm_expert_mode": "low_rank",
  "perm_rank": 16,
  "router_context_window": -1,
  "router_causal": true,
  "router_num_heads": 4,
  "router_num_queries": 16,
  "router_n_layers": 2,
  "router_use_vocab_prior": false,
  "window_pattern": "SSSL",
  "cclblock_modulation": "weight",
  "cclblock_orth_lambda": 0.0,
  "cclblock_context_stream": "local",
  "cclblock_ema_factor": 0.99,
  "cclblock_stale_ctx_lag": 0,
  "cclblock_sparse_gate_k": 0,
  "cclblock_gate_temperature": 1.0,
  "cclblock_context_bank_size": 0,
  "cclblock_per_head_ctx": false,
  "cclblock_context_source": "norm_x",
  "cclblock_chunk_size": 0,
  "cclblock_aux_objective": "none",
  "cclblock_aux_lambda": 0.1,
  "cclblock_boundary_token_id": 198,
  "use_ral": false,
  "ral_rank": 32,
  "cclblock_film_gate": false,
  "cclblock_attn_shadow_dim": 0,
  "cclblock_dynamic_ratio": 0.25,
  "cclblock_gate_rank": 8,
  "cclblock_num_regimes": 8,
  "cclblock_regime_temperature": 1.0,
  "cclblock_poly_order": 2,
  "cclblock_lie_generators": 4,
  "cclblock_grassmann_bank_size": 4,
  "cclblock_tucker_rank": 32,
  "cclblock_tucker_modes": 8,
  "cclblock_svs_rank": 64,
  "cclblock_svs_eps": 0.1,
  "cclblock_vq_codes": 8,
  "cclblock_vq_temperature": 1.0,
  "cclblock_dcu_warmup_steps": 0,
  "cclblock_fsi_rotations": 8,
  "cclblock_fsi_selector_dim": 64,
  "cclblock_aesp_strata": 4,
  "cclblock_aesp_delta_rank": 4,
  "cclblock_ckr_branches": 4,
  "cclblock_ckr_kernel_size": 64,
  "cclblock_ckr_pos_channels": 1,
  "cclblock_ckr_dual_optim": 0,
  "cclblock_ckr_content_bias": 0.0,
  "cclblock_giad_rank": 32,
  "cclblock_psg_kernel_size": 64,
  "cclblock_ss_dynamic_ratio": 0.25,
  "cclblock_ss_branches": 2,
  "cclblock_ss_kernel_size": 64,
  "cclblock_lokr_branches": 8,
  "cclblock_lokr_rank": 16,
  "cclblock_ckr_temp_start": 2.0,
  "cclblock_ckr_temp_end": 0.3,
  "cclblock_com_kernel_size": 32,
  "cclblock_ckr_ortho_init": 0,
  "cclblock_ckr_branch_dropout": 0.0,
  "cclblock_ckr_diversity_lambda": 0.0,
  "cclblock_ckr_layer_selective": 0,
  "cclblock_pgr_kernel_size": 64,
  "cclblock_cil_kernel_size": 64,
  "cclblock_prb_kernel_size": 64,
  "p18_layer_drop": 0.0,
  "p18_dynamic_activation": 0,
  "p18_mixture_norm": 0,
  "p18_causal_attn_bias": 0,
  "p18_aux_sim_lambda": 0.0,
  "p18_gradient_penalty": 0.0,
  "p18_per_channel_scale": 0,
  "p19_residual_gate": 0,
  "p19_head_importance": 0,
  "p19_residual_mix_groups": 0,
  "p19_attn_logit_bias": 0,
  "p19_residual_decay": 0,
  "p19_grad_equilibrium": 0.0,
  "p19_spectral_reparam": 0,
  "p19_weight_anticollapse": 0.0,
  "p19_ve_bias": 0,
  "p19_weight_noise": 0.0,
  "p20_hrcs_scale": 0,
  "p20_lswr_scale": 0,
  "p20_lswr_planes": 8,
  "p20_lrcfb_branches": 0,
  "p20_lrcfb_narrow": 0,
  "p20_lrcfb_learned": 0,
  "p20_lrcfb_topk": 0,
  "p20_dgcr_branches": 0,
  "p20_dgcr_aux_weight": 0.01,
  "p20_mone_experts": 0,
  "p20_mone_topk": 0,
  "p20_mone_narrow": 1,
  "p20_mone_frozen": 0,
  "p20_ncea_branches": 0,
  "p20_ncea_eps": 0.1,
  "p20_adwi": 0,
  "p20_pwu_branches": 0,
  "p20_pwu_phase": 1,
  "p20_fsvd_gate": 0,
  "p20_wbfc_clusters": 0,
  "p20_wbfc_active": 0,
  "p21_per_experts": 0,
  "p21_per_topk": 0,
  "p21_per_learned": 0,
  "p21_per_attn": 0,
  "p22_attn_moe_route": "none",
  "p23_tiny_expert": 0,
  "p23_n_experts": 64,
  "p23_topk": 16,
  "p23_learned_route": 0,
  "p23_std_moe_experts": 0,
  "p23_std_moe_topk": -1,
  "p23_std_moe_aux_weight": 0.01,
  "p23_lokr": 0,
  "p23_lokr_rank": 4,
  "p23_use_shared_block_router": 0,
  "p23_linear_moe_experts": 0,
  "p23_linear_moe_topk": 0,
  "p23_quantile_route": 0,
  "remix_shared_context_gates": 0,
  "p24_use_sliced_weight": 0,
  "p24_sliced_weight_reduction_scale": 8,
  "p24_sliced_weight_min_select": 128,
  "p24_sliced_weight_scope": "per_token",
  "p24_sliced_weight_balance_coeff": 0.01,
  "p24_quantile_route": 0,
  "p24_use_folded_mod": 0,
  "p24_folded_mod_reduction_scale": 8,
  "p24_folded_mod_min_dim": 128,
  "p24_folded_mod_scope": "per_layer",
  "p24_folded_mod_gate_act": "tanh_centered",
  "p24_use_sequence_gated_linear": 0,
  "p24_sequence_gated_scope": "per_layer",
  "p24_sequence_gated_act": "tanh_centered",
  "remix_disable_ln_basis": 0,
  "dense_intermediate_ln": 0,
  "use_mol": false,
  "mol_n_blocks": 5,
  "mol_n_shared": 1,
  "mol_topk": 3,
  "mol_thin_dim": 256,
  "mol_head_dim": 64,
  "mol_ffn_mult": 4.0,
  "mol_router_aux": 0.05,
  "mol_routed_attn": "softmax",
  "mol_dispatch": 1,
  "mol_capacity_factor": 1.0,
  "mol_block_lr_scale": 1.0,
  "mol_per_block_ve": 0,
  "use_binary": false,
  "binary_acts": true,
  "binary_weight_scale": "row",
  "binary_act_scale": "token",
  "binary_clip": 1.0,
  "binary_linear": true,
  "binary_embeddings": true,
  "binary_skip": "",
  "binary_native": false,
  "binary_tau": 1.0,
  "binary_hard": false,
  "binary_resid_width": 0,
  "binary_attn_chunk": 256,
  "use_mst": false,
  "mst_n_subs": 8,
  "mst_sub_dim": 64,
  "mst_head_dim": 0,
  "mst_input_mode": "fixed_slice",
  "mst_rotated_slice_learned": false,
  "mst_routing_mode": "soft_weighted",
  "mst_routing_topk": 4,
  "mst_routing_aux_weight": 0.01,
  "mst_diversity_weight": 0.0,
  "mst_ffn_mode": "standard",
  "mst_ffn_every": 1,
  "mst_transition_mode": "parallel",
  "mst_final_mode": "aggregate_proj",
  "mst_final_topk": -1,
  "mst_ffn_shared_up": 0,
  "mst_ffn_inner_dim": 0,
  "mst_sub_dropout": 0.0,
  "mst_transition_every": 1,
  "mst_ffa_temperature": 1.0,
  "mst_global_residual": 0,
  "mst_hybrid_dense": 0,
  "mst_cross_sub_kv": 0,
  "mst_sub_aux_weight": 0.0,
  "mst_progressive_merge": 0,
  "mst_multi_scale_windows": 0,
  "mst_delta_residual": 0,
  "mst_sub_layers": 1,
  "mst_grad_equalize": 0,
  "mst_block_diagonal_muon": 0,
  "mst_transition_width_mult": 1.0,
  "mst_sub_lr_scale": 1.0,
  "mst_shared_expert": 0,
  "mst_router_entropy_weight": 0.0,
  "mst_shared_kv_attn": 0,
  "mst_contrastive_diversity_weight": 0.0,
  "mst_transition_nonlinear": 0,
  "mst_transition_gated": 0,
  "mst_transition_mlp": 0,
  "mst_cross_sub_gate": 0,
  "mst_hyper_connect": 0,
  "mst_cross_kv_inject": 0,
  "mst_slice_transition": 0,
  "mst_lookback_layers": 0,
  "mst_bilinear_transition": 0,
  "mst_cross_sub_qmod": 0,
  "mst_feature_cycle": 0,
  "mst_mean_transition": 0,
  "mst_sub_head_dim": 0,
  "mst_final_norm": 0,
  "mst_per_stream_ve": 0,
  "mst_ve_map": 0,
  "mst_ve_map_rank": 0,
  "mst_lm_head_dim": 0,
  "mst_compose_windows": 0,
  "mst_channel_mix": "none",
  "mst_channel_mix_site": "layer",
  "mst_distribute_block_muon": 0,
  "mst_trans_spectral_lr": 0,
  "mst_talking_heads": 0,
  "mst_wo_mode": "block",
  "mst_stream_topk": 0,
  "mst_stream_shared": 0,
  "mst_stream_router_aux": 0.01,
  "mst_stream_router_noise": 0.0,
  "mst_stream_dispatch": 0,
  "mst_stream_capacity_factor": 1.0,
  "mst_stream_gate_attn": 0,
  "mst_ffn_monarch": "none",
  "mst_shampoo": 0,
  "mst_precond_every": 10,
  "mst_shampoo_beta": 0.95,
  "use_eet": false,
  "eet_frozen_kv": true,
  "eet_reenter_final": false,
  "eet_router_type": "mlp2",
  "eet_router_hidden": 0,
  "eet_freq_prior_alpha": 0.0,
  "eet_pos_prior_beta": 0.0,
  "eet_domain_prior": false,
  "eet_warmup_frac": 0.02,
  "eet_explore_frac": 0.15,
  "eet_reconstruct_lambda": 1.0,
  "eet_efficiency_lambda_start": 0.01,
  "eet_efficiency_lambda_end": 0.1,
  "eet_translator_rank": 0,
  "eet_max_frozen_kv_frac": 0.75,
  "eet_exit_threshold": 0.5,
  "eet_min_exit_layer": 1,
  "eet_loss_variant": "reconstruct",
  "eet_topk_vocab": 512,
  "eet_entropy_lambda": 0.3,
  "eet_surprise_lambda": 0.1,
  "eet_adv_lambda": 1.0,
  "eet_adv_entropy_lambda": 0.2,
  "eet_quality_lambda": 1.0,
  "eet_quality_entropy_bonus": 0.1,
  "eet_gumbel_temp_start": 0.0,
  "eet_gumbel_temp_end": 0.1,
  "eet_gumbel_hard": true,
  "eet_commitment_beta": 0.1,
  "eet_global_router": false,
  "eet_freq_efficiency_alpha": 0.0,
  "eet_diversity_lambda": 0.0,
  "eet_ce_guided_lambda": 1.0,
  "eet_router_lr_mult": 5.0,
  "eet_model_lr_mult": 1.0,
  "eet_depth_weight_type": "none",
  "eet_depth_weight_max": 2.5,
  "eet_use_override": 0,
  "eet_override_prob_start": 0.5,
  "eet_override_prob_end": 0.1,
  "eet_compute_skip": false,
  "eet_target_active_frac": 0.125,
  "eet_capacity_schedule": "bell",
  "eet_exit_fracs": null,
  "eet_capacity_alignment_lambda": 0.0,
  "eet_kv_mode": "none",
  "eet_route_noise": 0.0,
  "eet_route_noise_end": -1.0,
  "eet_coverage_diag": false,
  "deep_supervision_lambda": 0.0,
  "deep_supervision_frac": 0.125,
  "eet_width_power": 0.0,
  "eet_width_cap": 16.0,
  "eet_kv_eager": false,
  "eet_router_task_grad": true,
  "eet_reinforce_interval": 0,
  "eet_reinforce_lambda": 0.1,
  "eet_exit_adapter_rank": 0,
  "eet_router_after_block": 0,
  "eet_ffn_skip": false,
  "eet_ffn_target_frac": 0.5,
  "eet_ffn_full_attn": true,
  "eet_depth_affine": false,
  "eet_capacity_anneal_frac": 0.0,
  "eet_learned_schedule": false,
  "eet_departure_summary": false,
  "eet_route_consistency_lambda": 0.0,
  "eet_dense_distill_interval": 0,
  "eet_dense_distill_lambda": 0.5,
  "eet_depth_lr_scale": false,
  "eet_depth_grad_scale": false,
  "eet_detach_aux_from_backbone": false,
  "eet_detach_exit_from_backbone": false,
  "use_code_head": false,
  "sch_head_type": "code",
  "sch_bits": 0,
  "sch_order": 2,
  "sch_max_m": 0,
  "sch_phi_mode": "monomial",
  "sch_code_mode": "binary",
  "sch_code_path": "",
  "sch_code_ecc_bits": 0,
  "sch_code_seed": 1234,
  "sch_phi_density": 0.0,
  "sch_phi_dtype": "bf16",
  "sch_phi_normalize": 1,
  "sch_phi_center": 0,
  "sch_g_type": "linear",
  "sch_g_hidden": 0,
  "sch_g_layers": 2,
  "sch_g_out_std": 0.001,
  "sch_mixture": 1,
  "sch_residual_rank": 0,
  "sch_logit_act": "none",
  "sch_bias": 0,
  "sch_input_mode": "table",
  "sch_input_hidden": 0,
  "sch_product_groups": 8,
  "sch_product_codebook": 256,
  "sch_product_source": "hash",
  "sch_product_impl": "dense",
  "sch_phi_whiten": 0,
  "sch_mixture_per_phi": 0,
  "sch_mixture_topk": 0,
  "sch_mixture_aux": 0.01,
  "sch_monarch_m1": 0,
  "sch_monarch_perm": "none",
  "sch_monarch_perm_path": "",
  "sch_tier_bounds": "",
  "sch_tier_caps": "",
  "sch_tier_order": "freq",
  "sch_tier_perm_path": "",
  "sch_proposal_rank": 32,
  "sch_proposal_topk": 16384,
  "sch_proposal_samples": 4096,
  "sch_proposal_warmup": 0,
  "sch_proposal_chunk": 2048,
  "sch_proposal_aux": 1.0,
  "sch_nfh_mode": "cp",
  "sch_nfh_rank": 32,
  "sch_nfh_dims": "",
  "sch_nfh_groups": 3,
  "sch_nfh_views": 1,
  "sch_nfh_perm": "none",
  "sch_nfh_perm_path": "",
  "sch_nfh_g_type": "linear",
  "sch_nfh_g_hidden": 0,
  "sch_rerank_mode": "topk",
  "sch_rerank_k": 64,
  "sch_rerank_rank": 32,
  "sch_nfh_smooth": 0,
  "sch_nfh_chunk": 256,
  "sap_block_T": 2,
  "sap_block_mode": "p2_gauss",
  "sap_block_frac": 0.0625,
  "sap_lambda": 1.0,
  "sap_head_layers": 2,
  "sap_head_heads": 0,
  "sap_head_mlp_mult": 2,
  "sap_enc_layers": 1,
  "sap_ctx_window": 16,
  "sap_latent_groups": 4,
  "sap_latent_codes": 64,
  "sap_latent_dim": 64,
  "sap_free_bits": 0.25,
  "sap_kl_anneal_steps": 2000,
  "sap_gumbel_tau": 1.0,
  "sap_cp_components": 8,
  "sap_wta_k": 4,
  "sap_u_freqs": 24,
  "sap_u_interior": 0.8,
  "sap_logit_chunk": 8192
}
Seeded weight init with --seed 1
Checkpoints directory: /__modal/volumes/vo-pelh2tULdL7ESlnYAQvaCw/out/s00_sap/d8/SAP_p2_gauss_T2_s1
✓ Wrapping model with DistributedDataParallel (rank 0, find_unused_parameters=False, broadcast_buffers=True)
Parameter counts:
wte                     : 16,777,216
wpe                     : 0
value_embeds            : 67,108,864
lm_head                 : 16,777,216
transformer_matrices    : 25,166,336
research                : 8,038,400
scalars                 : 16
total                   : 133,868,048
Estimated FLOPs per token (total):  3.113261e+08
COST_AXES precision=W16A16E16H16 bops_arith=3.9850e+10 energy_pj_per_token=2.5441e+08 inference_MiB=255.33 training_state_MiB=882.49
Estimated FLOPs per token (active): 3.113261e+08
Estimated active params:            133,868,048
[SAP] block head: mode=p2_gauss T=2 frac=0.0625 window=16 layers=2 params=17,955,840
Auto-computed optimal batch size: 262,144 tokens
Scaling LRs by 0.7071 for batch size 262,144 (reference: 524,288)
Scaling weight decay from 0.200000 to 0.371230 for depth 8
Scaling the LR for the AdamW parameters ∝1/√(512/768) = 1.224745
Calculated number of iterations from target FLOPs: 1,545
Total number of training tokens: 405,012,480
Tokens : Scaling params ratio: 9.66
Total training FLOPs estimate: 1.260909e+17
Total training FLOPs (active):  1.260909e+17
Total active training FLOPs estimate: 1.260909e+17
Using base scheduler: linear warmup/flat/linear warmdown
Tokens / micro-batch / rank: 128 x 2048 = 262,144
Tokens / micro-batch: 262,144
Total batch size 262,144 => gradient accumulation steps: 1
Running pre-compilation warmup (1 dummy forward+backward to init lazy allocations)...
[rank0]:W1001 23:13:38.085000 33086 site-packages/torch/_logging/_internal.py:1199] [0/0] Profiler function <class 'torch.autograd.profiler.record_function'> will be ignored
Warmup complete. Steady-state VRAM: 6.0 GB allocated
step 00000/01545 (0.00%) | loss: 20.795879 | lrm: 0.12 | lr(adamw:4.368e-02, muon:1.768e-03) | dt: 308.30ms | tok/sec: 850,291 | bf16_mfu: 26.77 | epoch: 1 pq: 0 rg: 1 | total time: 0.00m
step 00100/01545 (6.47%) | loss: 6.280022 | lrm: 1.00 | lr(adamw:3.494e-01, muon:1.414e-02) | dt: 245.97ms | tok/sec: 1,065,742 | bf16_mfu: 33.55 | epoch: 1 pq: 0 rg: 52 | total time: 0.37m | eta: 6.0m
step 00200/01545 (12.94%) | loss: 5.332362 | lrm: 1.00 | lr(adamw:3.494e-01, muon:1.414e-02) | dt: 251.52ms | tok/sec: 1,042,254 | bf16_mfu: 32.81 | epoch: 1 pq: 1 rg: 17 | total time: 0.79m | eta: 5.6m
step 00300/01545 (19.42%) | loss: 5.448122 | lrm: 1.00 | lr(adamw:3.494e-01, muon:1.414e-02) | dt: 249.12ms | tok/sec: 1,052,297 | bf16_mfu: 33.13 | epoch: 1 pq: 1 rg: 65 | total time: 1.20m | eta: 5.2m
step 00400/01545 (25.89%) | loss: 5.624483 | lrm: 1.00 | lr(adamw:3.494e-01, muon:1.414e-02) | dt: 250.21ms | tok/sec: 1,047,675 | bf16_mfu: 32.98 | epoch: 1 pq: 2 rg: 30 | total time: 1.62m | eta: 4.7m
step 00500/01545 (32.36%) | loss: 5.830543 | lrm: 1.00 | lr(adamw:3.494e-01, muon:1.414e-02) | dt: 249.35ms | tok/sec: 1,051,316 | bf16_mfu: 33.09 | epoch: 1 pq: 2 rg: 78 | total time: 2.03m | eta: 4.3m
step 00600/01545 (38.83%) | loss: 6.002492 | lrm: 0.94 | lr(adamw:3.299e-01, muon:1.335e-02) | dt: 247.72ms | tok/sec: 1,058,214 | bf16_mfu: 33.31 | epoch: 1 pq: 3 rg: 43 | total time: 2.45m | eta: 3.9m
step 00700/01545 (45.31%) | loss: 6.133412 | lrm: 0.85 | lr(adamw:2.969e-01, muon:1.201e-02) | dt: 249.11ms | tok/sec: 1,052,317 | bf16_mfu: 33.13 | epoch: 1 pq: 4 rg: 10 | total time: 2.86m | eta: 3.5m
step 00800/01545 (51.78%) | loss: 6.276950 | lrm: 0.75 | lr(adamw:2.638e-01, muon:1.068e-02) | dt: 247.63ms | tok/sec: 1,058,601 | bf16_mfu: 33.32 | epoch: 1 pq: 4 rg: 58 | total time: 3.28m | eta: 3.1m
step 00900/01545 (58.25%) | loss: 6.408939 | lrm: 0.66 | lr(adamw:2.307e-01, muon:9.338e-03) | dt: 250.99ms | tok/sec: 1,044,428 | bf16_mfu: 32.88 | epoch: 1 pq: 5 rg: 24 | total time: 3.70m | eta: 2.7m
step 01000/01545 (64.72%) | loss: 6.512698 | lrm: 0.57 | lr(adamw:1.977e-01, muon:8.000e-03) | dt: 246.06ms | tok/sec: 1,065,386 | bf16_mfu: 33.54 | epoch: 1 pq: 5 rg: 73 | total time: 4.11m | eta: 2.3m
step 01100/01545 (71.20%) | loss: 6.614326 | lrm: 0.47 | lr(adamw:1.646e-01, muon:6.662e-03) | dt: 246.92ms | tok/sec: 1,061,667 | bf16_mfu: 33.42 | epoch: 1 pq: 6 rg: 38 | total time: 4.52m | eta: 1.8m
step 01200/01545 (77.67%) | loss: 6.713730 | lrm: 0.38 | lr(adamw:1.315e-01, muon:5.324e-03) | dt: 247.44ms | tok/sec: 1,059,443 | bf16_mfu: 33.35 | epoch: 1 pq: 7 rg: 4 | total time: 4.94m | eta: 1.4m
step 01300/01545 (84.14%) | loss: 6.769897 | lrm: 0.28 | lr(adamw:9.848e-02, muon:3.986e-03) | dt: 246.98ms | tok/sec: 1,061,403 | bf16_mfu: 33.41 | epoch: 1 pq: 7 rg: 53 | total time: 5.35m | eta: 1.0m
step 01400/01545 (90.61%) | loss: 6.856614 | lrm: 0.19 | lr(adamw:6.541e-02, muon:2.647e-03) | dt: 246.71ms | tok/sec: 1,062,579 | bf16_mfu: 33.45 | epoch: 1 pq: 8 rg: 19 | total time: 5.77m | eta: 0.6m
step 01500/01545 (97.09%) | loss: 6.916136 | lrm: 0.09 | lr(adamw:3.235e-02, muon:1.309e-03) | dt: 247.07ms | tok/sec: 1,061,018 | bf16_mfu: 33.40 | epoch: 1 pq: 8 rg: 68 | total time: 6.18m | eta: 0.2m
step 01544/01545 (99.94%) | loss: 6.958655 | lrm: 0.05 | lr(adamw:1.780e-02, muon:7.205e-04) | dt: 242.98ms | tok/sec: 1,078,875 | bf16_mfu: 33.96 | epoch: 1 pq: 9 rg: 7 | total time: 6.36m | eta: 0.0m
/usr/local/lib/python3.12/site-packages/torch/_dynamo/variables/functions.py:1598: UserWarning: Dynamo does not know how to trace the builtin `torch._C._distributed_c10d.pybind11_detail_function_record_v1_system_libstdcpp_gxx_abi_1xxx_use_cxx11_abi_1._broadcast_coalesced.` This function is either a Python builtin (e.g. _warnings.warn) or a third-party C/C++ Python extension (perhaps created with pybind).
If it is a Python builtin, please file an issue on GitHub so the PyTorch team can add support for it and see the next case for a workaround.
If it is a third-party C/C++ Python extension, please either wrap it into a PyTorch-understood custom operator (see https://pytorch.org/tutorials/advanced/custom_ops_landing_page.html for more details) or, if it is traceable, use `torch.compiler.allow_in_graph`.
  torch._dynamo.utils.warn_once(explanation + "\n" + "\n".join(hints))
Step 01545 | Validation bpb: 1.020943 | val_loss: 3.349867
[rank0]: Traceback (most recent call last):
[rank0]:   File "<frozen runpy>", line 198, in _run_module_as_main
[rank0]:   File "<frozen runpy>", line 88, in _run_code
[rank0]:   File "/__modal/volumes/vo-pelh2tULdL7ESlnYAQvaCw/scripts/base_train.py", line 2399, in <module>
[rank0]:     _sap_eval = evaluate_block_bpb(orig_model, build_val_loader(), args.sap_eval_steps, token_bytes)
[rank0]:                 ^^^^^^^^^^^^^^^^^^^^^^^^^^^^^^^^^^^^^^^^^^^^^^^^^^^^^^^^^^^^^^^^^^^^^^^^^^^^^^^^^^^^
[rank0]:   File "/usr/local/lib/python3.12/site-packages/torch/utils/_contextlib.py", line 120, in decorate_context
[rank0]:     return func(*args, **kwargs)
[rank0]:            ^^^^^^^^^^^^^^^^^^^^^
[rank0]:   File "/__modal/volumes/vo-pelh2tULdL7ESlnYAQvaCw/nanochat/block_head.py", line 768, in evaluate_block_bpb
[rank0]:     logits, hid = model(x, return_hidden=True)
[rank0]:                   ^^^^^^^^^^^^^^^^^^^^^^^^^^^^
[rank0]:   File "/usr/local/lib/python3.12/site-packages/torch/nn/modules/module.py", line 1775, in _wrapped_call_impl
[rank0]:     return self._call_impl(*args, **kwargs)
[rank0]:            ^^^^^^^^^^^^^^^^^^^^^^^^^^^^^^^^
[rank0]:   File "/usr/local/lib/python3.12/site-packages/torch/nn/modules/module.py", line 1786, in _call_impl
[rank0]:     return forward_call(*args, **kwargs)
[rank0]:            ^^^^^^^^^^^^^^^^^^^^^^^^^^^^^
[rank0]:   File "/__modal/volumes/vo-pelh2tULdL7ESlnYAQvaCw/nanochat/gpt.py", line 11790, in forward
[rank0]:     logits = softcap * torch.tanh(logits / softcap) # squash the logits
[rank0]:                        ^^^^^^^^^^^^^^^^^^^^^^^^^^^^
[rank0]: torch.OutOfMemoryError: CUDA out of memory. Tried to allocate 32.00 GiB. GPU 0 has a total capacity of 139.80 GiB of which 5.63 GiB is free. Process 1 has 134.13 GiB memory in use. Of the allocated memory 102.59 GiB is allocated by PyTorch, and 30.26 GiB is reserved by PyTorch but unallocated. If reserved but unallocated memory is large try setting PYTORCH_CUDA_ALLOC_CONF=expandable_segments:True to avoid fragmentation.  See documentation for Memory Management  (https://pytorch.org/docs/stable/notes/cuda.html#environment-variables)
[rank0]:[W1001 23:21:24.327956767 ProcessGroupNCCL.cpp:1524] Warning: WARNING: destroy_process_group() was not called before program exit, which can leak resources. For more info, please see https://pytorch.org/docs/stable/distributed.html#shutdown (function operator())
E1001 23:21:25.983000 33080 site-packages/torch/distributed/elastic/multiprocessing/api.py:882] failed (exitcode: 1) local_rank: 0 (pid: 33086) of binary: /usr/local/bin/python
Traceback (most recent call last):
  File "/usr/local/bin/torchrun", line 10, in <module>
    sys.exit(main())
             ^^^^^^
  File "/usr/local/lib/python3.12/site-packages/torch/distributed/elastic/multiprocessing/errors/__init__.py", line 357, in wrapper
    return f(*args, **kwargs)
           ^^^^^^^^^^^^^^^^^^
  File "/usr/local/lib/python3.12/site-packages/torch/distributed/run.py", line 936, in main
    run(args)
  File "/usr/local/lib/python3.12/site-packages/torch/distributed/run.py", line 927, in run
    elastic_launch(
  File "/usr/local/lib/python3.12/site-packages/torch/distributed/launcher/api.py", line 156, in __call__
    return launch_agent(self._config, self._entrypoint, list(args))
           ^^^^^^^^^^^^^^^^^^^^^^^^^^^^^^^^^^^^^^^^^^^^^^^^^^^^^^^^
  File "/usr/local/lib/python3.12/site-packages/torch/distributed/launcher/api.py", line 293, in launch_agent
    raise ChildFailedError(
torch.distributed.elastic.multiprocessing.errors.ChildFailedError: 
============================================================
scripts.base_train FAILED
------------------------------------------------------------
Failures:
  <NO_OTHER_FAILURES>
------------------------------------------------------------
Root Cause (first observed failure):
[0]:
  time      : 2026-10-01_23:21:25
  host      : localhost
  rank      : 0 (local_rank: 0)
  exitcode  : 1 (pid: 33086)
  error_file: <N/A>
  traceback : To enable traceback see: https://pytorch.org/docs/stable/elastic/errors.html
============================================================
2026-10-01 23:21:33,559 - httpx - [32m[1mINFO[0m - HTTP Request: HEAD https://huggingface.co/varunneal/flash-attention-3/resolve/main/kernel-status.toml "HTTP/1.1 404 Not Found"
2026-10-01 23:21:33,668 - httpx - [32m[1mINFO[0m - HTTP Request: GET https://huggingface.co/api/models/varunneal/flash-attention-3/tree/main/build?recursive=false&expand=false "HTTP/1.1 200 OK"
2026-10-01 23:21:33,771 - httpx - [32m[1mINFO[0m - HTTP Request: GET https://huggingface.co/api/models/varunneal/flash-attention-3/revision/main "HTTP/1.1 200 OK"

                                                       █████                █████
                                                      ░░███                ░░███
     ████████    ██████   ████████    ██████   ██████  ░███████    ██████  ███████
    ░░███░░███  ░░░░░███ ░░███░░███  ███░░███ ███░░███ ░███░░███  ░░░░░███░░░███░
     ░███ ░███   ███████  ░███ ░███ ░███ ░███░███ ░░░  ░███ ░███   ███████  ░███
     ░███ ░███  ███░░███  ░███ ░███ ░███ ░███░███  ███ ░███ ░███  ███░░███  ░███ ███
     ████ █████░░████████ ████ █████░░██████ ░░██████  ████ █████░░███████  ░░█████
    ░░░░ ░░░░░  ░░░░░░░░ ░░░░ ░░░░░  ░░░░░░   ░░░░░░  ░░░░ ░░░░░  ░░░░░░░░   ░░░░░
    
Autodetected device type: cuda
2026-10-01 23:21:34,938 - nanochat.common - [32m[1mINFO[0m - Distributed world size: 1
Device: cuda (ddp=True, world_size=1)
GPU: NVIDIA H200 | Peak FLOPS (BF16): 9.89e+14
COMPUTE_DTYPE: torch.bfloat16 (auto-detected: CUDA SM 90 (bf16 supported))
✓ Using Flash Attention 3 (Hopper GPU detected) — efficient and fast.
Vocab size: 32,768
[SAP] block head: mode=indep T=4 frac=0.0625 window=16 layers=2 params=4,466,688
Model config:
{
  "sequence_len": 2048,
  "vocab_size": 32768,
  "n_layer": 8,
  "n_head": 4,
  "n_kv_head": 4,
  "n_embd": 512,
  "use_moe": false,
  "use_perm": false,
  "moe_num_experts": 8,
  "moe_router_dim": 64,
  "moe_embed_dim": 64,
  "dropout": 0.0,
  "use_remix_linear": false,
  "remix_context_dim": 64,
  "remix_context_dim_ratio": 6,
  "remix_basis_size": 64,
  "remix_output_gate_rank": 16,
  "remixed_linear_kwargs": {
    "use_basis_gate": true,
    "use_output_gate": true,
    "use_context": true,
    "basis_gate_mode": "mlp",
    "sparse_gate_k": 0,
    "gate_temperature": 1.0,
    "basis_scale_factor": 4,
    "n_templates": 1,
    "template_routing_learned": false,
    "template_topk": 0,
    "tiny_expert": false,
    "tiny_expert_topk": 16,
    "lokr_expert": false,
    "lokr_n_experts": 64,
    "lokr_topk": 16,
    "lokr_rank": 4,
    "lokr_learned": false,
    "basis_gate_rank": 8,
    "disable_ln_basis": false,
    "chunk_route_impl": "compose",
    "top1_gate": "ones",
    "template_delta_rank": 0,
    "route_side": "output",
    "drop_basis_proj": false,
    "basis_side_templates": 0,
    "grad_equalize": false,
    "output_gate_rank": 16,
    "operator_modulation": "none",
    "lie_generators": 4,
    "poly_order": 2,
    "grassmann_bank_size": 4
  },
  "use_pos_embed": false,
  "moe_use_abs_pos_embed": false,
  "use_layer_context": true,
  "scale_basis_size": true,
  "remix_use_dual_gate": false,
  "remix_use_fused": false,
  "p26_output_gated_linear": 0,
  "p28_shared_basis": 0,
  "p28_chunk_routing_size": 0,
  "p28_global_template_bank": "none",
  "p28_attn_proj_templates": 0,
  "p28_attn_qk_templates": 0,
  "p29_template_block_diag": 0,
  "p29_template_lr_scale": 1.0,
  "p29_grad_equalize": 0,
  "p34_ffn_mult": 4.0,
  "p34_ffn_single": 0,
  "p34_dense_attn": 0,
  "legacy_init_fallback": 0,
  "p35_template_diversity_lambda": 0.0,
  "p22_route_affine": 0,
  "p34_ffn_schedule": "",
  "p34_ffn_no_ffn_replacement": "none",
  "p34_ffn_last_depth": 1,
  "p36_swiglu_ffn": 0,
  "p36_swiglu_mult": 2.6666666666666665,
  "cond_sites": "both",
  "cond_rank": 256,
  "cond_mult_steps": 0,
  "cond_gate_source": "router",
  "cond_coeff_act": "centered",
  "cond_router_rank": 0,
  "cond_live_init": 0.0,
  "cond_router_act": "none",
  "cond_chunk_size": 0,
  "cond_mult_scale": -1.0,
  "cond_mult_impl": "wy",
  "cond_attn_projs": "qkvo",
  "cond_layer_frac": 1.0,
  "perm_expert_mode": "low_rank",
  "perm_rank": 16,
  "router_context_window": -1,
  "router_causal": true,
  "router_num_heads": 4,
  "router_num_queries": 16,
  "router_n_layers": 2,
  "router_use_vocab_prior": false,
  "window_pattern": "SSSL",
  "cclblock_modulation": "weight",
  "cclblock_orth_lambda": 0.0,
  "cclblock_context_stream": "local",
  "cclblock_ema_factor": 0.99,
  "cclblock_stale_ctx_lag": 0,
  "cclblock_sparse_gate_k": 0,
  "cclblock_gate_temperature": 1.0,
  "cclblock_context_bank_size": 0,
  "cclblock_per_head_ctx": false,
  "cclblock_context_source": "norm_x",
  "cclblock_chunk_size": 0,
  "cclblock_aux_objective": "none",
  "cclblock_aux_lambda": 0.1,
  "cclblock_boundary_token_id": 198,
  "use_ral": false,
  "ral_rank": 32,
  "cclblock_film_gate": false,
  "cclblock_attn_shadow_dim": 0,
  "cclblock_dynamic_ratio": 0.25,
  "cclblock_gate_rank": 8,
  "cclblock_num_regimes": 8,
  "cclblock_regime_temperature": 1.0,
  "cclblock_poly_order": 2,
  "cclblock_lie_generators": 4,
  "cclblock_grassmann_bank_size": 4,
  "cclblock_tucker_rank": 32,
  "cclblock_tucker_modes": 8,
  "cclblock_svs_rank": 64,
  "cclblock_svs_eps": 0.1,
  "cclblock_vq_codes": 8,
  "cclblock_vq_temperature": 1.0,
  "cclblock_dcu_warmup_steps": 0,
  "cclblock_fsi_rotations": 8,
  "cclblock_fsi_selector_dim": 64,
  "cclblock_aesp_strata": 4,
  "cclblock_aesp_delta_rank": 4,
  "cclblock_ckr_branches": 4,
  "cclblock_ckr_kernel_size": 64,
  "cclblock_ckr_pos_channels": 1,
  "cclblock_ckr_dual_optim": 0,
  "cclblock_ckr_content_bias": 0.0,
  "cclblock_giad_rank": 32,
  "cclblock_psg_kernel_size": 64,
  "cclblock_ss_dynamic_ratio": 0.25,
  "cclblock_ss_branches": 2,
  "cclblock_ss_kernel_size": 64,
  "cclblock_lokr_branches": 8,
  "cclblock_lokr_rank": 16,
  "cclblock_ckr_temp_start": 2.0,
  "cclblock_ckr_temp_end": 0.3,
  "cclblock_com_kernel_size": 32,
  "cclblock_ckr_ortho_init": 0,
  "cclblock_ckr_branch_dropout": 0.0,
  "cclblock_ckr_diversity_lambda": 0.0,
  "cclblock_ckr_layer_selective": 0,
  "cclblock_pgr_kernel_size": 64,
  "cclblock_cil_kernel_size": 64,
  "cclblock_prb_kernel_size": 64,
  "p18_layer_drop": 0.0,
  "p18_dynamic_activation": 0,
  "p18_mixture_norm": 0,
  "p18_causal_attn_bias": 0,
  "p18_aux_sim_lambda": 0.0,
  "p18_gradient_penalty": 0.0,
  "p18_per_channel_scale": 0,
  "p19_residual_gate": 0,
  "p19_head_importance": 0,
  "p19_residual_mix_groups": 0,
  "p19_attn_logit_bias": 0,
  "p19_residual_decay": 0,
  "p19_grad_equilibrium": 0.0,
  "p19_spectral_reparam": 0,
  "p19_weight_anticollapse": 0.0,
  "p19_ve_bias": 0,
  "p19_weight_noise": 0.0,
  "p20_hrcs_scale": 0,
  "p20_lswr_scale": 0,
  "p20_lswr_planes": 8,
  "p20_lrcfb_branches": 0,
  "p20_lrcfb_narrow": 0,
  "p20_lrcfb_learned": 0,
  "p20_lrcfb_topk": 0,
  "p20_dgcr_branches": 0,
  "p20_dgcr_aux_weight": 0.01,
  "p20_mone_experts": 0,
  "p20_mone_topk": 0,
  "p20_mone_narrow": 1,
  "p20_mone_frozen": 0,
  "p20_ncea_branches": 0,
  "p20_ncea_eps": 0.1,
  "p20_adwi": 0,
  "p20_pwu_branches": 0,
  "p20_pwu_phase": 1,
  "p20_fsvd_gate": 0,
  "p20_wbfc_clusters": 0,
  "p20_wbfc_active": 0,
  "p21_per_experts": 0,
  "p21_per_topk": 0,
  "p21_per_learned": 0,
  "p21_per_attn": 0,
  "p22_attn_moe_route": "none",
  "p23_tiny_expert": 0,
  "p23_n_experts": 64,
  "p23_topk": 16,
  "p23_learned_route": 0,
  "p23_std_moe_experts": 0,
  "p23_std_moe_topk": -1,
  "p23_std_moe_aux_weight": 0.01,
  "p23_lokr": 0,
  "p23_lokr_rank": 4,
  "p23_use_shared_block_router": 0,
  "p23_linear_moe_experts": 0,
  "p23_linear_moe_topk": 0,
  "p23_quantile_route": 0,
  "remix_shared_context_gates": 0,
  "p24_use_sliced_weight": 0,
  "p24_sliced_weight_reduction_scale": 8,
  "p24_sliced_weight_min_select": 128,
  "p24_sliced_weight_scope": "per_token",
  "p24_sliced_weight_balance_coeff": 0.01,
  "p24_quantile_route": 0,
  "p24_use_folded_mod": 0,
  "p24_folded_mod_reduction_scale": 8,
  "p24_folded_mod_min_dim": 128,
  "p24_folded_mod_scope": "per_layer",
  "p24_folded_mod_gate_act": "tanh_centered",
  "p24_use_sequence_gated_linear": 0,
  "p24_sequence_gated_scope": "per_layer",
  "p24_sequence_gated_act": "tanh_centered",
  "remix_disable_ln_basis": 0,
  "dense_intermediate_ln": 0,
  "use_mol": false,
  "mol_n_blocks": 5,
  "mol_n_shared": 1,
  "mol_topk": 3,
  "mol_thin_dim": 256,
  "mol_head_dim": 64,
  "mol_ffn_mult": 4.0,
  "mol_router_aux": 0.05,
  "mol_routed_attn": "softmax",
  "mol_dispatch": 1,
  "mol_capacity_factor": 1.0,
  "mol_block_lr_scale": 1.0,
  "mol_per_block_ve": 0,
  "use_binary": false,
  "binary_acts": true,
  "binary_weight_scale": "row",
  "binary_act_scale": "token",
  "binary_clip": 1.0,
  "binary_linear": true,
  "binary_embeddings": true,
  "binary_skip": "",
  "binary_native": false,
  "binary_tau": 1.0,
  "binary_hard": false,
  "binary_resid_width": 0,
  "binary_attn_chunk": 256,
  "use_mst": false,
  "mst_n_subs": 8,
  "mst_sub_dim": 64,
  "mst_head_dim": 0,
  "mst_input_mode": "fixed_slice",
  "mst_rotated_slice_learned": false,
  "mst_routing_mode": "soft_weighted",
  "mst_routing_topk": 4,
  "mst_routing_aux_weight": 0.01,
  "mst_diversity_weight": 0.0,
  "mst_ffn_mode": "standard",
  "mst_ffn_every": 1,
  "mst_transition_mode": "parallel",
  "mst_final_mode": "aggregate_proj",
  "mst_final_topk": -1,
  "mst_ffn_shared_up": 0,
  "mst_ffn_inner_dim": 0,
  "mst_sub_dropout": 0.0,
  "mst_transition_every": 1,
  "mst_ffa_temperature": 1.0,
  "mst_global_residual": 0,
  "mst_hybrid_dense": 0,
  "mst_cross_sub_kv": 0,
  "mst_sub_aux_weight": 0.0,
  "mst_progressive_merge": 0,
  "mst_multi_scale_windows": 0,
  "mst_delta_residual": 0,
  "mst_sub_layers": 1,
  "mst_grad_equalize": 0,
  "mst_block_diagonal_muon": 0,
  "mst_transition_width_mult": 1.0,
  "mst_sub_lr_scale": 1.0,
  "mst_shared_expert": 0,
  "mst_router_entropy_weight": 0.0,
  "mst_shared_kv_attn": 0,
  "mst_contrastive_diversity_weight": 0.0,
  "mst_transition_nonlinear": 0,
  "mst_transition_gated": 0,
  "mst_transition_mlp": 0,
  "mst_cross_sub_gate": 0,
  "mst_hyper_connect": 0,
  "mst_cross_kv_inject": 0,
  "mst_slice_transition": 0,
  "mst_lookback_layers": 0,
  "mst_bilinear_transition": 0,
  "mst_cross_sub_qmod": 0,
  "mst_feature_cycle": 0,
  "mst_mean_transition": 0,
  "mst_sub_head_dim": 0,
  "mst_final_norm": 0,
  "mst_per_stream_ve": 0,
  "mst_ve_map": 0,
  "mst_ve_map_rank": 0,
  "mst_lm_head_dim": 0,
  "mst_compose_windows": 0,
  "mst_channel_mix": "none",
  "mst_channel_mix_site": "layer",
  "mst_distribute_block_muon": 0,
  "mst_trans_spectral_lr": 0,
  "mst_talking_heads": 0,
  "mst_wo_mode": "block",
  "mst_stream_topk": 0,
  "mst_stream_shared": 0,
  "mst_stream_router_aux": 0.01,
  "mst_stream_router_noise": 0.0,
  "mst_stream_dispatch": 0,
  "mst_stream_capacity_factor": 1.0,
  "mst_stream_gate_attn": 0,
  "mst_ffn_monarch": "none",
  "mst_shampoo": 0,
  "mst_precond_every": 10,
  "mst_shampoo_beta": 0.95,
  "use_eet": false,
  "eet_frozen_kv": true,
  "eet_reenter_final": false,
  "eet_router_type": "mlp2",
  "eet_router_hidden": 0,
  "eet_freq_prior_alpha": 0.0,
  "eet_pos_prior_beta": 0.0,
  "eet_domain_prior": false,
  "eet_warmup_frac": 0.02,
  "eet_explore_frac": 0.15,
  "eet_reconstruct_lambda": 1.0,
  "eet_efficiency_lambda_start": 0.01,
  "eet_efficiency_lambda_end": 0.1,
  "eet_translator_rank": 0,
  "eet_max_frozen_kv_frac": 0.75,
  "eet_exit_threshold": 0.5,
  "eet_min_exit_layer": 1,
  "eet_loss_variant": "reconstruct",
  "eet_topk_vocab": 512,
  "eet_entropy_lambda": 0.3,
  "eet_surprise_lambda": 0.1,
  "eet_adv_lambda": 1.0,
  "eet_adv_entropy_lambda": 0.2,
  "eet_quality_lambda": 1.0,
  "eet_quality_entropy_bonus": 0.1,
  "eet_gumbel_temp_start": 0.0,
  "eet_gumbel_temp_end": 0.1,
  "eet_gumbel_hard": true,
  "eet_commitment_beta": 0.1,
  "eet_global_router": false,
  "eet_freq_efficiency_alpha": 0.0,
  "eet_diversity_lambda": 0.0,
  "eet_ce_guided_lambda": 1.0,
  "eet_router_lr_mult": 5.0,
  "eet_model_lr_mult": 1.0,
  "eet_depth_weight_type": "none",
  "eet_depth_weight_max": 2.5,
  "eet_use_override": 0,
  "eet_override_prob_start": 0.5,
  "eet_override_prob_end": 0.1,
  "eet_compute_skip": false,
  "eet_target_active_frac": 0.125,
  "eet_capacity_schedule": "bell",
  "eet_exit_fracs": null,
  "eet_capacity_alignment_lambda": 0.0,
  "eet_kv_mode": "none",
  "eet_route_noise": 0.0,
  "eet_route_noise_end": -1.0,
  "eet_coverage_diag": false,
  "deep_supervision_lambda": 0.0,
  "deep_supervision_frac": 0.125,
  "eet_width_power": 0.0,
  "eet_width_cap": 16.0,
  "eet_kv_eager": false,
  "eet_router_task_grad": true,
  "eet_reinforce_interval": 0,
  "eet_reinforce_lambda": 0.1,
  "eet_exit_adapter_rank": 0,
  "eet_router_after_block": 0,
  "eet_ffn_skip": false,
  "eet_ffn_target_frac": 0.5,
  "eet_ffn_full_attn": true,
  "eet_depth_affine": false,
  "eet_capacity_anneal_frac": 0.0,
  "eet_learned_schedule": false,
  "eet_departure_summary": false,
  "eet_route_consistency_lambda": 0.0,
  "eet_dense_distill_interval": 0,
  "eet_dense_distill_lambda": 0.5,
  "eet_depth_lr_scale": false,
  "eet_depth_grad_scale": false,
  "eet_detach_aux_from_backbone": false,
  "eet_detach_exit_from_backbone": false,
  "use_code_head": false,
  "sch_head_type": "code",
  "sch_bits": 0,
  "sch_order": 2,
  "sch_max_m": 0,
  "sch_phi_mode": "monomial",
  "sch_code_mode": "binary",
  "sch_code_path": "",
  "sch_code_ecc_bits": 0,
  "sch_code_seed": 1234,
  "sch_phi_density": 0.0,
  "sch_phi_dtype": "bf16",
  "sch_phi_normalize": 1,
  "sch_phi_center": 0,
  "sch_g_type": "linear",
  "sch_g_hidden": 0,
  "sch_g_layers": 2,
  "sch_g_out_std": 0.001,
  "sch_mixture": 1,
  "sch_residual_rank": 0,
  "sch_logit_act": "none",
  "sch_bias": 0,
  "sch_input_mode": "table",
  "sch_input_hidden": 0,
  "sch_product_groups": 8,
  "sch_product_codebook": 256,
  "sch_product_source": "hash",
  "sch_product_impl": "dense",
  "sch_phi_whiten": 0,
  "sch_mixture_per_phi": 0,
  "sch_mixture_topk": 0,
  "sch_mixture_aux": 0.01,
  "sch_monarch_m1": 0,
  "sch_monarch_perm": "none",
  "sch_monarch_perm_path": "",
  "sch_tier_bounds": "",
  "sch_tier_caps": "",
  "sch_tier_order": "freq",
  "sch_tier_perm_path": "",
  "sch_proposal_rank": 32,
  "sch_proposal_topk": 16384,
  "sch_proposal_samples": 4096,
  "sch_proposal_warmup": 0,
  "sch_proposal_chunk": 2048,
  "sch_proposal_aux": 1.0,
  "sch_nfh_mode": "cp",
  "sch_nfh_rank": 32,
  "sch_nfh_dims": "",
  "sch_nfh_groups": 3,
  "sch_nfh_views": 1,
  "sch_nfh_perm": "none",
  "sch_nfh_perm_path": "",
  "sch_nfh_g_type": "linear",
  "sch_nfh_g_hidden": 0,
  "sch_rerank_mode": "topk",
  "sch_rerank_k": 64,
  "sch_rerank_rank": 32,
  "sch_nfh_smooth": 0,
  "sch_nfh_chunk": 256,
  "sap_block_T": 4,
  "sap_block_mode": "indep",
  "sap_block_frac": 0.0625,
  "sap_lambda": 1.0,
  "sap_head_layers": 2,
  "sap_head_heads": 0,
  "sap_head_mlp_mult": 2,
  "sap_enc_layers": 1,
  "sap_ctx_window": 16,
  "sap_latent_groups": 4,
  "sap_latent_codes": 64,
  "sap_latent_dim": 64,
  "sap_free_bits": 0.25,
  "sap_kl_anneal_steps": 2000,
  "sap_gumbel_tau": 1.0,
  "sap_cp_components": 8,
  "sap_wta_k": 4,
  "sap_u_freqs": 24,
  "sap_u_interior": 0.8,
  "sap_logit_chunk": 8192
}
Seeded weight init with --seed 1
Checkpoints directory: /__modal/volumes/vo-pelh2tULdL7ESlnYAQvaCw/out/s00_sap/d8/SAP_indep_T4_s1
✓ Wrapping model with DistributedDataParallel (rank 0, find_unused_parameters=False, broadcast_buffers=True)
Parameter counts:
wte                     : 16,777,216
wpe                     : 0
value_embeds            : 67,108,864
lm_head                 : 16,777,216
transformer_matrices    : 25,166,336
research                : 4,466,688
scalars                 : 16
total                   : 130,296,336
Estimated FLOPs per token (total):  3.241728e+08
COST_AXES precision=W16A16E16H16 bops_arith=4.1494e+10 energy_pj_per_token=2.6349e+08 inference_MiB=248.52 training_state_MiB=858.95
Estimated FLOPs per token (active): 3.241728e+08
Estimated active params:            130,296,336
[SAP] block head: mode=indep T=4 frac=0.0625 window=16 layers=2 params=10,042,368
Auto-computed optimal batch size: 262,144 tokens
Scaling LRs by 0.7071 for batch size 262,144 (reference: 524,288)
Scaling weight decay from 0.200000 to 0.371230 for depth 8
Scaling the LR for the AdamW parameters ∝1/√(512/768) = 1.224745
Calculated number of iterations from target FLOPs: 1,484
Total number of training tokens: 389,021,696
Tokens : Scaling params ratio: 9.27
Total training FLOPs estimate: 1.261103e+17
Total training FLOPs (active):  1.261103e+17
Total active training FLOPs estimate: 1.261103e+17
Using base scheduler: linear warmup/flat/linear warmdown
Tokens / micro-batch / rank: 128 x 2048 = 262,144
Tokens / micro-batch: 262,144
Total batch size 262,144 => gradient accumulation steps: 1
Running pre-compilation warmup (1 dummy forward+backward to init lazy allocations)...
[rank0]:W1001 23:21:35.537000 60124 site-packages/torch/_logging/_internal.py:1199] [0/0] Profiler function <class 'torch.autograd.profiler.record_function'> will be ignored
Warmup complete. Steady-state VRAM: 5.9 GB allocated
step 00000/01484 (0.00%) | loss: 20.794777 | lrm: 0.14 | lr(adamw:4.992e-02, muon:2.020e-03) | dt: 381.79ms | tok/sec: 686,616 | bf16_mfu: 22.51 | epoch: 1 pq: 0 rg: 1 | total time: 0.00m
step 00100/01484 (6.74%) | loss: 11.328756 | lrm: 1.00 | lr(adamw:3.494e-01, muon:1.414e-02) | dt: 254.80ms | tok/sec: 1,028,841 | bf16_mfu: 33.72 | epoch: 1 pq: 0 rg: 52 | total time: 0.38m | eta: 5.9m
step 00200/01484 (13.48%) | loss: 10.164712 | lrm: 1.00 | lr(adamw:3.494e-01, muon:1.414e-02) | dt: 253.12ms | tok/sec: 1,035,651 | bf16_mfu: 33.95 | epoch: 1 pq: 1 rg: 17 | total time: 0.80m | eta: 5.4m
step 00300/01484 (20.22%) | loss: 9.769862 | lrm: 1.00 | lr(adamw:3.494e-01, muon:1.414e-02) | dt: 254.12ms | tok/sec: 1,031,566 | bf16_mfu: 33.81 | epoch: 1 pq: 1 rg: 65 | total time: 1.23m | eta: 5.0m
step 00400/01484 (26.95%) | loss: 9.516091 | lrm: 1.00 | lr(adamw:3.494e-01, muon:1.414e-02) | dt: 254.19ms | tok/sec: 1,031,282 | bf16_mfu: 33.80 | epoch: 1 pq: 2 rg: 30 | total time: 1.65m | eta: 4.6m
step 00500/01484 (33.69%) | loss: 9.373408 | lrm: 1.00 | lr(adamw:3.494e-01, muon:1.414e-02) | dt: 253.38ms | tok/sec: 1,034,586 | bf16_mfu: 33.91 | epoch: 1 pq: 2 rg: 78 | total time: 2.07m | eta: 4.2m
step 00600/01484 (40.43%) | loss: 9.212901 | lrm: 0.92 | lr(adamw:3.216e-01, muon:1.301e-02) | dt: 254.27ms | tok/sec: 1,030,973 | bf16_mfu: 33.79 | epoch: 1 pq: 3 rg: 43 | total time: 2.50m | eta: 3.7m
step 00700/01484 (47.17%) | loss: 9.070992 | lrm: 0.82 | lr(adamw:2.872e-01, muon:1.162e-02) | dt: 256.62ms | tok/sec: 1,021,511 | bf16_mfu: 33.48 | epoch: 1 pq: 4 rg: 10 | total time: 2.92m | eta: 3.3m
step 00800/01484 (53.91%) | loss: 8.957361 | lrm: 0.72 | lr(adamw:2.528e-01, muon:1.023e-02) | dt: 250.80ms | tok/sec: 1,045,244 | bf16_mfu: 34.26 | epoch: 1 pq: 4 rg: 58 | total time: 3.35m | eta: 2.9m
step 00900/01484 (60.65%) | loss: 8.858489 | lrm: 0.62 | lr(adamw:2.184e-01, muon:8.838e-03) | dt: 254.23ms | tok/sec: 1,031,116 | bf16_mfu: 33.80 | epoch: 1 pq: 5 rg: 24 | total time: 3.77m | eta: 2.5m
step 01000/01484 (67.39%) | loss: 8.770630 | lrm: 0.53 | lr(adamw:1.840e-01, muon:7.446e-03) | dt: 255.49ms | tok/sec: 1,026,027 | bf16_mfu: 33.63 | epoch: 1 pq: 5 rg: 73 | total time: 4.20m | eta: 2.1m
step 01100/01484 (74.12%) | loss: 8.676089 | lrm: 0.43 | lr(adamw:1.496e-01, muon:6.053e-03) | dt: 258.69ms | tok/sec: 1,013,344 | bf16_mfu: 33.22 | epoch: 1 pq: 6 rg: 38 | total time: 4.62m | eta: 1.6m
step 01200/01484 (80.86%) | loss: 8.593921 | lrm: 0.33 | lr(adamw:1.152e-01, muon:4.661e-03) | dt: 253.61ms | tok/sec: 1,033,645 | bf16_mfu: 33.88 | epoch: 1 pq: 7 rg: 4 | total time: 5.05m | eta: 1.2m
step 01300/01484 (87.60%) | loss: 8.482507 | lrm: 0.23 | lr(adamw:8.077e-02, muon:3.269e-03) | dt: 257.70ms | tok/sec: 1,017,244 | bf16_mfu: 33.34 | epoch: 1 pq: 7 rg: 53 | total time: 5.48m | eta: 0.8m
step 01400/01484 (94.34%) | loss: 8.429740 | lrm: 0.13 | lr(adamw:4.637e-02, muon:1.877e-03) | dt: 255.37ms | tok/sec: 1,026,540 | bf16_mfu: 33.65 | epoch: 1 pq: 8 rg: 19 | total time: 5.90m | eta: 0.4m
step 01483/01484 (99.93%) | loss: 8.404959 | lrm: 0.05 | lr(adamw:1.782e-02, muon:7.210e-04) | dt: 255.44ms | tok/sec: 1,026,226 | bf16_mfu: 33.64 | epoch: 1 pq: 8 rg: 59 | total time: 6.26m | eta: 0.0m
/usr/local/lib/python3.12/site-packages/torch/_dynamo/variables/functions.py:1598: UserWarning: Dynamo does not know how to trace the builtin `torch._C._distributed_c10d.pybind11_detail_function_record_v1_system_libstdcpp_gxx_abi_1xxx_use_cxx11_abi_1._broadcast_coalesced.` This function is either a Python builtin (e.g. _warnings.warn) or a third-party C/C++ Python extension (perhaps created with pybind).
If it is a Python builtin, please file an issue on GitHub so the PyTorch team can add support for it and see the next case for a workaround.
If it is a third-party C/C++ Python extension, please either wrap it into a PyTorch-understood custom operator (see https://pytorch.org/tutorials/advanced/custom_ops_landing_page.html for more details) or, if it is traceable, use `torch.compiler.allow_in_graph`.
  torch._dynamo.utils.warn_once(explanation + "\n" + "\n".join(hints))
Step 01484 | Validation bpb: 1.015257 | val_loss: 3.331212
[rank0]: Traceback (most recent call last):
[rank0]:   File "<frozen runpy>", line 198, in _run_module_as_main
[rank0]:   File "<frozen runpy>", line 88, in _run_code
[rank0]:   File "/__modal/volumes/vo-pelh2tULdL7ESlnYAQvaCw/scripts/base_train.py", line 2399, in <module>
[rank0]:     _sap_eval = evaluate_block_bpb(orig_model, build_val_loader(), args.sap_eval_steps, token_bytes)
[rank0]:                 ^^^^^^^^^^^^^^^^^^^^^^^^^^^^^^^^^^^^^^^^^^^^^^^^^^^^^^^^^^^^^^^^^^^^^^^^^^^^^^^^^^^^
[rank0]:   File "/usr/local/lib/python3.12/site-packages/torch/utils/_contextlib.py", line 120, in decorate_context
[rank0]:     return func(*args, **kwargs)
[rank0]:            ^^^^^^^^^^^^^^^^^^^^^
[rank0]:   File "/__modal/volumes/vo-pelh2tULdL7ESlnYAQvaCw/nanochat/block_head.py", line 768, in evaluate_block_bpb
[rank0]:     logits, hid = model(x, return_hidden=True)
[rank0]:                   ^^^^^^^^^^^^^^^^^^^^^^^^^^^^
[rank0]:   File "/usr/local/lib/python3.12/site-packages/torch/nn/modules/module.py", line 1775, in _wrapped_call_impl
[rank0]:     return self._call_impl(*args, **kwargs)
[rank0]:            ^^^^^^^^^^^^^^^^^^^^^^^^^^^^^^^^
[rank0]:   File "/usr/local/lib/python3.12/site-packages/torch/nn/modules/module.py", line 1786, in _call_impl
[rank0]:     return forward_call(*args, **kwargs)
[rank0]:            ^^^^^^^^^^^^^^^^^^^^^^^^^^^^^
[rank0]:   File "/__modal/volumes/vo-pelh2tULdL7ESlnYAQvaCw/nanochat/gpt.py", line 11790, in forward
[rank0]:     logits = softcap * torch.tanh(logits / softcap) # squash the logits
[rank0]:                        ^^^^^^^^^^^^^^^^^^^^^^^^^^^^
[rank0]: torch.OutOfMemoryError: CUDA out of memory. Tried to allocate 32.00 GiB. GPU 0 has a total capacity of 139.80 GiB of which 5.74 GiB is free. Process 1 has 134.02 GiB memory in use. Of the allocated memory 102.80 GiB is allocated by PyTorch, and 29.94 GiB is reserved by PyTorch but unallocated. If reserved but unallocated memory is large try setting PYTORCH_CUDA_ALLOC_CONF=expandable_segments:True to avoid fragmentation.  See documentation for Memory Management  (https://pytorch.org/docs/stable/notes/cuda.html#environment-variables)
[rank0]:[W1001 23:29:14.460748953 ProcessGroupNCCL.cpp:1524] Warning: WARNING: destroy_process_group() was not called before program exit, which can leak resources. For more info, please see https://pytorch.org/docs/stable/distributed.html#shutdown (function operator())
E1001 23:29:15.958000 60118 site-packages/torch/distributed/elastic/multiprocessing/api.py:882] failed (exitcode: 1) local_rank: 0 (pid: 60124) of binary: /usr/local/bin/python
Traceback (most recent call last):
  File "/usr/local/bin/torchrun", line 10, in <module>
    sys.exit(main())
             ^^^^^^
  File "/usr/local/lib/python3.12/site-packages/torch/distributed/elastic/multiprocessing/errors/__init__.py", line 357, in wrapper
    return f(*args, **kwargs)
           ^^^^^^^^^^^^^^^^^^
  File "/usr/local/lib/python3.12/site-packages/torch/distributed/run.py", line 936, in main
    run(args)
  File "/usr/local/lib/python3.12/site-packages/torch/distributed/run.py", line 927, in run
    elastic_launch(
  File "/usr/local/lib/python3.12/site-packages/torch/distributed/launcher/api.py", line 156, in __call__
    return launch_agent(self._config, self._entrypoint, list(args))
           ^^^^^^^^^^^^^^^^^^^^^^^^^^^^^^^^^^^^^^^^^^^^^^^^^^^^^^^^
  File "/usr/local/lib/python3.12/site-packages/torch/distributed/launcher/api.py", line 293, in launch_agent
    raise ChildFailedError(
torch.distributed.elastic.multiprocessing.errors.ChildFailedError: 
============================================================
scripts.base_train FAILED
------------------------------------------------------------
Failures:
  <NO_OTHER_FAILURES>
------------------------------------------------------------
Root Cause (first observed failure):
[0]:
  time      : 2026-10-01_23:29:15
  host      : localhost
  rank      : 0 (local_rank: 0)
  exitcode  : 1 (pid: 60124)
  error_file: <N/A>
  traceback : To enable traceback see: https://pytorch.org/docs/stable/elastic/errors.html
============================================================
2026-10-01 23:29:24,852 - httpx - [32m[1mINFO[0m - HTTP Request: HEAD https://huggingface.co/varunneal/flash-attention-3/resolve/main/kernel-status.toml "HTTP/1.1 404 Not Found"
2026-10-01 23:29:24,959 - httpx - [32m[1mINFO[0m - HTTP Request: GET https://huggingface.co/api/models/varunneal/flash-attention-3/tree/main/build?recursive=false&expand=false "HTTP/1.1 200 OK"
2026-10-01 23:29:25,064 - httpx - [32m[1mINFO[0m - HTTP Request: GET https://huggingface.co/api/models/varunneal/flash-attention-3/revision/main "HTTP/1.1 200 OK"

                                                       █████                █████
                                                      ░░███                ░░███
     ████████    ██████   ████████    ██████   ██████  ░███████    ██████  ███████
    ░░███░░███  ░░░░░███ ░░███░░███  ███░░███ ███░░███ ░███░░███  ░░░░░███░░░███░
     ░███ ░███   ███████  ░███ ░███ ░███ ░███░███ ░░░  ░███ ░███   ███████  ░███
     ░███ ░███  ███░░███  ░███ ░███ ░███ ░███░███  ███ ░███ ░███  ███░░███  ░███ ███
     ████ █████░░████████ ████ █████░░██████ ░░██████  ████ █████░░███████  ░░█████
    ░░░░ ░░░░░  ░░░░░░░░ ░░░░ ░░░░░  ░░░░░░   ░░░░░░  ░░░░ ░░░░░  ░░░░░░░░   ░░░░░
    
Autodetected device type: cuda
2026-10-01 23:29:26,391 - nanochat.common - [32m[1mINFO[0m - Distributed world size: 1
Device: cuda (ddp=True, world_size=1)
GPU: NVIDIA H200 | Peak FLOPS (BF16): 9.89e+14
COMPUTE_DTYPE: torch.bfloat16 (auto-detected: CUDA SM 90 (bf16 supported))
✓ Using Flash Attention 3 (Hopper GPU detected) — efficient and fast.
Vocab size: 32,768
[SAP] block head: mode=cp T=4 frac=0.015625 window=16 layers=2 params=4,474,880
Model config:
{
  "sequence_len": 2048,
  "vocab_size": 32768,
  "n_layer": 8,
  "n_head": 4,
  "n_kv_head": 4,
  "n_embd": 512,
  "use_moe": false,
  "use_perm": false,
  "moe_num_experts": 8,
  "moe_router_dim": 64,
  "moe_embed_dim": 64,
  "dropout": 0.0,
  "use_remix_linear": false,
  "remix_context_dim": 64,
  "remix_context_dim_ratio": 6,
  "remix_basis_size": 64,
  "remix_output_gate_rank": 16,
  "remixed_linear_kwargs": {
    "use_basis_gate": true,
    "use_output_gate": true,
    "use_context": true,
    "basis_gate_mode": "mlp",
    "sparse_gate_k": 0,
    "gate_temperature": 1.0,
    "basis_scale_factor": 4,
    "n_templates": 1,
    "template_routing_learned": false,
    "template_topk": 0,
    "tiny_expert": false,
    "tiny_expert_topk": 16,
    "lokr_expert": false,
    "lokr_n_experts": 64,
    "lokr_topk": 16,
    "lokr_rank": 4,
    "lokr_learned": false,
    "basis_gate_rank": 8,
    "disable_ln_basis": false,
    "chunk_route_impl": "compose",
    "top1_gate": "ones",
    "template_delta_rank": 0,
    "route_side": "output",
    "drop_basis_proj": false,
    "basis_side_templates": 0,
    "grad_equalize": false,
    "output_gate_rank": 16,
    "operator_modulation": "none",
    "lie_generators": 4,
    "poly_order": 2,
    "grassmann_bank_size": 4
  },
  "use_pos_embed": false,
  "moe_use_abs_pos_embed": false,
  "use_layer_context": true,
  "scale_basis_size": true,
  "remix_use_dual_gate": false,
  "remix_use_fused": false,
  "p26_output_gated_linear": 0,
  "p28_shared_basis": 0,
  "p28_chunk_routing_size": 0,
  "p28_global_template_bank": "none",
  "p28_attn_proj_templates": 0,
  "p28_attn_qk_templates": 0,
  "p29_template_block_diag": 0,
  "p29_template_lr_scale": 1.0,
  "p29_grad_equalize": 0,
  "p34_ffn_mult": 4.0,
  "p34_ffn_single": 0,
  "p34_dense_attn": 0,
  "legacy_init_fallback": 0,
  "p35_template_diversity_lambda": 0.0,
  "p22_route_affine": 0,
  "p34_ffn_schedule": "",
  "p34_ffn_no_ffn_replacement": "none",
  "p34_ffn_last_depth": 1,
  "p36_swiglu_ffn": 0,
  "p36_swiglu_mult": 2.6666666666666665,
  "cond_sites": "both",
  "cond_rank": 256,
  "cond_mult_steps": 0,
  "cond_gate_source": "router",
  "cond_coeff_act": "centered",
  "cond_router_rank": 0,
  "cond_live_init": 0.0,
  "cond_router_act": "none",
  "cond_chunk_size": 0,
  "cond_mult_scale": -1.0,
  "cond_mult_impl": "wy",
  "cond_attn_projs": "qkvo",
  "cond_layer_frac": 1.0,
  "perm_expert_mode": "low_rank",
  "perm_rank": 16,
  "router_context_window": -1,
  "router_causal": true,
  "router_num_heads": 4,
  "router_num_queries": 16,
  "router_n_layers": 2,
  "router_use_vocab_prior": false,
  "window_pattern": "SSSL",
  "cclblock_modulation": "weight",
  "cclblock_orth_lambda": 0.0,
  "cclblock_context_stream": "local",
  "cclblock_ema_factor": 0.99,
  "cclblock_stale_ctx_lag": 0,
  "cclblock_sparse_gate_k": 0,
  "cclblock_gate_temperature": 1.0,
  "cclblock_context_bank_size": 0,
  "cclblock_per_head_ctx": false,
  "cclblock_context_source": "norm_x",
  "cclblock_chunk_size": 0,
  "cclblock_aux_objective": "none",
  "cclblock_aux_lambda": 0.1,
  "cclblock_boundary_token_id": 198,
  "use_ral": false,
  "ral_rank": 32,
  "cclblock_film_gate": false,
  "cclblock_attn_shadow_dim": 0,
  "cclblock_dynamic_ratio": 0.25,
  "cclblock_gate_rank": 8,
  "cclblock_num_regimes": 8,
  "cclblock_regime_temperature": 1.0,
  "cclblock_poly_order": 2,
  "cclblock_lie_generators": 4,
  "cclblock_grassmann_bank_size": 4,
  "cclblock_tucker_rank": 32,
  "cclblock_tucker_modes": 8,
  "cclblock_svs_rank": 64,
  "cclblock_svs_eps": 0.1,
  "cclblock_vq_codes": 8,
  "cclblock_vq_temperature": 1.0,
  "cclblock_dcu_warmup_steps": 0,
  "cclblock_fsi_rotations": 8,
  "cclblock_fsi_selector_dim": 64,
  "cclblock_aesp_strata": 4,
  "cclblock_aesp_delta_rank": 4,
  "cclblock_ckr_branches": 4,
  "cclblock_ckr_kernel_size": 64,
  "cclblock_ckr_pos_channels": 1,
  "cclblock_ckr_dual_optim": 0,
  "cclblock_ckr_content_bias": 0.0,
  "cclblock_giad_rank": 32,
  "cclblock_psg_kernel_size": 64,
  "cclblock_ss_dynamic_ratio": 0.25,
  "cclblock_ss_branches": 2,
  "cclblock_ss_kernel_size": 64,
  "cclblock_lokr_branches": 8,
  "cclblock_lokr_rank": 16,
  "cclblock_ckr_temp_start": 2.0,
  "cclblock_ckr_temp_end": 0.3,
  "cclblock_com_kernel_size": 32,
  "cclblock_ckr_ortho_init": 0,
  "cclblock_ckr_branch_dropout": 0.0,
  "cclblock_ckr_diversity_lambda": 0.0,
  "cclblock_ckr_layer_selective": 0,
  "cclblock_pgr_kernel_size": 64,
  "cclblock_cil_kernel_size": 64,
  "cclblock_prb_kernel_size": 64,
  "p18_layer_drop": 0.0,
  "p18_dynamic_activation": 0,
  "p18_mixture_norm": 0,
  "p18_causal_attn_bias": 0,
  "p18_aux_sim_lambda": 0.0,
  "p18_gradient_penalty": 0.0,
  "p18_per_channel_scale": 0,
  "p19_residual_gate": 0,
  "p19_head_importance": 0,
  "p19_residual_mix_groups": 0,
  "p19_attn_logit_bias": 0,
  "p19_residual_decay": 0,
  "p19_grad_equilibrium": 0.0,
  "p19_spectral_reparam": 0,
  "p19_weight_anticollapse": 0.0,
  "p19_ve_bias": 0,
  "p19_weight_noise": 0.0,
  "p20_hrcs_scale": 0,
  "p20_lswr_scale": 0,
  "p20_lswr_planes": 8,
  "p20_lrcfb_branches": 0,
  "p20_lrcfb_narrow": 0,
  "p20_lrcfb_learned": 0,
  "p20_lrcfb_topk": 0,
  "p20_dgcr_branches": 0,
  "p20_dgcr_aux_weight": 0.01,
  "p20_mone_experts": 0,
  "p20_mone_topk": 0,
  "p20_mone_narrow": 1,
  "p20_mone_frozen": 0,
  "p20_ncea_branches": 0,
  "p20_ncea_eps": 0.1,
  "p20_adwi": 0,
  "p20_pwu_branches": 0,
  "p20_pwu_phase": 1,
  "p20_fsvd_gate": 0,
  "p20_wbfc_clusters": 0,
  "p20_wbfc_active": 0,
  "p21_per_experts": 0,
  "p21_per_topk": 0,
  "p21_per_learned": 0,
  "p21_per_attn": 0,
  "p22_attn_moe_route": "none",
  "p23_tiny_expert": 0,
  "p23_n_experts": 64,
  "p23_topk": 16,
  "p23_learned_route": 0,
  "p23_std_moe_experts": 0,
  "p23_std_moe_topk": -1,
  "p23_std_moe_aux_weight": 0.01,
  "p23_lokr": 0,
  "p23_lokr_rank": 4,
  "p23_use_shared_block_router": 0,
  "p23_linear_moe_experts": 0,
  "p23_linear_moe_topk": 0,
  "p23_quantile_route": 0,
  "remix_shared_context_gates": 0,
  "p24_use_sliced_weight": 0,
  "p24_sliced_weight_reduction_scale": 8,
  "p24_sliced_weight_min_select": 128,
  "p24_sliced_weight_scope": "per_token",
  "p24_sliced_weight_balance_coeff": 0.01,
  "p24_quantile_route": 0,
  "p24_use_folded_mod": 0,
  "p24_folded_mod_reduction_scale": 8,
  "p24_folded_mod_min_dim": 128,
  "p24_folded_mod_scope": "per_layer",
  "p24_folded_mod_gate_act": "tanh_centered",
  "p24_use_sequence_gated_linear": 0,
  "p24_sequence_gated_scope": "per_layer",
  "p24_sequence_gated_act": "tanh_centered",
  "remix_disable_ln_basis": 0,
  "dense_intermediate_ln": 0,
  "use_mol": false,
  "mol_n_blocks": 5,
  "mol_n_shared": 1,
  "mol_topk": 3,
  "mol_thin_dim": 256,
  "mol_head_dim": 64,
  "mol_ffn_mult": 4.0,
  "mol_router_aux": 0.05,
  "mol_routed_attn": "softmax",
  "mol_dispatch": 1,
  "mol_capacity_factor": 1.0,
  "mol_block_lr_scale": 1.0,
  "mol_per_block_ve": 0,
  "use_binary": false,
  "binary_acts": true,
  "binary_weight_scale": "row",
  "binary_act_scale": "token",
  "binary_clip": 1.0,
  "binary_linear": true,
  "binary_embeddings": true,
  "binary_skip": "",
  "binary_native": false,
  "binary_tau": 1.0,
  "binary_hard": false,
  "binary_resid_width": 0,
  "binary_attn_chunk": 256,
  "use_mst": false,
  "mst_n_subs": 8,
  "mst_sub_dim": 64,
  "mst_head_dim": 0,
  "mst_input_mode": "fixed_slice",
  "mst_rotated_slice_learned": false,
  "mst_routing_mode": "soft_weighted",
  "mst_routing_topk": 4,
  "mst_routing_aux_weight": 0.01,
  "mst_diversity_weight": 0.0,
  "mst_ffn_mode": "standard",
  "mst_ffn_every": 1,
  "mst_transition_mode": "parallel",
  "mst_final_mode": "aggregate_proj",
  "mst_final_topk": -1,
  "mst_ffn_shared_up": 0,
  "mst_ffn_inner_dim": 0,
  "mst_sub_dropout": 0.0,
  "mst_transition_every": 1,
  "mst_ffa_temperature": 1.0,
  "mst_global_residual": 0,
  "mst_hybrid_dense": 0,
  "mst_cross_sub_kv": 0,
  "mst_sub_aux_weight": 0.0,
  "mst_progressive_merge": 0,
  "mst_multi_scale_windows": 0,
  "mst_delta_residual": 0,
  "mst_sub_layers": 1,
  "mst_grad_equalize": 0,
  "mst_block_diagonal_muon": 0,
  "mst_transition_width_mult": 1.0,
  "mst_sub_lr_scale": 1.0,
  "mst_shared_expert": 0,
  "mst_router_entropy_weight": 0.0,
  "mst_shared_kv_attn": 0,
  "mst_contrastive_diversity_weight": 0.0,
  "mst_transition_nonlinear": 0,
  "mst_transition_gated": 0,
  "mst_transition_mlp": 0,
  "mst_cross_sub_gate": 0,
  "mst_hyper_connect": 0,
  "mst_cross_kv_inject": 0,
  "mst_slice_transition": 0,
  "mst_lookback_layers": 0,
  "mst_bilinear_transition": 0,
  "mst_cross_sub_qmod": 0,
  "mst_feature_cycle": 0,
  "mst_mean_transition": 0,
  "mst_sub_head_dim": 0,
  "mst_final_norm": 0,
  "mst_per_stream_ve": 0,
  "mst_ve_map": 0,
  "mst_ve_map_rank": 0,
  "mst_lm_head_dim": 0,
  "mst_compose_windows": 0,
  "mst_channel_mix": "none",
  "mst_channel_mix_site": "layer",
  "mst_distribute_block_muon": 0,
  "mst_trans_spectral_lr": 0,
  "mst_talking_heads": 0,
  "mst_wo_mode": "block",
  "mst_stream_topk": 0,
  "mst_stream_shared": 0,
  "mst_stream_router_aux": 0.01,
  "mst_stream_router_noise": 0.0,
  "mst_stream_dispatch": 0,
  "mst_stream_capacity_factor": 1.0,
  "mst_stream_gate_attn": 0,
  "mst_ffn_monarch": "none",
  "mst_shampoo": 0,
  "mst_precond_every": 10,
  "mst_shampoo_beta": 0.95,
  "use_eet": false,
  "eet_frozen_kv": true,
  "eet_reenter_final": false,
  "eet_router_type": "mlp2",
  "eet_router_hidden": 0,
  "eet_freq_prior_alpha": 0.0,
  "eet_pos_prior_beta": 0.0,
  "eet_domain_prior": false,
  "eet_warmup_frac": 0.02,
  "eet_explore_frac": 0.15,
  "eet_reconstruct_lambda": 1.0,
  "eet_efficiency_lambda_start": 0.01,
  "eet_efficiency_lambda_end": 0.1,
  "eet_translator_rank": 0,
  "eet_max_frozen_kv_frac": 0.75,
  "eet_exit_threshold": 0.5,
  "eet_min_exit_layer": 1,
  "eet_loss_variant": "reconstruct",
  "eet_topk_vocab": 512,
  "eet_entropy_lambda": 0.3,
  "eet_surprise_lambda": 0.1,
  "eet_adv_lambda": 1.0,
  "eet_adv_entropy_lambda": 0.2,
  "eet_quality_lambda": 1.0,
  "eet_quality_entropy_bonus": 0.1,
  "eet_gumbel_temp_start": 0.0,
  "eet_gumbel_temp_end": 0.1,
  "eet_gumbel_hard": true,
  "eet_commitment_beta": 0.1,
  "eet_global_router": false,
  "eet_freq_efficiency_alpha": 0.0,
  "eet_diversity_lambda": 0.0,
  "eet_ce_guided_lambda": 1.0,
  "eet_router_lr_mult": 5.0,
  "eet_model_lr_mult": 1.0,
  "eet_depth_weight_type": "none",
  "eet_depth_weight_max": 2.5,
  "eet_use_override": 0,
  "eet_override_prob_start": 0.5,
  "eet_override_prob_end": 0.1,
  "eet_compute_skip": false,
  "eet_target_active_frac": 0.125,
  "eet_capacity_schedule": "bell",
  "eet_exit_fracs": null,
  "eet_capacity_alignment_lambda": 0.0,
  "eet_kv_mode": "none",
  "eet_route_noise": 0.0,
  "eet_route_noise_end": -1.0,
  "eet_coverage_diag": false,
  "deep_supervision_lambda": 0.0,
  "deep_supervision_frac": 0.125,
  "eet_width_power": 0.0,
  "eet_width_cap": 16.0,
  "eet_kv_eager": false,
  "eet_router_task_grad": true,
  "eet_reinforce_interval": 0,
  "eet_reinforce_lambda": 0.1,
  "eet_exit_adapter_rank": 0,
  "eet_router_after_block": 0,
  "eet_ffn_skip": false,
  "eet_ffn_target_frac": 0.5,
  "eet_ffn_full_attn": true,
  "eet_depth_affine": false,
  "eet_capacity_anneal_frac": 0.0,
  "eet_learned_schedule": false,
  "eet_departure_summary": false,
  "eet_route_consistency_lambda": 0.0,
  "eet_dense_distill_interval": 0,
  "eet_dense_distill_lambda": 0.5,
  "eet_depth_lr_scale": false,
  "eet_depth_grad_scale": false,
  "eet_detach_aux_from_backbone": false,
  "eet_detach_exit_from_backbone": false,
  "use_code_head": false,
  "sch_head_type": "code",
  "sch_bits": 0,
  "sch_order": 2,
  "sch_max_m": 0,
  "sch_phi_mode": "monomial",
  "sch_code_mode": "binary",
  "sch_code_path": "",
  "sch_code_ecc_bits": 0,
  "sch_code_seed": 1234,
  "sch_phi_density": 0.0,
  "sch_phi_dtype": "bf16",
  "sch_phi_normalize": 1,
  "sch_phi_center": 0,
  "sch_g_type": "linear",
  "sch_g_hidden": 0,
  "sch_g_layers": 2,
  "sch_g_out_std": 0.001,
  "sch_mixture": 1,
  "sch_residual_rank": 0,
  "sch_logit_act": "none",
  "sch_bias": 0,
  "sch_input_mode": "table",
  "sch_input_hidden": 0,
  "sch_product_groups": 8,
  "sch_product_codebook": 256,
  "sch_product_source": "hash",
  "sch_product_impl": "dense",
  "sch_phi_whiten": 0,
  "sch_mixture_per_phi": 0,
  "sch_mixture_topk": 0,
  "sch_mixture_aux": 0.01,
  "sch_monarch_m1": 0,
  "sch_monarch_perm": "none",
  "sch_monarch_perm_path": "",
  "sch_tier_bounds": "",
  "sch_tier_caps": "",
  "sch_tier_order": "freq",
  "sch_tier_perm_path": "",
  "sch_proposal_rank": 32,
  "sch_proposal_topk": 16384,
  "sch_proposal_samples": 4096,
  "sch_proposal_warmup": 0,
  "sch_proposal_chunk": 2048,
  "sch_proposal_aux": 1.0,
  "sch_nfh_mode": "cp",
  "sch_nfh_rank": 32,
  "sch_nfh_dims": "",
  "sch_nfh_groups": 3,
  "sch_nfh_views": 1,
  "sch_nfh_perm": "none",
  "sch_nfh_perm_path": "",
  "sch_nfh_g_type": "linear",
  "sch_nfh_g_hidden": 0,
  "sch_rerank_mode": "topk",
  "sch_rerank_k": 64,
  "sch_rerank_rank": 32,
  "sch_nfh_smooth": 0,
  "sch_nfh_chunk": 256,
  "sap_block_T": 4,
  "sap_block_mode": "cp",
  "sap_block_frac": 0.015625,
  "sap_lambda": 1.0,
  "sap_head_layers": 2,
  "sap_head_heads": 0,
  "sap_head_mlp_mult": 2,
  "sap_enc_layers": 1,
  "sap_ctx_window": 16,
  "sap_latent_groups": 4,
  "sap_latent_codes": 64,
  "sap_latent_dim": 64,
  "sap_free_bits": 0.25,
  "sap_kl_anneal_steps": 2000,
  "sap_gumbel_tau": 1.0,
  "sap_cp_components": 8,
  "sap_wta_k": 4,
  "sap_u_freqs": 24,
  "sap_u_interior": 0.8,
  "sap_logit_chunk": 8192
}
Seeded weight init with --seed 1
Checkpoints directory: /__modal/volumes/vo-pelh2tULdL7ESlnYAQvaCw/out/s00_sap/d8/SAP_cp_T4_s1
✓ Wrapping model with DistributedDataParallel (rank 0, find_unused_parameters=False, broadcast_buffers=True)
Parameter counts:
wte                     : 16,777,216
wpe                     : 0
value_embeds            : 67,108,864
lm_head                 : 16,777,216
transformer_matrices    : 25,166,336
research                : 4,474,880
scalars                 : 16
total                   : 130,304,528
Estimated FLOPs per token (total):  3.619096e+08
COST_AXES precision=W16A16E16H16 bops_arith=4.6324e+10 energy_pj_per_token=2.9179e+08 inference_MiB=248.54 training_state_MiB=859.00
Estimated FLOPs per token (active): 3.619096e+08
Estimated active params:            130,304,528
[SAP] block head: mode=cp T=4 frac=0.015625 window=16 layers=2 params=10,054,656
Auto-computed optimal batch size: 262,144 tokens
Scaling LRs by 0.7071 for batch size 262,144 (reference: 524,288)
Scaling weight decay from 0.200000 to 0.371230 for depth 8
Scaling the LR for the AdamW parameters ∝1/√(512/768) = 1.224745
Calculated number of iterations from target FLOPs: 1,329
Total number of training tokens: 348,389,376
Tokens : Scaling params ratio: 8.31
Total training FLOPs estimate: 1.260855e+17
Total training FLOPs (active):  1.260855e+17
Total active training FLOPs estimate: 1.260855e+17
Using base scheduler: linear warmup/flat/linear warmdown
Tokens / micro-batch / rank: 128 x 2048 = 262,144
Tokens / micro-batch: 262,144
Total batch size 262,144 => gradient accumulation steps: 1
Running pre-compilation warmup (1 dummy forward+backward to init lazy allocations)...
[rank0]:W1001 23:29:27.041000 20689 site-packages/torch/_logging/_internal.py:1199] [0/0] Profiler function <class 'torch.autograd.profiler.record_function'> will be ignored
Warmup complete. Steady-state VRAM: 5.9 GB allocated
step 00000/01329 (0.00%) | loss: 20.796640 | lrm: 0.14 | lr(adamw:4.992e-02, muon:2.020e-03) | dt: 366.57ms | tok/sec: 715,132 | bf16_mfu: 26.17 | epoch: 1 pq: 0 rg: 1 | total time: 0.00m
step 00100/01329 (7.52%) | loss: 11.449508 | lrm: 1.00 | lr(adamw:3.494e-01, muon:1.414e-02) | dt: 300.42ms | tok/sec: 872,590 | bf16_mfu: 31.93 | epoch: 1 pq: 0 rg: 52 | total time: 0.45m | eta: 6.2m
step 00200/01329 (15.05%) | loss: 10.352140 | lrm: 1.00 | lr(adamw:3.494e-01, muon:1.414e-02) | dt: 301.53ms | tok/sec: 869,375 | bf16_mfu: 31.81 | epoch: 1 pq: 1 rg: 17 | total time: 0.95m | eta: 5.7m
step 00300/01329 (22.57%) | loss: 9.912282 | lrm: 1.00 | lr(adamw:3.494e-01, muon:1.414e-02) | dt: 300.51ms | tok/sec: 872,321 | bf16_mfu: 31.92 | epoch: 1 pq: 1 rg: 65 | total time: 1.46m | eta: 5.2m
step 00400/01329 (30.10%) | loss: 9.635302 | lrm: 1.00 | lr(adamw:3.494e-01, muon:1.414e-02) | dt: 299.91ms | tok/sec: 874,085 | bf16_mfu: 31.99 | epoch: 1 pq: 2 rg: 30 | total time: 1.96m | eta: 4.7m
step 00500/01329 (37.62%) | loss: 9.468521 | lrm: 0.96 | lr(adamw:3.360e-01, muon:1.360e-02) | dt: 304.35ms | tok/sec: 861,329 | bf16_mfu: 31.52 | epoch: 1 pq: 2 rg: 78 | total time: 2.46m | eta: 4.2m
step 00600/01329 (45.15%) | loss: 9.278673 | lrm: 0.85 | lr(adamw:2.976e-01, muon:1.204e-02) | dt: 301.70ms | tok/sec: 868,876 | bf16_mfu: 31.80 | epoch: 1 pq: 3 rg: 43 | total time: 2.97m | eta: 3.7m
step 00700/01329 (52.67%) | loss: 9.123719 | lrm: 0.74 | lr(adamw:2.591e-01, muon:1.049e-02) | dt: 303.22ms | tok/sec: 864,535 | bf16_mfu: 31.64 | epoch: 1 pq: 4 rg: 10 | total time: 3.47m | eta: 3.2m
step 00800/01329 (60.20%) | loss: 8.993235 | lrm: 0.63 | lr(adamw:2.207e-01, muon:8.933e-03) | dt: 304.76ms | tok/sec: 860,165 | bf16_mfu: 31.48 | epoch: 1 pq: 4 rg: 58 | total time: 3.98m | eta: 2.7m
step 00900/01329 (67.72%) | loss: 8.863316 | lrm: 0.52 | lr(adamw:1.823e-01, muon:7.378e-03) | dt: 301.15ms | tok/sec: 870,474 | bf16_mfu: 31.85 | epoch: 1 pq: 5 rg: 24 | total time: 4.48m | eta: 2.2m
step 01000/01329 (75.24%) | loss: 8.766899 | lrm: 0.41 | lr(adamw:1.439e-01, muon:5.823e-03) | dt: 304.31ms | tok/sec: 861,442 | bf16_mfu: 31.52 | epoch: 1 pq: 5 rg: 73 | total time: 4.98m | eta: 1.7m
step 01100/01329 (82.77%) | loss: 8.635853 | lrm: 0.30 | lr(adamw:1.055e-01, muon:4.268e-03) | dt: 300.53ms | tok/sec: 872,277 | bf16_mfu: 31.92 | epoch: 1 pq: 6 rg: 38 | total time: 5.49m | eta: 1.2m
step 01200/01329 (90.29%) | loss: 8.535939 | lrm: 0.19 | lr(adamw:6.703e-02, muon:2.713e-03) | dt: 370.07ms | tok/sec: 708,356 | bf16_mfu: 25.92 | epoch: 1 pq: 7 rg: 4 | total time: 5.99m | eta: 0.6m
step 01300/01329 (97.82%) | loss: 8.417973 | lrm: 0.08 | lr(adamw:2.861e-02, muon:1.158e-03) | dt: 301.17ms | tok/sec: 870,415 | bf16_mfu: 31.85 | epoch: 1 pq: 7 rg: 53 | total time: 6.55m | eta: 0.1m
step 01328/01329 (99.92%) | loss: 8.442031 | lrm: 0.05 | lr(adamw:1.786e-02, muon:7.227e-04) | dt: 299.74ms | tok/sec: 874,571 | bf16_mfu: 32.00 | epoch: 1 pq: 7 rg: 66 | total time: 6.69m | eta: 0.0m
/usr/local/lib/python3.12/site-packages/torch/_dynamo/variables/functions.py:1598: UserWarning: Dynamo does not know how to trace the builtin `torch._C._distributed_c10d.pybind11_detail_function_record_v1_system_libstdcpp_gxx_abi_1xxx_use_cxx11_abi_1._broadcast_coalesced.` This function is either a Python builtin (e.g. _warnings.warn) or a third-party C/C++ Python extension (perhaps created with pybind).
If it is a Python builtin, please file an issue on GitHub so the PyTorch team can add support for it and see the next case for a workaround.
If it is a third-party C/C++ Python extension, please either wrap it into a PyTorch-understood custom operator (see https://pytorch.org/tutorials/advanced/custom_ops_landing_page.html for more details) or, if it is traceable, use `torch.compiler.allow_in_graph`.
  torch._dynamo.utils.warn_once(explanation + "\n" + "\n".join(hints))
Step 01329 | Validation bpb: 1.073290 | val_loss: 3.521628
[rank0]: Traceback (most recent call last):
[rank0]:   File "<frozen runpy>", line 198, in _run_module_as_main
[rank0]:   File "<frozen runpy>", line 88, in _run_code
[rank0]:   File "/__modal/volumes/vo-pelh2tULdL7ESlnYAQvaCw/scripts/base_train.py", line 2399, in <module>
[rank0]:     _sap_eval = evaluate_block_bpb(orig_model, build_val_loader(), args.sap_eval_steps, token_bytes)
[rank0]:                 ^^^^^^^^^^^^^^^^^^^^^^^^^^^^^^^^^^^^^^^^^^^^^^^^^^^^^^^^^^^^^^^^^^^^^^^^^^^^^^^^^^^^
[rank0]:   File "/usr/local/lib/python3.12/site-packages/torch/utils/_contextlib.py", line 120, in decorate_context
[rank0]:     return func(*args, **kwargs)
[rank0]:            ^^^^^^^^^^^^^^^^^^^^^
[rank0]:   File "/__modal/volumes/vo-pelh2tULdL7ESlnYAQvaCw/nanochat/block_head.py", line 768, in evaluate_block_bpb
[rank0]:     logits, hid = model(x, return_hidden=True)
[rank0]:                   ^^^^^^^^^^^^^^^^^^^^^^^^^^^^
[rank0]:   File "/usr/local/lib/python3.12/site-packages/torch/nn/modules/module.py", line 1775, in _wrapped_call_impl
[rank0]:     return self._call_impl(*args, **kwargs)
[rank0]:            ^^^^^^^^^^^^^^^^^^^^^^^^^^^^^^^^
[rank0]:   File "/usr/local/lib/python3.12/site-packages/torch/nn/modules/module.py", line 1786, in _call_impl
[rank0]:     return forward_call(*args, **kwargs)
[rank0]:            ^^^^^^^^^^^^^^^^^^^^^^^^^^^^^
[rank0]:   File "/__modal/volumes/vo-pelh2tULdL7ESlnYAQvaCw/nanochat/gpt.py", line 11790, in forward
[rank0]:     logits = softcap * torch.tanh(logits / softcap) # squash the logits
[rank0]:                        ^^^^^^^^^^^^^^^^^^^^^^^^^^^^
[rank0]: torch.OutOfMemoryError: CUDA out of memory. Tried to allocate 32.00 GiB. GPU 0 has a total capacity of 139.80 GiB of which 5.73 GiB is free. Process 1 has 134.06 GiB memory in use. Of the allocated memory 102.80 GiB is allocated by PyTorch, and 29.98 GiB is reserved by PyTorch but unallocated. If reserved but unallocated memory is large try setting PYTORCH_CUDA_ALLOC_CONF=expandable_segments:True to avoid fragmentation.  See documentation for Memory Management  (https://pytorch.org/docs/stable/notes/cuda.html#environment-variables)
[rank0]:[W1001 23:37:43.041586331 ProcessGroupNCCL.cpp:1524] Warning: WARNING: destroy_process_group() was not called before program exit, which can leak resources. For more info, please see https://pytorch.org/docs/stable/distributed.html#shutdown (function operator())
E1001 23:37:45.682000 20683 site-packages/torch/distributed/elastic/multiprocessing/api.py:882] failed (exitcode: 1) local_rank: 0 (pid: 20689) of binary: /usr/local/bin/python
Traceback (most recent call last):
  File "/usr/local/bin/torchrun", line 10, in <module>
    sys.exit(main())
             ^^^^^^
  File "/usr/local/lib/python3.12/site-packages/torch/distributed/elastic/multiprocessing/errors/__init__.py", line 357, in wrapper
    return f(*args, **kwargs)
           ^^^^^^^^^^^^^^^^^^
  File "/usr/local/lib/python3.12/site-packages/torch/distributed/run.py", line 936, in main
    run(args)
  File "/usr/local/lib/python3.12/site-packages/torch/distributed/run.py", line 927, in run
    elastic_launch(
  File "/usr/local/lib/python3.12/site-packages/torch/distributed/launcher/api.py", line 156, in __call__
    return launch_agent(self._config, self._entrypoint, list(args))
           ^^^^^^^^^^^^^^^^^^^^^^^^^^^^^^^^^^^^^^^^^^^^^^^^^^^^^^^^
  File "/usr/local/lib/python3.12/site-packages/torch/distributed/launcher/api.py", line 293, in launch_agent
    raise ChildFailedError(
torch.distributed.elastic.multiprocessing.errors.ChildFailedError: 
============================================================
scripts.base_train FAILED
------------------------------------------------------------
Failures:
  <NO_OTHER_FAILURES>
------------------------------------------------------------
Root Cause (first observed failure):
[0]:
  time      : 2026-10-01_23:37:45
  host      : localhost
  rank      : 0 (local_rank: 0)
  exitcode  : 1 (pid: 20689)
  error_file: <N/A>
  traceback : To enable traceback see: https://pytorch.org/docs/stable/elastic/errors.html
============================================================
2026-10-01 23:37:54,071 - httpx - [32m[1mINFO[0m - HTTP Request: HEAD https://huggingface.co/varunneal/flash-attention-3/resolve/main/kernel-status.toml "HTTP/1.1 404 Not Found"
2026-10-01 23:37:54,178 - httpx - [32m[1mINFO[0m - HTTP Request: GET https://huggingface.co/api/models/varunneal/flash-attention-3/tree/main/build?recursive=false&expand=false "HTTP/1.1 200 OK"
2026-10-01 23:37:54,285 - httpx - [32m[1mINFO[0m - HTTP Request: GET https://huggingface.co/api/models/varunneal/flash-attention-3/revision/main "HTTP/1.1 200 OK"

                                                       █████                █████
                                                      ░░███                ░░███
     ████████    ██████   ████████    ██████   ██████  ░███████    ██████  ███████
    ░░███░░███  ░░░░░███ ░░███░░███  ███░░███ ███░░███ ░███░░███  ░░░░░███░░░███░
     ░███ ░███   ███████  ░███ ░███ ░███ ░███░███ ░░░  ░███ ░███   ███████  ░███
     ░███ ░███  ███░░███  ░███ ░███ ░███ ░███░███  ███ ░███ ░███  ███░░███  ░███ ███
     ████ █████░░████████ ████ █████░░██████ ░░██████  ████ █████░░███████  ░░█████
    ░░░░ ░░░░░  ░░░░░░░░ ░░░░ ░░░░░  ░░░░░░   ░░░░░░  ░░░░ ░░░░░  ░░░░░░░░   ░░░░░
    
Autodetected device type: cuda
2026-10-01 23:37:55,426 - nanochat.common - [32m[1mINFO[0m - Distributed world size: 1
Device: cuda (ddp=True, world_size=1)
GPU: NVIDIA H200 | Peak FLOPS (BF16): 9.89e+14
COMPUTE_DTYPE: torch.bfloat16 (auto-detected: CUDA SM 90 (bf16 supported))
✓ Using Flash Attention 3 (Hopper GPU detected) — efficient and fast.
Vocab size: 32,768
[SAP] block head: mode=local T=4 frac=0.0625 window=16 layers=2 params=4,728,832
Model config:
{
  "sequence_len": 2048,
  "vocab_size": 32768,
  "n_layer": 8,
  "n_head": 4,
  "n_kv_head": 4,
  "n_embd": 512,
  "use_moe": false,
  "use_perm": false,
  "moe_num_experts": 8,
  "moe_router_dim": 64,
  "moe_embed_dim": 64,
  "dropout": 0.0,
  "use_remix_linear": false,
  "remix_context_dim": 64,
  "remix_context_dim_ratio": 6,
  "remix_basis_size": 64,
  "remix_output_gate_rank": 16,
  "remixed_linear_kwargs": {
    "use_basis_gate": true,
    "use_output_gate": true,
    "use_context": true,
    "basis_gate_mode": "mlp",
    "sparse_gate_k": 0,
    "gate_temperature": 1.0,
    "basis_scale_factor": 4,
    "n_templates": 1,
    "template_routing_learned": false,
    "template_topk": 0,
    "tiny_expert": false,
    "tiny_expert_topk": 16,
    "lokr_expert": false,
    "lokr_n_experts": 64,
    "lokr_topk": 16,
    "lokr_rank": 4,
    "lokr_learned": false,
    "basis_gate_rank": 8,
    "disable_ln_basis": false,
    "chunk_route_impl": "compose",
    "top1_gate": "ones",
    "template_delta_rank": 0,
    "route_side": "output",
    "drop_basis_proj": false,
    "basis_side_templates": 0,
    "grad_equalize": false,
    "output_gate_rank": 16,
    "operator_modulation": "none",
    "lie_generators": 4,
    "poly_order": 2,
    "grassmann_bank_size": 4
  },
  "use_pos_embed": false,
  "moe_use_abs_pos_embed": false,
  "use_layer_context": true,
  "scale_basis_size": true,
  "remix_use_dual_gate": false,
  "remix_use_fused": false,
  "p26_output_gated_linear": 0,
  "p28_shared_basis": 0,
  "p28_chunk_routing_size": 0,
  "p28_global_template_bank": "none",
  "p28_attn_proj_templates": 0,
  "p28_attn_qk_templates": 0,
  "p29_template_block_diag": 0,
  "p29_template_lr_scale": 1.0,
  "p29_grad_equalize": 0,
  "p34_ffn_mult": 4.0,
  "p34_ffn_single": 0,
  "p34_dense_attn": 0,
  "legacy_init_fallback": 0,
  "p35_template_diversity_lambda": 0.0,
  "p22_route_affine": 0,
  "p34_ffn_schedule": "",
  "p34_ffn_no_ffn_replacement": "none",
  "p34_ffn_last_depth": 1,
  "p36_swiglu_ffn": 0,
  "p36_swiglu_mult": 2.6666666666666665,
  "cond_sites": "both",
  "cond_rank": 256,
  "cond_mult_steps": 0,
  "cond_gate_source": "router",
  "cond_coeff_act": "centered",
  "cond_router_rank": 0,
  "cond_live_init": 0.0,
  "cond_router_act": "none",
  "cond_chunk_size": 0,
  "cond_mult_scale": -1.0,
  "cond_mult_impl": "wy",
  "cond_attn_projs": "qkvo",
  "cond_layer_frac": 1.0,
  "perm_expert_mode": "low_rank",
  "perm_rank": 16,
  "router_context_window": -1,
  "router_causal": true,
  "router_num_heads": 4,
  "router_num_queries": 16,
  "router_n_layers": 2,
  "router_use_vocab_prior": false,
  "window_pattern": "SSSL",
  "cclblock_modulation": "weight",
  "cclblock_orth_lambda": 0.0,
  "cclblock_context_stream": "local",
  "cclblock_ema_factor": 0.99,
  "cclblock_stale_ctx_lag": 0,
  "cclblock_sparse_gate_k": 0,
  "cclblock_gate_temperature": 1.0,
  "cclblock_context_bank_size": 0,
  "cclblock_per_head_ctx": false,
  "cclblock_context_source": "norm_x",
  "cclblock_chunk_size": 0,
  "cclblock_aux_objective": "none",
  "cclblock_aux_lambda": 0.1,
  "cclblock_boundary_token_id": 198,
  "use_ral": false,
  "ral_rank": 32,
  "cclblock_film_gate": false,
  "cclblock_attn_shadow_dim": 0,
  "cclblock_dynamic_ratio": 0.25,
  "cclblock_gate_rank": 8,
  "cclblock_num_regimes": 8,
  "cclblock_regime_temperature": 1.0,
  "cclblock_poly_order": 2,
  "cclblock_lie_generators": 4,
  "cclblock_grassmann_bank_size": 4,
  "cclblock_tucker_rank": 32,
  "cclblock_tucker_modes": 8,
  "cclblock_svs_rank": 64,
  "cclblock_svs_eps": 0.1,
  "cclblock_vq_codes": 8,
  "cclblock_vq_temperature": 1.0,
  "cclblock_dcu_warmup_steps": 0,
  "cclblock_fsi_rotations": 8,
  "cclblock_fsi_selector_dim": 64,
  "cclblock_aesp_strata": 4,
  "cclblock_aesp_delta_rank": 4,
  "cclblock_ckr_branches": 4,
  "cclblock_ckr_kernel_size": 64,
  "cclblock_ckr_pos_channels": 1,
  "cclblock_ckr_dual_optim": 0,
  "cclblock_ckr_content_bias": 0.0,
  "cclblock_giad_rank": 32,
  "cclblock_psg_kernel_size": 64,
  "cclblock_ss_dynamic_ratio": 0.25,
  "cclblock_ss_branches": 2,
  "cclblock_ss_kernel_size": 64,
  "cclblock_lokr_branches": 8,
  "cclblock_lokr_rank": 16,
  "cclblock_ckr_temp_start": 2.0,
  "cclblock_ckr_temp_end": 0.3,
  "cclblock_com_kernel_size": 32,
  "cclblock_ckr_ortho_init": 0,
  "cclblock_ckr_branch_dropout": 0.0,
  "cclblock_ckr_diversity_lambda": 0.0,
  "cclblock_ckr_layer_selective": 0,
  "cclblock_pgr_kernel_size": 64,
  "cclblock_cil_kernel_size": 64,
  "cclblock_prb_kernel_size": 64,
  "p18_layer_drop": 0.0,
  "p18_dynamic_activation": 0,
  "p18_mixture_norm": 0,
  "p18_causal_attn_bias": 0,
  "p18_aux_sim_lambda": 0.0,
  "p18_gradient_penalty": 0.0,
  "p18_per_channel_scale": 0,
  "p19_residual_gate": 0,
  "p19_head_importance": 0,
  "p19_residual_mix_groups": 0,
  "p19_attn_logit_bias": 0,
  "p19_residual_decay": 0,
  "p19_grad_equilibrium": 0.0,
  "p19_spectral_reparam": 0,
  "p19_weight_anticollapse": 0.0,
  "p19_ve_bias": 0,
  "p19_weight_noise": 0.0,
  "p20_hrcs_scale": 0,
  "p20_lswr_scale": 0,
  "p20_lswr_planes": 8,
  "p20_lrcfb_branches": 0,
  "p20_lrcfb_narrow": 0,
  "p20_lrcfb_learned": 0,
  "p20_lrcfb_topk": 0,
  "p20_dgcr_branches": 0,
  "p20_dgcr_aux_weight": 0.01,
  "p20_mone_experts": 0,
  "p20_mone_topk": 0,
  "p20_mone_narrow": 1,
  "p20_mone_frozen": 0,
  "p20_ncea_branches": 0,
  "p20_ncea_eps": 0.1,
  "p20_adwi": 0,
  "p20_pwu_branches": 0,
  "p20_pwu_phase": 1,
  "p20_fsvd_gate": 0,
  "p20_wbfc_clusters": 0,
  "p20_wbfc_active": 0,
  "p21_per_experts": 0,
  "p21_per_topk": 0,
  "p21_per_learned": 0,
  "p21_per_attn": 0,
  "p22_attn_moe_route": "none",
  "p23_tiny_expert": 0,
  "p23_n_experts": 64,
  "p23_topk": 16,
  "p23_learned_route": 0,
  "p23_std_moe_experts": 0,
  "p23_std_moe_topk": -1,
  "p23_std_moe_aux_weight": 0.01,
  "p23_lokr": 0,
  "p23_lokr_rank": 4,
  "p23_use_shared_block_router": 0,
  "p23_linear_moe_experts": 0,
  "p23_linear_moe_topk": 0,
  "p23_quantile_route": 0,
  "remix_shared_context_gates": 0,
  "p24_use_sliced_weight": 0,
  "p24_sliced_weight_reduction_scale": 8,
  "p24_sliced_weight_min_select": 128,
  "p24_sliced_weight_scope": "per_token",
  "p24_sliced_weight_balance_coeff": 0.01,
  "p24_quantile_route": 0,
  "p24_use_folded_mod": 0,
  "p24_folded_mod_reduction_scale": 8,
  "p24_folded_mod_min_dim": 128,
  "p24_folded_mod_scope": "per_layer",
  "p24_folded_mod_gate_act": "tanh_centered",
  "p24_use_sequence_gated_linear": 0,
  "p24_sequence_gated_scope": "per_layer",
  "p24_sequence_gated_act": "tanh_centered",
  "remix_disable_ln_basis": 0,
  "dense_intermediate_ln": 0,
  "use_mol": false,
  "mol_n_blocks": 5,
  "mol_n_shared": 1,
  "mol_topk": 3,
  "mol_thin_dim": 256,
  "mol_head_dim": 64,
  "mol_ffn_mult": 4.0,
  "mol_router_aux": 0.05,
  "mol_routed_attn": "softmax",
  "mol_dispatch": 1,
  "mol_capacity_factor": 1.0,
  "mol_block_lr_scale": 1.0,
  "mol_per_block_ve": 0,
  "use_binary": false,
  "binary_acts": true,
  "binary_weight_scale": "row",
  "binary_act_scale": "token",
  "binary_clip": 1.0,
  "binary_linear": true,
  "binary_embeddings": true,
  "binary_skip": "",
  "binary_native": false,
  "binary_tau": 1.0,
  "binary_hard": false,
  "binary_resid_width": 0,
  "binary_attn_chunk": 256,
  "use_mst": false,
  "mst_n_subs": 8,
  "mst_sub_dim": 64,
  "mst_head_dim": 0,
  "mst_input_mode": "fixed_slice",
  "mst_rotated_slice_learned": false,
  "mst_routing_mode": "soft_weighted",
  "mst_routing_topk": 4,
  "mst_routing_aux_weight": 0.01,
  "mst_diversity_weight": 0.0,
  "mst_ffn_mode": "standard",
  "mst_ffn_every": 1,
  "mst_transition_mode": "parallel",
  "mst_final_mode": "aggregate_proj",
  "mst_final_topk": -1,
  "mst_ffn_shared_up": 0,
  "mst_ffn_inner_dim": 0,
  "mst_sub_dropout": 0.0,
  "mst_transition_every": 1,
  "mst_ffa_temperature": 1.0,
  "mst_global_residual": 0,
  "mst_hybrid_dense": 0,
  "mst_cross_sub_kv": 0,
  "mst_sub_aux_weight": 0.0,
  "mst_progressive_merge": 0,
  "mst_multi_scale_windows": 0,
  "mst_delta_residual": 0,
  "mst_sub_layers": 1,
  "mst_grad_equalize": 0,
  "mst_block_diagonal_muon": 0,
  "mst_transition_width_mult": 1.0,
  "mst_sub_lr_scale": 1.0,
  "mst_shared_expert": 0,
  "mst_router_entropy_weight": 0.0,
  "mst_shared_kv_attn": 0,
  "mst_contrastive_diversity_weight": 0.0,
  "mst_transition_nonlinear": 0,
  "mst_transition_gated": 0,
  "mst_transition_mlp": 0,
  "mst_cross_sub_gate": 0,
  "mst_hyper_connect": 0,
  "mst_cross_kv_inject": 0,
  "mst_slice_transition": 0,
  "mst_lookback_layers": 0,
  "mst_bilinear_transition": 0,
  "mst_cross_sub_qmod": 0,
  "mst_feature_cycle": 0,
  "mst_mean_transition": 0,
  "mst_sub_head_dim": 0,
  "mst_final_norm": 0,
  "mst_per_stream_ve": 0,
  "mst_ve_map": 0,
  "mst_ve_map_rank": 0,
  "mst_lm_head_dim": 0,
  "mst_compose_windows": 0,
  "mst_channel_mix": "none",
  "mst_channel_mix_site": "layer",
  "mst_distribute_block_muon": 0,
  "mst_trans_spectral_lr": 0,
  "mst_talking_heads": 0,
  "mst_wo_mode": "block",
  "mst_stream_topk": 0,
  "mst_stream_shared": 0,
  "mst_stream_router_aux": 0.01,
  "mst_stream_router_noise": 0.0,
  "mst_stream_dispatch": 0,
  "mst_stream_capacity_factor": 1.0,
  "mst_stream_gate_attn": 0,
  "mst_ffn_monarch": "none",
  "mst_shampoo": 0,
  "mst_precond_every": 10,
  "mst_shampoo_beta": 0.95,
  "use_eet": false,
  "eet_frozen_kv": true,
  "eet_reenter_final": false,
  "eet_router_type": "mlp2",
  "eet_router_hidden": 0,
  "eet_freq_prior_alpha": 0.0,
  "eet_pos_prior_beta": 0.0,
  "eet_domain_prior": false,
  "eet_warmup_frac": 0.02,
  "eet_explore_frac": 0.15,
  "eet_reconstruct_lambda": 1.0,
  "eet_efficiency_lambda_start": 0.01,
  "eet_efficiency_lambda_end": 0.1,
  "eet_translator_rank": 0,
  "eet_max_frozen_kv_frac": 0.75,
  "eet_exit_threshold": 0.5,
  "eet_min_exit_layer": 1,
  "eet_loss_variant": "reconstruct",
  "eet_topk_vocab": 512,
  "eet_entropy_lambda": 0.3,
  "eet_surprise_lambda": 0.1,
  "eet_adv_lambda": 1.0,
  "eet_adv_entropy_lambda": 0.2,
  "eet_quality_lambda": 1.0,
  "eet_quality_entropy_bonus": 0.1,
  "eet_gumbel_temp_start": 0.0,
  "eet_gumbel_temp_end": 0.1,
  "eet_gumbel_hard": true,
  "eet_commitment_beta": 0.1,
  "eet_global_router": false,
  "eet_freq_efficiency_alpha": 0.0,
  "eet_diversity_lambda": 0.0,
  "eet_ce_guided_lambda": 1.0,
  "eet_router_lr_mult": 5.0,
  "eet_model_lr_mult": 1.0,
  "eet_depth_weight_type": "none",
  "eet_depth_weight_max": 2.5,
  "eet_use_override": 0,
  "eet_override_prob_start": 0.5,
  "eet_override_prob_end": 0.1,
  "eet_compute_skip": false,
  "eet_target_active_frac": 0.125,
  "eet_capacity_schedule": "bell",
  "eet_exit_fracs": null,
  "eet_capacity_alignment_lambda": 0.0,
  "eet_kv_mode": "none",
  "eet_route_noise": 0.0,
  "eet_route_noise_end": -1.0,
  "eet_coverage_diag": false,
  "deep_supervision_lambda": 0.0,
  "deep_supervision_frac": 0.125,
  "eet_width_power": 0.0,
  "eet_width_cap": 16.0,
  "eet_kv_eager": false,
  "eet_router_task_grad": true,
  "eet_reinforce_interval": 0,
  "eet_reinforce_lambda": 0.1,
  "eet_exit_adapter_rank": 0,
  "eet_router_after_block": 0,
  "eet_ffn_skip": false,
  "eet_ffn_target_frac": 0.5,
  "eet_ffn_full_attn": true,
  "eet_depth_affine": false,
  "eet_capacity_anneal_frac": 0.0,
  "eet_learned_schedule": false,
  "eet_departure_summary": false,
  "eet_route_consistency_lambda": 0.0,
  "eet_dense_distill_interval": 0,
  "eet_dense_distill_lambda": 0.5,
  "eet_depth_lr_scale": false,
  "eet_depth_grad_scale": false,
  "eet_detach_aux_from_backbone": false,
  "eet_detach_exit_from_backbone": false,
  "use_code_head": false,
  "sch_head_type": "code",
  "sch_bits": 0,
  "sch_order": 2,
  "sch_max_m": 0,
  "sch_phi_mode": "monomial",
  "sch_code_mode": "binary",
  "sch_code_path": "",
  "sch_code_ecc_bits": 0,
  "sch_code_seed": 1234,
  "sch_phi_density": 0.0,
  "sch_phi_dtype": "bf16",
  "sch_phi_normalize": 1,
  "sch_phi_center": 0,
  "sch_g_type": "linear",
  "sch_g_hidden": 0,
  "sch_g_layers": 2,
  "sch_g_out_std": 0.001,
  "sch_mixture": 1,
  "sch_residual_rank": 0,
  "sch_logit_act": "none",
  "sch_bias": 0,
  "sch_input_mode": "table",
  "sch_input_hidden": 0,
  "sch_product_groups": 8,
  "sch_product_codebook": 256,
  "sch_product_source": "hash",
  "sch_product_impl": "dense",
  "sch_phi_whiten": 0,
  "sch_mixture_per_phi": 0,
  "sch_mixture_topk": 0,
  "sch_mixture_aux": 0.01,
  "sch_monarch_m1": 0,
  "sch_monarch_perm": "none",
  "sch_monarch_perm_path": "",
  "sch_tier_bounds": "",
  "sch_tier_caps": "",
  "sch_tier_order": "freq",
  "sch_tier_perm_path": "",
  "sch_proposal_rank": 32,
  "sch_proposal_topk": 16384,
  "sch_proposal_samples": 4096,
  "sch_proposal_warmup": 0,
  "sch_proposal_chunk": 2048,
  "sch_proposal_aux": 1.0,
  "sch_nfh_mode": "cp",
  "sch_nfh_rank": 32,
  "sch_nfh_dims": "",
  "sch_nfh_groups": 3,
  "sch_nfh_views": 1,
  "sch_nfh_perm": "none",
  "sch_nfh_perm_path": "",
  "sch_nfh_g_type": "linear",
  "sch_nfh_g_hidden": 0,
  "sch_rerank_mode": "topk",
  "sch_rerank_k": 64,
  "sch_rerank_rank": 32,
  "sch_nfh_smooth": 0,
  "sch_nfh_chunk": 256,
  "sap_block_T": 4,
  "sap_block_mode": "local",
  "sap_block_frac": 0.0625,
  "sap_lambda": 1.0,
  "sap_head_layers": 2,
  "sap_head_heads": 0,
  "sap_head_mlp_mult": 2,
  "sap_enc_layers": 1,
  "sap_ctx_window": 16,
  "sap_latent_groups": 4,
  "sap_latent_codes": 64,
  "sap_latent_dim": 64,
  "sap_free_bits": 0.25,
  "sap_kl_anneal_steps": 2000,
  "sap_gumbel_tau": 1.0,
  "sap_cp_components": 8,
  "sap_wta_k": 4,
  "sap_u_freqs": 24,
  "sap_u_interior": 0.8,
  "sap_logit_chunk": 8192
}
Seeded weight init with --seed 1
Checkpoints directory: /__modal/volumes/vo-pelh2tULdL7ESlnYAQvaCw/out/s00_sap/d8/SAP_local_T4_s1
✓ Wrapping model with DistributedDataParallel (rank 0, find_unused_parameters=False, broadcast_buffers=True)
Parameter counts:
wte                     : 16,777,216
wpe                     : 0
value_embeds            : 67,108,864
lm_head                 : 16,777,216
transformer_matrices    : 25,166,336
research                : 4,728,832
scalars                 : 16
total                   : 130,558,480
Estimated FLOPs per token (total):  3.245660e+08
COST_AXES precision=W16A16E16H16 bops_arith=4.1544e+10 energy_pj_per_token=2.6382e+08 inference_MiB=249.02 training_state_MiB=860.68
Estimated FLOPs per token (active): 3.245660e+08
Estimated active params:            130,558,480
[SAP] block head: mode=local T=4 frac=0.0625 window=16 layers=2 params=10,632,192
Auto-computed optimal batch size: 262,144 tokens
Scaling LRs by 0.7071 for batch size 262,144 (reference: 524,288)
Scaling weight decay from 0.200000 to 0.371230 for depth 8
Scaling the LR for the AdamW parameters ∝1/√(512/768) = 1.224745
Calculated number of iterations from target FLOPs: 1,482
Total number of training tokens: 388,497,408
Tokens : Scaling params ratio: 9.26
Total training FLOPs estimate: 1.260931e+17
Total training FLOPs (active):  1.260931e+17
Total active training FLOPs estimate: 1.260931e+17
Using base scheduler: linear warmup/flat/linear warmdown
Tokens / micro-batch / rank: 128 x 2048 = 262,144
Tokens / micro-batch: 262,144
Total batch size 262,144 => gradient accumulation steps: 1
Running pre-compilation warmup (1 dummy forward+backward to init lazy allocations)...
[rank0]:W1001 23:37:56.060000 45051 site-packages/torch/_logging/_internal.py:1199] [0/0] Profiler function <class 'torch.autograd.profiler.record_function'> will be ignored
Warmup complete. Steady-state VRAM: 5.9 GB allocated
step 00000/01482 (0.00%) | loss: 20.797028 | lrm: 0.14 | lr(adamw:4.992e-02, muon:2.020e-03) | dt: 321.17ms | tok/sec: 816,203 | bf16_mfu: 26.79 | epoch: 1 pq: 0 rg: 1 | total time: 0.00m
step 00100/01482 (6.75%) | loss: 10.190907 | lrm: 1.00 | lr(adamw:3.494e-01, muon:1.414e-02) | dt: 254.25ms | tok/sec: 1,031,063 | bf16_mfu: 33.84 | epoch: 1 pq: 0 rg: 52 | total time: 0.38m | eta: 5.9m
step 00200/01482 (13.50%) | loss: 8.879349 | lrm: 1.00 | lr(adamw:3.494e-01, muon:1.414e-02) | dt: 307.62ms | tok/sec: 852,178 | bf16_mfu: 27.97 | epoch: 1 pq: 1 rg: 17 | total time: 0.83m | eta: 5.6m
step 00300/01482 (20.24%) | loss: 8.458717 | lrm: 1.00 | lr(adamw:3.494e-01, muon:1.414e-02) | dt: 253.84ms | tok/sec: 1,032,729 | bf16_mfu: 33.89 | epoch: 1 pq: 1 rg: 65 | total time: 1.27m | eta: 5.2m
step 00400/01482 (26.99%) | loss: 8.168462 | lrm: 1.00 | lr(adamw:3.494e-01, muon:1.414e-02) | dt: 253.90ms | tok/sec: 1,032,469 | bf16_mfu: 33.88 | epoch: 1 pq: 2 rg: 30 | total time: 1.70m | eta: 4.7m
step 00500/01482 (33.74%) | loss: 8.013615 | lrm: 1.00 | lr(adamw:3.494e-01, muon:1.414e-02) | dt: 251.28ms | tok/sec: 1,043,244 | bf16_mfu: 34.24 | epoch: 1 pq: 2 rg: 78 | total time: 2.12m | eta: 4.3m
step 00600/01482 (40.49%) | loss: 7.839790 | lrm: 0.92 | lr(adamw:3.215e-01, muon:1.301e-02) | dt: 260.56ms | tok/sec: 1,006,070 | bf16_mfu: 33.02 | epoch: 1 pq: 3 rg: 43 | total time: 2.55m | eta: 3.8m
step 00700/01482 (47.23%) | loss: 7.684866 | lrm: 0.82 | lr(adamw:2.870e-01, muon:1.162e-02) | dt: 256.68ms | tok/sec: 1,021,295 | bf16_mfu: 33.52 | epoch: 1 pq: 4 rg: 10 | total time: 2.98m | eta: 3.4m
step 00800/01482 (53.98%) | loss: 7.568605 | lrm: 0.72 | lr(adamw:2.526e-01, muon:1.022e-02) | dt: 262.50ms | tok/sec: 998,657 | bf16_mfu: 32.77 | epoch: 1 pq: 4 rg: 58 | total time: 3.41m | eta: 2.9m
step 00900/01482 (60.73%) | loss: 7.454002 | lrm: 0.62 | lr(adamw:2.181e-01, muon:8.827e-03) | dt: 256.21ms | tok/sec: 1,023,146 | bf16_mfu: 33.58 | epoch: 1 pq: 5 rg: 24 | total time: 3.83m | eta: 2.5m
step 01000/01482 (67.48%) | loss: 7.360962 | lrm: 0.53 | lr(adamw:1.836e-01, muon:7.432e-03) | dt: 256.93ms | tok/sec: 1,020,286 | bf16_mfu: 33.48 | epoch: 1 pq: 5 rg: 73 | total time: 4.26m | eta: 2.1m
step 01100/01482 (74.22%) | loss: 7.261604 | lrm: 0.43 | lr(adamw:1.492e-01, muon:6.036e-03) | dt: 289.45ms | tok/sec: 905,667 | bf16_mfu: 29.72 | epoch: 1 pq: 6 rg: 38 | total time: 4.73m | eta: 1.7m
step 01200/01482 (80.97%) | loss: 7.177467 | lrm: 0.33 | lr(adamw:1.147e-01, muon:4.641e-03) | dt: 256.84ms | tok/sec: 1,020,668 | bf16_mfu: 33.50 | epoch: 1 pq: 7 rg: 4 | total time: 5.15m | eta: 1.2m
step 01300/01482 (87.72%) | loss: 7.061708 | lrm: 0.23 | lr(adamw:8.021e-02, muon:3.246e-03) | dt: 256.65ms | tok/sec: 1,021,420 | bf16_mfu: 33.52 | epoch: 1 pq: 7 rg: 53 | total time: 5.58m | eta: 0.8m
step 01400/01482 (94.47%) | loss: 7.009291 | lrm: 0.13 | lr(adamw:4.574e-02, muon:1.851e-03) | dt: 258.80ms | tok/sec: 1,012,914 | bf16_mfu: 33.24 | epoch: 1 pq: 8 rg: 19 | total time: 6.01m | eta: 0.4m
step 01481/01482 (99.93%) | loss: 6.972337 | lrm: 0.05 | lr(adamw:1.782e-02, muon:7.211e-04) | dt: 255.19ms | tok/sec: 1,027,250 | bf16_mfu: 33.71 | epoch: 1 pq: 8 rg: 58 | total time: 6.36m | eta: 0.0m
/usr/local/lib/python3.12/site-packages/torch/_dynamo/variables/functions.py:1598: UserWarning: Dynamo does not know how to trace the builtin `torch._C._distributed_c10d.pybind11_detail_function_record_v1_system_libstdcpp_gxx_abi_1xxx_use_cxx11_abi_1._broadcast_coalesced.` This function is either a Python builtin (e.g. _warnings.warn) or a third-party C/C++ Python extension (perhaps created with pybind).
If it is a Python builtin, please file an issue on GitHub so the PyTorch team can add support for it and see the next case for a workaround.
If it is a third-party C/C++ Python extension, please either wrap it into a PyTorch-understood custom operator (see https://pytorch.org/tutorials/advanced/custom_ops_landing_page.html for more details) or, if it is traceable, use `torch.compiler.allow_in_graph`.
  torch._dynamo.utils.warn_once(explanation + "\n" + "\n".join(hints))
Step 01482 | Validation bpb: 1.008797 | val_loss: 3.310015
[rank0]: Traceback (most recent call last):
[rank0]:   File "<frozen runpy>", line 198, in _run_module_as_main
[rank0]:   File "<frozen runpy>", line 88, in _run_code
[rank0]:   File "/__modal/volumes/vo-pelh2tULdL7ESlnYAQvaCw/scripts/base_train.py", line 2399, in <module>
[rank0]:     _sap_eval = evaluate_block_bpb(orig_model, build_val_loader(), args.sap_eval_steps, token_bytes)
[rank0]:                 ^^^^^^^^^^^^^^^^^^^^^^^^^^^^^^^^^^^^^^^^^^^^^^^^^^^^^^^^^^^^^^^^^^^^^^^^^^^^^^^^^^^^
[rank0]:   File "/usr/local/lib/python3.12/site-packages/torch/utils/_contextlib.py", line 120, in decorate_context
[rank0]:     return func(*args, **kwargs)
[rank0]:            ^^^^^^^^^^^^^^^^^^^^^
[rank0]:   File "/__modal/volumes/vo-pelh2tULdL7ESlnYAQvaCw/nanochat/block_head.py", line 768, in evaluate_block_bpb
[rank0]:     logits, hid = model(x, return_hidden=True)
[rank0]:                   ^^^^^^^^^^^^^^^^^^^^^^^^^^^^
[rank0]:   File "/usr/local/lib/python3.12/site-packages/torch/nn/modules/module.py", line 1775, in _wrapped_call_impl
[rank0]:     return self._call_impl(*args, **kwargs)
[rank0]:            ^^^^^^^^^^^^^^^^^^^^^^^^^^^^^^^^
[rank0]:   File "/usr/local/lib/python3.12/site-packages/torch/nn/modules/module.py", line 1786, in _call_impl
[rank0]:     return forward_call(*args, **kwargs)
[rank0]:            ^^^^^^^^^^^^^^^^^^^^^^^^^^^^^
[rank0]:   File "/__modal/volumes/vo-pelh2tULdL7ESlnYAQvaCw/nanochat/gpt.py", line 11790, in forward
[rank0]:     logits = softcap * torch.tanh(logits / softcap) # squash the logits
[rank0]:                        ^^^^^^^^^^^^^^^^^^^^^^^^^^^^
[rank0]: torch.OutOfMemoryError: CUDA out of memory. Tried to allocate 32.00 GiB. GPU 0 has a total capacity of 139.80 GiB of which 5.80 GiB is free. Process 1 has 133.96 GiB memory in use. Of the allocated memory 102.81 GiB is allocated by PyTorch, and 29.88 GiB is reserved by PyTorch but unallocated. If reserved but unallocated memory is large try setting PYTORCH_CUDA_ALLOC_CONF=expandable_segments:True to avoid fragmentation.  See documentation for Memory Management  (https://pytorch.org/docs/stable/notes/cuda.html#environment-variables)
[rank0]:[W1001 23:45:40.349414126 ProcessGroupNCCL.cpp:1524] Warning: WARNING: destroy_process_group() was not called before program exit, which can leak resources. For more info, please see https://pytorch.org/docs/stable/distributed.html#shutdown (function operator())
E1001 23:45:42.159000 45045 site-packages/torch/distributed/elastic/multiprocessing/api.py:882] failed (exitcode: 1) local_rank: 0 (pid: 45051) of binary: /usr/local/bin/python
Traceback (most recent call last):
  File "/usr/local/bin/torchrun", line 10, in <module>
    sys.exit(main())
             ^^^^^^
  File "/usr/local/lib/python3.12/site-packages/torch/distributed/elastic/multiprocessing/errors/__init__.py", line 357, in wrapper
    return f(*args, **kwargs)
           ^^^^^^^^^^^^^^^^^^
  File "/usr/local/lib/python3.12/site-packages/torch/distributed/run.py", line 936, in main
    run(args)
  File "/usr/local/lib/python3.12/site-packages/torch/distributed/run.py", line 927, in run
    elastic_launch(
  File "/usr/local/lib/python3.12/site-packages/torch/distributed/launcher/api.py", line 156, in __call__
    return launch_agent(self._config, self._entrypoint, list(args))
           ^^^^^^^^^^^^^^^^^^^^^^^^^^^^^^^^^^^^^^^^^^^^^^^^^^^^^^^^
  File "/usr/local/lib/python3.12/site-packages/torch/distributed/launcher/api.py", line 293, in launch_agent
    raise ChildFailedError(
torch.distributed.elastic.multiprocessing.errors.ChildFailedError: 
============================================================
scripts.base_train FAILED
------------------------------------------------------------
Failures:
  <NO_OTHER_FAILURES>
------------------------------------------------------------
Root Cause (first observed failure):
[0]:
  time      : 2026-10-01_23:45:42
  host      : localhost
  rank      : 0 (local_rank: 0)
  exitcode  : 1 (pid: 45051)
  error_file: <N/A>
  traceback : To enable traceback see: https://pytorch.org/docs/stable/elastic/errors.html
============================================================
2026-10-01 23:45:49,965 - httpx - [32m[1mINFO[0m - HTTP Request: HEAD https://huggingface.co/varunneal/flash-attention-3/resolve/main/kernel-status.toml "HTTP/1.1 404 Not Found"
2026-10-01 23:45:50,071 - httpx - [32m[1mINFO[0m - HTTP Request: GET https://huggingface.co/api/models/varunneal/flash-attention-3/tree/main/build?recursive=false&expand=false "HTTP/1.1 200 OK"
2026-10-01 23:45:50,172 - httpx - [32m[1mINFO[0m - HTTP Request: GET https://huggingface.co/api/models/varunneal/flash-attention-3/revision/main "HTTP/1.1 200 OK"

                                                       █████                █████
                                                      ░░███                ░░███
     ████████    ██████   ████████    ██████   ██████  ░███████    ██████  ███████
    ░░███░░███  ░░░░░███ ░░███░░███  ███░░███ ███░░███ ░███░░███  ░░░░░███░░░███░
     ░███ ░███   ███████  ░███ ░███ ░███ ░███░███ ░░░  ░███ ░███   ███████  ░███
     ░███ ░███  ███░░███  ░███ ░███ ░███ ░███░███  ███ ░███ ░███  ███░░███  ░███ ███
     ████ █████░░████████ ████ █████░░██████ ░░██████  ████ █████░░███████  ░░█████
    ░░░░ ░░░░░  ░░░░░░░░ ░░░░ ░░░░░  ░░░░░░   ░░░░░░  ░░░░ ░░░░░  ░░░░░░░░   ░░░░░
    
Autodetected device type: cuda
2026-10-01 23:45:51,540 - nanochat.common - [32m[1mINFO[0m - Distributed world size: 1
Device: cuda (ddp=True, world_size=1)
GPU: NVIDIA H200 | Peak FLOPS (BF16): 9.89e+14
COMPUTE_DTYPE: torch.bfloat16 (auto-detected: CUDA SM 90 (bf16 supported))
✓ Using Flash Attention 3 (Hopper GPU detected) — efficient and fast.
Vocab size: 32,768
[SAP] block head: mode=inv_head T=4 frac=0.0625 window=16 layers=2 params=4,491,776
Model config:
{
  "sequence_len": 2048,
  "vocab_size": 32768,
  "n_layer": 8,
  "n_head": 4,
  "n_kv_head": 4,
  "n_embd": 512,
  "use_moe": false,
  "use_perm": false,
  "moe_num_experts": 8,
  "moe_router_dim": 64,
  "moe_embed_dim": 64,
  "dropout": 0.0,
  "use_remix_linear": false,
  "remix_context_dim": 64,
  "remix_context_dim_ratio": 6,
  "remix_basis_size": 64,
  "remix_output_gate_rank": 16,
  "remixed_linear_kwargs": {
    "use_basis_gate": true,
    "use_output_gate": true,
    "use_context": true,
    "basis_gate_mode": "mlp",
    "sparse_gate_k": 0,
    "gate_temperature": 1.0,
    "basis_scale_factor": 4,
    "n_templates": 1,
    "template_routing_learned": false,
    "template_topk": 0,
    "tiny_expert": false,
    "tiny_expert_topk": 16,
    "lokr_expert": false,
    "lokr_n_experts": 64,
    "lokr_topk": 16,
    "lokr_rank": 4,
    "lokr_learned": false,
    "basis_gate_rank": 8,
    "disable_ln_basis": false,
    "chunk_route_impl": "compose",
    "top1_gate": "ones",
    "template_delta_rank": 0,
    "route_side": "output",
    "drop_basis_proj": false,
    "basis_side_templates": 0,
    "grad_equalize": false,
    "output_gate_rank": 16,
    "operator_modulation": "none",
    "lie_generators": 4,
    "poly_order": 2,
    "grassmann_bank_size": 4
  },
  "use_pos_embed": false,
  "moe_use_abs_pos_embed": false,
  "use_layer_context": true,
  "scale_basis_size": true,
  "remix_use_dual_gate": false,
  "remix_use_fused": false,
  "p26_output_gated_linear": 0,
  "p28_shared_basis": 0,
  "p28_chunk_routing_size": 0,
  "p28_global_template_bank": "none",
  "p28_attn_proj_templates": 0,
  "p28_attn_qk_templates": 0,
  "p29_template_block_diag": 0,
  "p29_template_lr_scale": 1.0,
  "p29_grad_equalize": 0,
  "p34_ffn_mult": 4.0,
  "p34_ffn_single": 0,
  "p34_dense_attn": 0,
  "legacy_init_fallback": 0,
  "p35_template_diversity_lambda": 0.0,
  "p22_route_affine": 0,
  "p34_ffn_schedule": "",
  "p34_ffn_no_ffn_replacement": "none",
  "p34_ffn_last_depth": 1,
  "p36_swiglu_ffn": 0,
  "p36_swiglu_mult": 2.6666666666666665,
  "cond_sites": "both",
  "cond_rank": 256,
  "cond_mult_steps": 0,
  "cond_gate_source": "router",
  "cond_coeff_act": "centered",
  "cond_router_rank": 0,
  "cond_live_init": 0.0,
  "cond_router_act": "none",
  "cond_chunk_size": 0,
  "cond_mult_scale": -1.0,
  "cond_mult_impl": "wy",
  "cond_attn_projs": "qkvo",
  "cond_layer_frac": 1.0,
  "perm_expert_mode": "low_rank",
  "perm_rank": 16,
  "router_context_window": -1,
  "router_causal": true,
  "router_num_heads": 4,
  "router_num_queries": 16,
  "router_n_layers": 2,
  "router_use_vocab_prior": false,
  "window_pattern": "SSSL",
  "cclblock_modulation": "weight",
  "cclblock_orth_lambda": 0.0,
  "cclblock_context_stream": "local",
  "cclblock_ema_factor": 0.99,
  "cclblock_stale_ctx_lag": 0,
  "cclblock_sparse_gate_k": 0,
  "cclblock_gate_temperature": 1.0,
  "cclblock_context_bank_size": 0,
  "cclblock_per_head_ctx": false,
  "cclblock_context_source": "norm_x",
  "cclblock_chunk_size": 0,
  "cclblock_aux_objective": "none",
  "cclblock_aux_lambda": 0.1,
  "cclblock_boundary_token_id": 198,
  "use_ral": false,
  "ral_rank": 32,
  "cclblock_film_gate": false,
  "cclblock_attn_shadow_dim": 0,
  "cclblock_dynamic_ratio": 0.25,
  "cclblock_gate_rank": 8,
  "cclblock_num_regimes": 8,
  "cclblock_regime_temperature": 1.0,
  "cclblock_poly_order": 2,
  "cclblock_lie_generators": 4,
  "cclblock_grassmann_bank_size": 4,
  "cclblock_tucker_rank": 32,
  "cclblock_tucker_modes": 8,
  "cclblock_svs_rank": 64,
  "cclblock_svs_eps": 0.1,
  "cclblock_vq_codes": 8,
  "cclblock_vq_temperature": 1.0,
  "cclblock_dcu_warmup_steps": 0,
  "cclblock_fsi_rotations": 8,
  "cclblock_fsi_selector_dim": 64,
  "cclblock_aesp_strata": 4,
  "cclblock_aesp_delta_rank": 4,
  "cclblock_ckr_branches": 4,
  "cclblock_ckr_kernel_size": 64,
  "cclblock_ckr_pos_channels": 1,
  "cclblock_ckr_dual_optim": 0,
  "cclblock_ckr_content_bias": 0.0,
  "cclblock_giad_rank": 32,
  "cclblock_psg_kernel_size": 64,
  "cclblock_ss_dynamic_ratio": 0.25,
  "cclblock_ss_branches": 2,
  "cclblock_ss_kernel_size": 64,
  "cclblock_lokr_branches": 8,
  "cclblock_lokr_rank": 16,
  "cclblock_ckr_temp_start": 2.0,
  "cclblock_ckr_temp_end": 0.3,
  "cclblock_com_kernel_size": 32,
  "cclblock_ckr_ortho_init": 0,
  "cclblock_ckr_branch_dropout": 0.0,
  "cclblock_ckr_diversity_lambda": 0.0,
  "cclblock_ckr_layer_selective": 0,
  "cclblock_pgr_kernel_size": 64,
  "cclblock_cil_kernel_size": 64,
  "cclblock_prb_kernel_size": 64,
  "p18_layer_drop": 0.0,
  "p18_dynamic_activation": 0,
  "p18_mixture_norm": 0,
  "p18_causal_attn_bias": 0,
  "p18_aux_sim_lambda": 0.0,
  "p18_gradient_penalty": 0.0,
  "p18_per_channel_scale": 0,
  "p19_residual_gate": 0,
  "p19_head_importance": 0,
  "p19_residual_mix_groups": 0,
  "p19_attn_logit_bias": 0,
  "p19_residual_decay": 0,
  "p19_grad_equilibrium": 0.0,
  "p19_spectral_reparam": 0,
  "p19_weight_anticollapse": 0.0,
  "p19_ve_bias": 0,
  "p19_weight_noise": 0.0,
  "p20_hrcs_scale": 0,
  "p20_lswr_scale": 0,
  "p20_lswr_planes": 8,
  "p20_lrcfb_branches": 0,
  "p20_lrcfb_narrow": 0,
  "p20_lrcfb_learned": 0,
  "p20_lrcfb_topk": 0,
  "p20_dgcr_branches": 0,
  "p20_dgcr_aux_weight": 0.01,
  "p20_mone_experts": 0,
  "p20_mone_topk": 0,
  "p20_mone_narrow": 1,
  "p20_mone_frozen": 0,
  "p20_ncea_branches": 0,
  "p20_ncea_eps": 0.1,
  "p20_adwi": 0,
  "p20_pwu_branches": 0,
  "p20_pwu_phase": 1,
  "p20_fsvd_gate": 0,
  "p20_wbfc_clusters": 0,
  "p20_wbfc_active": 0,
  "p21_per_experts": 0,
  "p21_per_topk": 0,
  "p21_per_learned": 0,
  "p21_per_attn": 0,
  "p22_attn_moe_route": "none",
  "p23_tiny_expert": 0,
  "p23_n_experts": 64,
  "p23_topk": 16,
  "p23_learned_route": 0,
  "p23_std_moe_experts": 0,
  "p23_std_moe_topk": -1,
  "p23_std_moe_aux_weight": 0.01,
  "p23_lokr": 0,
  "p23_lokr_rank": 4,
  "p23_use_shared_block_router": 0,
  "p23_linear_moe_experts": 0,
  "p23_linear_moe_topk": 0,
  "p23_quantile_route": 0,
  "remix_shared_context_gates": 0,
  "p24_use_sliced_weight": 0,
  "p24_sliced_weight_reduction_scale": 8,
  "p24_sliced_weight_min_select": 128,
  "p24_sliced_weight_scope": "per_token",
  "p24_sliced_weight_balance_coeff": 0.01,
  "p24_quantile_route": 0,
  "p24_use_folded_mod": 0,
  "p24_folded_mod_reduction_scale": 8,
  "p24_folded_mod_min_dim": 128,
  "p24_folded_mod_scope": "per_layer",
  "p24_folded_mod_gate_act": "tanh_centered",
  "p24_use_sequence_gated_linear": 0,
  "p24_sequence_gated_scope": "per_layer",
  "p24_sequence_gated_act": "tanh_centered",
  "remix_disable_ln_basis": 0,
  "dense_intermediate_ln": 0,
  "use_mol": false,
  "mol_n_blocks": 5,
  "mol_n_shared": 1,
  "mol_topk": 3,
  "mol_thin_dim": 256,
  "mol_head_dim": 64,
  "mol_ffn_mult": 4.0,
  "mol_router_aux": 0.05,
  "mol_routed_attn": "softmax",
  "mol_dispatch": 1,
  "mol_capacity_factor": 1.0,
  "mol_block_lr_scale": 1.0,
  "mol_per_block_ve": 0,
  "use_binary": false,
  "binary_acts": true,
  "binary_weight_scale": "row",
  "binary_act_scale": "token",
  "binary_clip": 1.0,
  "binary_linear": true,
  "binary_embeddings": true,
  "binary_skip": "",
  "binary_native": false,
  "binary_tau": 1.0,
  "binary_hard": false,
  "binary_resid_width": 0,
  "binary_attn_chunk": 256,
  "use_mst": false,
  "mst_n_subs": 8,
  "mst_sub_dim": 64,
  "mst_head_dim": 0,
  "mst_input_mode": "fixed_slice",
  "mst_rotated_slice_learned": false,
  "mst_routing_mode": "soft_weighted",
  "mst_routing_topk": 4,
  "mst_routing_aux_weight": 0.01,
  "mst_diversity_weight": 0.0,
  "mst_ffn_mode": "standard",
  "mst_ffn_every": 1,
  "mst_transition_mode": "parallel",
  "mst_final_mode": "aggregate_proj",
  "mst_final_topk": -1,
  "mst_ffn_shared_up": 0,
  "mst_ffn_inner_dim": 0,
  "mst_sub_dropout": 0.0,
  "mst_transition_every": 1,
  "mst_ffa_temperature": 1.0,
  "mst_global_residual": 0,
  "mst_hybrid_dense": 0,
  "mst_cross_sub_kv": 0,
  "mst_sub_aux_weight": 0.0,
  "mst_progressive_merge": 0,
  "mst_multi_scale_windows": 0,
  "mst_delta_residual": 0,
  "mst_sub_layers": 1,
  "mst_grad_equalize": 0,
  "mst_block_diagonal_muon": 0,
  "mst_transition_width_mult": 1.0,
  "mst_sub_lr_scale": 1.0,
  "mst_shared_expert": 0,
  "mst_router_entropy_weight": 0.0,
  "mst_shared_kv_attn": 0,
  "mst_contrastive_diversity_weight": 0.0,
  "mst_transition_nonlinear": 0,
  "mst_transition_gated": 0,
  "mst_transition_mlp": 0,
  "mst_cross_sub_gate": 0,
  "mst_hyper_connect": 0,
  "mst_cross_kv_inject": 0,
  "mst_slice_transition": 0,
  "mst_lookback_layers": 0,
  "mst_bilinear_transition": 0,
  "mst_cross_sub_qmod": 0,
  "mst_feature_cycle": 0,
  "mst_mean_transition": 0,
  "mst_sub_head_dim": 0,
  "mst_final_norm": 0,
  "mst_per_stream_ve": 0,
  "mst_ve_map": 0,
  "mst_ve_map_rank": 0,
  "mst_lm_head_dim": 0,
  "mst_compose_windows": 0,
  "mst_channel_mix": "none",
  "mst_channel_mix_site": "layer",
  "mst_distribute_block_muon": 0,
  "mst_trans_spectral_lr": 0,
  "mst_talking_heads": 0,
  "mst_wo_mode": "block",
  "mst_stream_topk": 0,
  "mst_stream_shared": 0,
  "mst_stream_router_aux": 0.01,
  "mst_stream_router_noise": 0.0,
  "mst_stream_dispatch": 0,
  "mst_stream_capacity_factor": 1.0,
  "mst_stream_gate_attn": 0,
  "mst_ffn_monarch": "none",
  "mst_shampoo": 0,
  "mst_precond_every": 10,
  "mst_shampoo_beta": 0.95,
  "use_eet": false,
  "eet_frozen_kv": true,
  "eet_reenter_final": false,
  "eet_router_type": "mlp2",
  "eet_router_hidden": 0,
  "eet_freq_prior_alpha": 0.0,
  "eet_pos_prior_beta": 0.0,
  "eet_domain_prior": false,
  "eet_warmup_frac": 0.02,
  "eet_explore_frac": 0.15,
  "eet_reconstruct_lambda": 1.0,
  "eet_efficiency_lambda_start": 0.01,
  "eet_efficiency_lambda_end": 0.1,
  "eet_translator_rank": 0,
  "eet_max_frozen_kv_frac": 0.75,
  "eet_exit_threshold": 0.5,
  "eet_min_exit_layer": 1,
  "eet_loss_variant": "reconstruct",
  "eet_topk_vocab": 512,
  "eet_entropy_lambda": 0.3,
  "eet_surprise_lambda": 0.1,
  "eet_adv_lambda": 1.0,
  "eet_adv_entropy_lambda": 0.2,
  "eet_quality_lambda": 1.0,
  "eet_quality_entropy_bonus": 0.1,
  "eet_gumbel_temp_start": 0.0,
  "eet_gumbel_temp_end": 0.1,
  "eet_gumbel_hard": true,
  "eet_commitment_beta": 0.1,
  "eet_global_router": false,
  "eet_freq_efficiency_alpha": 0.0,
  "eet_diversity_lambda": 0.0,
  "eet_ce_guided_lambda": 1.0,
  "eet_router_lr_mult": 5.0,
  "eet_model_lr_mult": 1.0,
  "eet_depth_weight_type": "none",
  "eet_depth_weight_max": 2.5,
  "eet_use_override": 0,
  "eet_override_prob_start": 0.5,
  "eet_override_prob_end": 0.1,
  "eet_compute_skip": false,
  "eet_target_active_frac": 0.125,
  "eet_capacity_schedule": "bell",
  "eet_exit_fracs": null,
  "eet_capacity_alignment_lambda": 0.0,
  "eet_kv_mode": "none",
  "eet_route_noise": 0.0,
  "eet_route_noise_end": -1.0,
  "eet_coverage_diag": false,
  "deep_supervision_lambda": 0.0,
  "deep_supervision_frac": 0.125,
  "eet_width_power": 0.0,
  "eet_width_cap": 16.0,
  "eet_kv_eager": false,
  "eet_router_task_grad": true,
  "eet_reinforce_interval": 0,
  "eet_reinforce_lambda": 0.1,
  "eet_exit_adapter_rank": 0,
  "eet_router_after_block": 0,
  "eet_ffn_skip": false,
  "eet_ffn_target_frac": 0.5,
  "eet_ffn_full_attn": true,
  "eet_depth_affine": false,
  "eet_capacity_anneal_frac": 0.0,
  "eet_learned_schedule": false,
  "eet_departure_summary": false,
  "eet_route_consistency_lambda": 0.0,
  "eet_dense_distill_interval": 0,
  "eet_dense_distill_lambda": 0.5,
  "eet_depth_lr_scale": false,
  "eet_depth_grad_scale": false,
  "eet_detach_aux_from_backbone": false,
  "eet_detach_exit_from_backbone": false,
  "use_code_head": false,
  "sch_head_type": "code",
  "sch_bits": 0,
  "sch_order": 2,
  "sch_max_m": 0,
  "sch_phi_mode": "monomial",
  "sch_code_mode": "binary",
  "sch_code_path": "",
  "sch_code_ecc_bits": 0,
  "sch_code_seed": 1234,
  "sch_phi_density": 0.0,
  "sch_phi_dtype": "bf16",
  "sch_phi_normalize": 1,
  "sch_phi_center": 0,
  "sch_g_type": "linear",
  "sch_g_hidden": 0,
  "sch_g_layers": 2,
  "sch_g_out_std": 0.001,
  "sch_mixture": 1,
  "sch_residual_rank": 0,
  "sch_logit_act": "none",
  "sch_bias": 0,
  "sch_input_mode": "table",
  "sch_input_hidden": 0,
  "sch_product_groups": 8,
  "sch_product_codebook": 256,
  "sch_product_source": "hash",
  "sch_product_impl": "dense",
  "sch_phi_whiten": 0,
  "sch_mixture_per_phi": 0,
  "sch_mixture_topk": 0,
  "sch_mixture_aux": 0.01,
  "sch_monarch_m1": 0,
  "sch_monarch_perm": "none",
  "sch_monarch_perm_path": "",
  "sch_tier_bounds": "",
  "sch_tier_caps": "",
  "sch_tier_order": "freq",
  "sch_tier_perm_path": "",
  "sch_proposal_rank": 32,
  "sch_proposal_topk": 16384,
  "sch_proposal_samples": 4096,
  "sch_proposal_warmup": 0,
  "sch_proposal_chunk": 2048,
  "sch_proposal_aux": 1.0,
  "sch_nfh_mode": "cp",
  "sch_nfh_rank": 32,
  "sch_nfh_dims": "",
  "sch_nfh_groups": 3,
  "sch_nfh_views": 1,
  "sch_nfh_perm": "none",
  "sch_nfh_perm_path": "",
  "sch_nfh_g_type": "linear",
  "sch_nfh_g_hidden": 0,
  "sch_rerank_mode": "topk",
  "sch_rerank_k": 64,
  "sch_rerank_rank": 32,
  "sch_nfh_smooth": 0,
  "sch_nfh_chunk": 256,
  "sap_block_T": 4,
  "sap_block_mode": "inv_head",
  "sap_block_frac": 0.0625,
  "sap_lambda": 1.0,
  "sap_head_layers": 2,
  "sap_head_heads": 0,
  "sap_head_mlp_mult": 2,
  "sap_enc_layers": 1,
  "sap_ctx_window": 16,
  "sap_latent_groups": 4,
  "sap_latent_codes": 64,
  "sap_latent_dim": 64,
  "sap_free_bits": 0.25,
  "sap_kl_anneal_steps": 2000,
  "sap_gumbel_tau": 1.0,
  "sap_cp_components": 8,
  "sap_wta_k": 4,
  "sap_u_freqs": 24,
  "sap_u_interior": 0.8,
  "sap_logit_chunk": 8192
}
Seeded weight init with --seed 1
Checkpoints directory: /__modal/volumes/vo-pelh2tULdL7ESlnYAQvaCw/out/s00_sap/d8/SAP_inv_head_T4_s1
✓ Wrapping model with DistributedDataParallel (rank 0, find_unused_parameters=False, broadcast_buffers=True)
Parameter counts:
wte                     : 16,777,216
wpe                     : 0
value_embeds            : 67,108,864
lm_head                 : 16,777,216
transformer_matrices    : 25,166,336
research                : 4,491,776
scalars                 : 16
total                   : 130,321,424
Estimated FLOPs per token (total):  3.242104e+08
COST_AXES precision=W16A16E16H16 bops_arith=4.1499e+10 energy_pj_per_token=2.6352e+08 inference_MiB=248.57 training_state_MiB=859.11
Estimated FLOPs per token (active): 3.242104e+08
Estimated active params:            130,321,424
[SAP] block head: mode=inv_head T=4 frac=0.0625 window=16 layers=2 params=10,080,000
Auto-computed optimal batch size: 262,144 tokens
Scaling LRs by 0.7071 for batch size 262,144 (reference: 524,288)
Scaling weight decay from 0.200000 to 0.371230 for depth 8
Scaling the LR for the AdamW parameters ∝1/√(512/768) = 1.224745
Calculated number of iterations from target FLOPs: 1,483
Total number of training tokens: 388,759,552
Tokens : Scaling params ratio: 9.27
Total training FLOPs estimate: 1.260399e+17
Total training FLOPs (active):  1.260399e+17
Total active training FLOPs estimate: 1.260399e+17
Using base scheduler: linear warmup/flat/linear warmdown
Tokens / micro-batch / rank: 128 x 2048 = 262,144
Tokens / micro-batch: 262,144
Total batch size 262,144 => gradient accumulation steps: 1
Running pre-compilation warmup (1 dummy forward+backward to init lazy allocations)...
[rank0]:W1001 23:45:52.263000 5303 site-packages/torch/_logging/_internal.py:1199] [0/0] Profiler function <class 'torch.autograd.profiler.record_function'> will be ignored
Warmup complete. Steady-state VRAM: 5.9 GB allocated
step 00000/01483 (0.00%) | loss: 20.795948 | lrm: 0.14 | lr(adamw:4.992e-02, muon:2.020e-03) | dt: 324.22ms | tok/sec: 808,544 | bf16_mfu: 26.51 | epoch: 1 pq: 0 rg: 1 | total time: 0.00m
step 00100/01483 (6.74%) | loss: 11.286449 | lrm: 1.00 | lr(adamw:3.494e-01, muon:1.414e-02) | dt: 279.96ms | tok/sec: 936,361 | bf16_mfu: 30.70 | epoch: 1 pq: 0 rg: 52 | total time: 0.42m | eta: 6.5m
step 00200/01483 (13.49%) | loss: 10.101311 | lrm: 1.00 | lr(adamw:3.494e-01, muon:1.414e-02) | dt: 280.73ms | tok/sec: 933,789 | bf16_mfu: 30.61 | epoch: 1 pq: 1 rg: 17 | total time: 0.89m | eta: 6.0m
step 00300/01483 (20.23%) | loss: 9.663849 | lrm: 1.00 | lr(adamw:3.494e-01, muon:1.414e-02) | dt: 280.42ms | tok/sec: 934,825 | bf16_mfu: 30.65 | epoch: 1 pq: 1 rg: 65 | total time: 1.36m | eta: 5.5m
step 00400/01483 (26.97%) | loss: 9.386563 | lrm: 1.00 | lr(adamw:3.494e-01, muon:1.414e-02) | dt: 283.55ms | tok/sec: 924,515 | bf16_mfu: 30.31 | epoch: 1 pq: 2 rg: 30 | total time: 1.82m | eta: 5.1m
step 00500/01483 (33.72%) | loss: 9.234474 | lrm: 1.00 | lr(adamw:3.494e-01, muon:1.414e-02) | dt: 283.18ms | tok/sec: 925,725 | bf16_mfu: 30.35 | epoch: 1 pq: 2 rg: 78 | total time: 2.29m | eta: 4.6m
step 00600/01483 (40.46%) | loss: 9.062253 | lrm: 0.92 | lr(adamw:3.215e-01, muon:1.301e-02) | dt: 284.36ms | tok/sec: 921,884 | bf16_mfu: 30.22 | epoch: 1 pq: 3 rg: 43 | total time: 2.77m | eta: 4.1m
step 00700/01483 (47.20%) | loss: 8.921730 | lrm: 0.82 | lr(adamw:2.871e-01, muon:1.162e-02) | dt: 280.71ms | tok/sec: 933,863 | bf16_mfu: 30.61 | epoch: 1 pq: 4 rg: 10 | total time: 3.24m | eta: 3.7m
step 00800/01483 (53.94%) | loss: 8.800560 | lrm: 0.72 | lr(adamw:2.527e-01, muon:1.023e-02) | dt: 280.10ms | tok/sec: 935,893 | bf16_mfu: 30.68 | epoch: 1 pq: 4 rg: 58 | total time: 3.71m | eta: 3.2m
step 00900/01483 (60.69%) | loss: 8.697429 | lrm: 0.62 | lr(adamw:2.182e-01, muon:8.832e-03) | dt: 281.92ms | tok/sec: 929,867 | bf16_mfu: 30.48 | epoch: 1 pq: 5 rg: 24 | total time: 4.18m | eta: 2.7m
step 01000/01483 (67.43%) | loss: 8.606063 | lrm: 0.53 | lr(adamw:1.838e-01, muon:7.439e-03) | dt: 281.50ms | tok/sec: 931,253 | bf16_mfu: 30.53 | epoch: 1 pq: 5 rg: 73 | total time: 4.65m | eta: 2.3m
step 01100/01483 (74.17%) | loss: 8.506708 | lrm: 0.43 | lr(adamw:1.494e-01, muon:6.045e-03) | dt: 284.21ms | tok/sec: 922,358 | bf16_mfu: 30.24 | epoch: 1 pq: 6 rg: 38 | total time: 5.12m | eta: 1.8m
step 01200/01483 (80.92%) | loss: 8.421595 | lrm: 0.33 | lr(adamw:1.149e-01, muon:4.651e-03) | dt: 284.75ms | tok/sec: 920,595 | bf16_mfu: 30.18 | epoch: 1 pq: 7 rg: 4 | total time: 5.59m | eta: 1.3m
step 01300/01483 (87.66%) | loss: 8.308243 | lrm: 0.23 | lr(adamw:8.049e-02, muon:3.258e-03) | dt: 284.94ms | tok/sec: 919,997 | bf16_mfu: 30.16 | epoch: 1 pq: 7 rg: 53 | total time: 6.07m | eta: 0.9m
step 01400/01483 (94.40%) | loss: 8.250614 | lrm: 0.13 | lr(adamw:4.605e-02, muon:1.864e-03) | dt: 286.71ms | tok/sec: 914,314 | bf16_mfu: 29.97 | epoch: 1 pq: 8 rg: 19 | total time: 6.54m | eta: 0.4m
step 01482/01483 (99.93%) | loss: 8.220409 | lrm: 0.05 | lr(adamw:1.782e-02, muon:7.210e-04) | dt: 287.98ms | tok/sec: 910,300 | bf16_mfu: 29.84 | epoch: 1 pq: 8 rg: 59 | total time: 6.93m | eta: 0.0m
/usr/local/lib/python3.12/site-packages/torch/_dynamo/variables/functions.py:1598: UserWarning: Dynamo does not know how to trace the builtin `torch._C._distributed_c10d.pybind11_detail_function_record_v1_system_libstdcpp_gxx_abi_1xxx_use_cxx11_abi_1._broadcast_coalesced.` This function is either a Python builtin (e.g. _warnings.warn) or a third-party C/C++ Python extension (perhaps created with pybind).
If it is a Python builtin, please file an issue on GitHub so the PyTorch team can add support for it and see the next case for a workaround.
If it is a third-party C/C++ Python extension, please either wrap it into a PyTorch-understood custom operator (see https://pytorch.org/tutorials/advanced/custom_ops_landing_page.html for more details) or, if it is traceable, use `torch.compiler.allow_in_graph`.
  torch._dynamo.utils.warn_once(explanation + "\n" + "\n".join(hints))
Step 01483 | Validation bpb: 1.020744 | val_loss: 3.349216
[rank0]: Traceback (most recent call last):
[rank0]:   File "<frozen runpy>", line 198, in _run_module_as_main
[rank0]:   File "<frozen runpy>", line 88, in _run_code
[rank0]:   File "/__modal/volumes/vo-pelh2tULdL7ESlnYAQvaCw/scripts/base_train.py", line 2399, in <module>
[rank0]:     _sap_eval = evaluate_block_bpb(orig_model, build_val_loader(), args.sap_eval_steps, token_bytes)
[rank0]:                 ^^^^^^^^^^^^^^^^^^^^^^^^^^^^^^^^^^^^^^^^^^^^^^^^^^^^^^^^^^^^^^^^^^^^^^^^^^^^^^^^^^^^
[rank0]:   File "/usr/local/lib/python3.12/site-packages/torch/utils/_contextlib.py", line 120, in decorate_context
[rank0]:     return func(*args, **kwargs)
[rank0]:            ^^^^^^^^^^^^^^^^^^^^^
[rank0]:   File "/__modal/volumes/vo-pelh2tULdL7ESlnYAQvaCw/nanochat/block_head.py", line 768, in evaluate_block_bpb
[rank0]:     logits, hid = model(x, return_hidden=True)
[rank0]:                   ^^^^^^^^^^^^^^^^^^^^^^^^^^^^
[rank0]:   File "/usr/local/lib/python3.12/site-packages/torch/nn/modules/module.py", line 1775, in _wrapped_call_impl
[rank0]:     return self._call_impl(*args, **kwargs)
[rank0]:            ^^^^^^^^^^^^^^^^^^^^^^^^^^^^^^^^
[rank0]:   File "/usr/local/lib/python3.12/site-packages/torch/nn/modules/module.py", line 1786, in _call_impl
[rank0]:     return forward_call(*args, **kwargs)
[rank0]:            ^^^^^^^^^^^^^^^^^^^^^^^^^^^^^
[rank0]:   File "/__modal/volumes/vo-pelh2tULdL7ESlnYAQvaCw/nanochat/gpt.py", line 11790, in forward
[rank0]:     logits = softcap * torch.tanh(logits / softcap) # squash the logits
[rank0]:                        ^^^^^^^^^^^^^^^^^^^^^^^^^^^^
[rank0]: torch.OutOfMemoryError: CUDA out of memory. Tried to allocate 32.00 GiB. GPU 0 has a total capacity of 139.80 GiB of which 5.09 GiB is free. Process 1 has 134.67 GiB memory in use. Of the allocated memory 103.18 GiB is allocated by PyTorch, and 30.22 GiB is reserved by PyTorch but unallocated. If reserved but unallocated memory is large try setting PYTORCH_CUDA_ALLOC_CONF=expandable_segments:True to avoid fragmentation.  See documentation for Memory Management  (https://pytorch.org/docs/stable/notes/cuda.html#environment-variables)
[rank0]:[W1001 23:54:49.949635220 ProcessGroupNCCL.cpp:1524] Warning: WARNING: destroy_process_group() was not called before program exit, which can leak resources. For more info, please see https://pytorch.org/docs/stable/distributed.html#shutdown (function operator())
E1001 23:54:51.844000 5297 site-packages/torch/distributed/elastic/multiprocessing/api.py:882] failed (exitcode: 1) local_rank: 0 (pid: 5303) of binary: /usr/local/bin/python
Traceback (most recent call last):
  File "/usr/local/bin/torchrun", line 10, in <module>
    sys.exit(main())
             ^^^^^^
  File "/usr/local/lib/python3.12/site-packages/torch/distributed/elastic/multiprocessing/errors/__init__.py", line 357, in wrapper
    return f(*args, **kwargs)
           ^^^^^^^^^^^^^^^^^^
  File "/usr/local/lib/python3.12/site-packages/torch/distributed/run.py", line 936, in main
    run(args)
  File "/usr/local/lib/python3.12/site-packages/torch/distributed/run.py", line 927, in run
    elastic_launch(
  File "/usr/local/lib/python3.12/site-packages/torch/distributed/launcher/api.py", line 156, in __call__
    return launch_agent(self._config, self._entrypoint, list(args))
           ^^^^^^^^^^^^^^^^^^^^^^^^^^^^^^^^^^^^^^^^^^^^^^^^^^^^^^^^
  File "/usr/local/lib/python3.12/site-packages/torch/distributed/launcher/api.py", line 293, in launch_agent
    raise ChildFailedError(
torch.distributed.elastic.multiprocessing.errors.ChildFailedError: 
============================================================
scripts.base_train FAILED
------------------------------------------------------------
Failures:
  <NO_OTHER_FAILURES>
------------------------------------------------------------
Root Cause (first observed failure):
[0]:
  time      : 2026-10-01_23:54:51
  host      : localhost
  rank      : 0 (local_rank: 0)
  exitcode  : 1 (pid: 5303)
  error_file: <N/A>
  traceback : To enable traceback see: https://pytorch.org/docs/stable/elastic/errors.html
============================================================
2026-10-01 23:55:01,604 - httpx - [32m[1mINFO[0m - HTTP Request: HEAD https://huggingface.co/varunneal/flash-attention-3/resolve/main/kernel-status.toml "HTTP/1.1 404 Not Found"
2026-10-01 23:55:01,709 - httpx - [32m[1mINFO[0m - HTTP Request: GET https://huggingface.co/api/models/varunneal/flash-attention-3/tree/main/build?recursive=false&expand=false "HTTP/1.1 200 OK"
2026-10-01 23:55:01,818 - httpx - [32m[1mINFO[0m - HTTP Request: GET https://huggingface.co/api/models/varunneal/flash-attention-3/revision/main "HTTP/1.1 200 OK"

                                                       █████                █████
                                                      ░░███                ░░███
     ████████    ██████   ████████    ██████   ██████  ░███████    ██████  ███████
    ░░███░░███  ░░░░░███ ░░███░░███  ███░░███ ███░░███ ░███░░███  ░░░░░███░░░███░
     ░███ ░███   ███████  ░███ ░███ ░███ ░███░███ ░░░  ░███ ░███   ███████  ░███
     ░███ ░███  ███░░███  ░███ ░███ ░███ ░███░███  ███ ░███ ░███  ███░░███  ░███ ███
     ████ █████░░████████ ████ █████░░██████ ░░██████  ████ █████░░███████  ░░█████
    ░░░░ ░░░░░  ░░░░░░░░ ░░░░ ░░░░░  ░░░░░░   ░░░░░░  ░░░░ ░░░░░  ░░░░░░░░   ░░░░░
    
Autodetected device type: cuda
2026-10-01 23:55:03,148 - nanochat.common - [32m[1mINFO[0m - Distributed world size: 1
Device: cuda (ddp=True, world_size=1)
GPU: NVIDIA H200 | Peak FLOPS (BF16): 9.89e+14
COMPUTE_DTYPE: torch.bfloat16 (auto-detected: CUDA SM 90 (bf16 supported))
✓ Using Flash Attention 3 (Hopper GPU detected) — efficient and fast.
Vocab size: 32,768
[SAP] block head: mode=p1_discrete T=4 frac=0.0625 window=16 layers=2 params=8,566,784
Model config:
{
  "sequence_len": 2048,
  "vocab_size": 32768,
  "n_layer": 8,
  "n_head": 4,
  "n_kv_head": 4,
  "n_embd": 512,
  "use_moe": false,
  "use_perm": false,
  "moe_num_experts": 8,
  "moe_router_dim": 64,
  "moe_embed_dim": 64,
  "dropout": 0.0,
  "use_remix_linear": false,
  "remix_context_dim": 64,
  "remix_context_dim_ratio": 6,
  "remix_basis_size": 64,
  "remix_output_gate_rank": 16,
  "remixed_linear_kwargs": {
    "use_basis_gate": true,
    "use_output_gate": true,
    "use_context": true,
    "basis_gate_mode": "mlp",
    "sparse_gate_k": 0,
    "gate_temperature": 1.0,
    "basis_scale_factor": 4,
    "n_templates": 1,
    "template_routing_learned": false,
    "template_topk": 0,
    "tiny_expert": false,
    "tiny_expert_topk": 16,
    "lokr_expert": false,
    "lokr_n_experts": 64,
    "lokr_topk": 16,
    "lokr_rank": 4,
    "lokr_learned": false,
    "basis_gate_rank": 8,
    "disable_ln_basis": false,
    "chunk_route_impl": "compose",
    "top1_gate": "ones",
    "template_delta_rank": 0,
    "route_side": "output",
    "drop_basis_proj": false,
    "basis_side_templates": 0,
    "grad_equalize": false,
    "output_gate_rank": 16,
    "operator_modulation": "none",
    "lie_generators": 4,
    "poly_order": 2,
    "grassmann_bank_size": 4
  },
  "use_pos_embed": false,
  "moe_use_abs_pos_embed": false,
  "use_layer_context": true,
  "scale_basis_size": true,
  "remix_use_dual_gate": false,
  "remix_use_fused": false,
  "p26_output_gated_linear": 0,
  "p28_shared_basis": 0,
  "p28_chunk_routing_size": 0,
  "p28_global_template_bank": "none",
  "p28_attn_proj_templates": 0,
  "p28_attn_qk_templates": 0,
  "p29_template_block_diag": 0,
  "p29_template_lr_scale": 1.0,
  "p29_grad_equalize": 0,
  "p34_ffn_mult": 4.0,
  "p34_ffn_single": 0,
  "p34_dense_attn": 0,
  "legacy_init_fallback": 0,
  "p35_template_diversity_lambda": 0.0,
  "p22_route_affine": 0,
  "p34_ffn_schedule": "",
  "p34_ffn_no_ffn_replacement": "none",
  "p34_ffn_last_depth": 1,
  "p36_swiglu_ffn": 0,
  "p36_swiglu_mult": 2.6666666666666665,
  "cond_sites": "both",
  "cond_rank": 256,
  "cond_mult_steps": 0,
  "cond_gate_source": "router",
  "cond_coeff_act": "centered",
  "cond_router_rank": 0,
  "cond_live_init": 0.0,
  "cond_router_act": "none",
  "cond_chunk_size": 0,
  "cond_mult_scale": -1.0,
  "cond_mult_impl": "wy",
  "cond_attn_projs": "qkvo",
  "cond_layer_frac": 1.0,
  "perm_expert_mode": "low_rank",
  "perm_rank": 16,
  "router_context_window": -1,
  "router_causal": true,
  "router_num_heads": 4,
  "router_num_queries": 16,
  "router_n_layers": 2,
  "router_use_vocab_prior": false,
  "window_pattern": "SSSL",
  "cclblock_modulation": "weight",
  "cclblock_orth_lambda": 0.0,
  "cclblock_context_stream": "local",
  "cclblock_ema_factor": 0.99,
  "cclblock_stale_ctx_lag": 0,
  "cclblock_sparse_gate_k": 0,
  "cclblock_gate_temperature": 1.0,
  "cclblock_context_bank_size": 0,
  "cclblock_per_head_ctx": false,
  "cclblock_context_source": "norm_x",
  "cclblock_chunk_size": 0,
  "cclblock_aux_objective": "none",
  "cclblock_aux_lambda": 0.1,
  "cclblock_boundary_token_id": 198,
  "use_ral": false,
  "ral_rank": 32,
  "cclblock_film_gate": false,
  "cclblock_attn_shadow_dim": 0,
  "cclblock_dynamic_ratio": 0.25,
  "cclblock_gate_rank": 8,
  "cclblock_num_regimes": 8,
  "cclblock_regime_temperature": 1.0,
  "cclblock_poly_order": 2,
  "cclblock_lie_generators": 4,
  "cclblock_grassmann_bank_size": 4,
  "cclblock_tucker_rank": 32,
  "cclblock_tucker_modes": 8,
  "cclblock_svs_rank": 64,
  "cclblock_svs_eps": 0.1,
  "cclblock_vq_codes": 8,
  "cclblock_vq_temperature": 1.0,
  "cclblock_dcu_warmup_steps": 0,
  "cclblock_fsi_rotations": 8,
  "cclblock_fsi_selector_dim": 64,
  "cclblock_aesp_strata": 4,
  "cclblock_aesp_delta_rank": 4,
  "cclblock_ckr_branches": 4,
  "cclblock_ckr_kernel_size": 64,
  "cclblock_ckr_pos_channels": 1,
  "cclblock_ckr_dual_optim": 0,
  "cclblock_ckr_content_bias": 0.0,
  "cclblock_giad_rank": 32,
  "cclblock_psg_kernel_size": 64,
  "cclblock_ss_dynamic_ratio": 0.25,
  "cclblock_ss_branches": 2,
  "cclblock_ss_kernel_size": 64,
  "cclblock_lokr_branches": 8,
  "cclblock_lokr_rank": 16,
  "cclblock_ckr_temp_start": 2.0,
  "cclblock_ckr_temp_end": 0.3,
  "cclblock_com_kernel_size": 32,
  "cclblock_ckr_ortho_init": 0,
  "cclblock_ckr_branch_dropout": 0.0,
  "cclblock_ckr_diversity_lambda": 0.0,
  "cclblock_ckr_layer_selective": 0,
  "cclblock_pgr_kernel_size": 64,
  "cclblock_cil_kernel_size": 64,
  "cclblock_prb_kernel_size": 64,
  "p18_layer_drop": 0.0,
  "p18_dynamic_activation": 0,
  "p18_mixture_norm": 0,
  "p18_causal_attn_bias": 0,
  "p18_aux_sim_lambda": 0.0,
  "p18_gradient_penalty": 0.0,
  "p18_per_channel_scale": 0,
  "p19_residual_gate": 0,
  "p19_head_importance": 0,
  "p19_residual_mix_groups": 0,
  "p19_attn_logit_bias": 0,
  "p19_residual_decay": 0,
  "p19_grad_equilibrium": 0.0,
  "p19_spectral_reparam": 0,
  "p19_weight_anticollapse": 0.0,
  "p19_ve_bias": 0,
  "p19_weight_noise": 0.0,
  "p20_hrcs_scale": 0,
  "p20_lswr_scale": 0,
  "p20_lswr_planes": 8,
  "p20_lrcfb_branches": 0,
  "p20_lrcfb_narrow": 0,
  "p20_lrcfb_learned": 0,
  "p20_lrcfb_topk": 0,
  "p20_dgcr_branches": 0,
  "p20_dgcr_aux_weight": 0.01,
  "p20_mone_experts": 0,
  "p20_mone_topk": 0,
  "p20_mone_narrow": 1,
  "p20_mone_frozen": 0,
  "p20_ncea_branches": 0,
  "p20_ncea_eps": 0.1,
  "p20_adwi": 0,
  "p20_pwu_branches": 0,
  "p20_pwu_phase": 1,
  "p20_fsvd_gate": 0,
  "p20_wbfc_clusters": 0,
  "p20_wbfc_active": 0,
  "p21_per_experts": 0,
  "p21_per_topk": 0,
  "p21_per_learned": 0,
  "p21_per_attn": 0,
  "p22_attn_moe_route": "none",
  "p23_tiny_expert": 0,
  "p23_n_experts": 64,
  "p23_topk": 16,
  "p23_learned_route": 0,
  "p23_std_moe_experts": 0,
  "p23_std_moe_topk": -1,
  "p23_std_moe_aux_weight": 0.01,
  "p23_lokr": 0,
  "p23_lokr_rank": 4,
  "p23_use_shared_block_router": 0,
  "p23_linear_moe_experts": 0,
  "p23_linear_moe_topk": 0,
  "p23_quantile_route": 0,
  "remix_shared_context_gates": 0,
  "p24_use_sliced_weight": 0,
  "p24_sliced_weight_reduction_scale": 8,
  "p24_sliced_weight_min_select": 128,
  "p24_sliced_weight_scope": "per_token",
  "p24_sliced_weight_balance_coeff": 0.01,
  "p24_quantile_route": 0,
  "p24_use_folded_mod": 0,
  "p24_folded_mod_reduction_scale": 8,
  "p24_folded_mod_min_dim": 128,
  "p24_folded_mod_scope": "per_layer",
  "p24_folded_mod_gate_act": "tanh_centered",
  "p24_use_sequence_gated_linear": 0,
  "p24_sequence_gated_scope": "per_layer",
  "p24_sequence_gated_act": "tanh_centered",
  "remix_disable_ln_basis": 0,
  "dense_intermediate_ln": 0,
  "use_mol": false,
  "mol_n_blocks": 5,
  "mol_n_shared": 1,
  "mol_topk": 3,
  "mol_thin_dim": 256,
  "mol_head_dim": 64,
  "mol_ffn_mult": 4.0,
  "mol_router_aux": 0.05,
  "mol_routed_attn": "softmax",
  "mol_dispatch": 1,
  "mol_capacity_factor": 1.0,
  "mol_block_lr_scale": 1.0,
  "mol_per_block_ve": 0,
  "use_binary": false,
  "binary_acts": true,
  "binary_weight_scale": "row",
  "binary_act_scale": "token",
  "binary_clip": 1.0,
  "binary_linear": true,
  "binary_embeddings": true,
  "binary_skip": "",
  "binary_native": false,
  "binary_tau": 1.0,
  "binary_hard": false,
  "binary_resid_width": 0,
  "binary_attn_chunk": 256,
  "use_mst": false,
  "mst_n_subs": 8,
  "mst_sub_dim": 64,
  "mst_head_dim": 0,
  "mst_input_mode": "fixed_slice",
  "mst_rotated_slice_learned": false,
  "mst_routing_mode": "soft_weighted",
  "mst_routing_topk": 4,
  "mst_routing_aux_weight": 0.01,
  "mst_diversity_weight": 0.0,
  "mst_ffn_mode": "standard",
  "mst_ffn_every": 1,
  "mst_transition_mode": "parallel",
  "mst_final_mode": "aggregate_proj",
  "mst_final_topk": -1,
  "mst_ffn_shared_up": 0,
  "mst_ffn_inner_dim": 0,
  "mst_sub_dropout": 0.0,
  "mst_transition_every": 1,
  "mst_ffa_temperature": 1.0,
  "mst_global_residual": 0,
  "mst_hybrid_dense": 0,
  "mst_cross_sub_kv": 0,
  "mst_sub_aux_weight": 0.0,
  "mst_progressive_merge": 0,
  "mst_multi_scale_windows": 0,
  "mst_delta_residual": 0,
  "mst_sub_layers": 1,
  "mst_grad_equalize": 0,
  "mst_block_diagonal_muon": 0,
  "mst_transition_width_mult": 1.0,
  "mst_sub_lr_scale": 1.0,
  "mst_shared_expert": 0,
  "mst_router_entropy_weight": 0.0,
  "mst_shared_kv_attn": 0,
  "mst_contrastive_diversity_weight": 0.0,
  "mst_transition_nonlinear": 0,
  "mst_transition_gated": 0,
  "mst_transition_mlp": 0,
  "mst_cross_sub_gate": 0,
  "mst_hyper_connect": 0,
  "mst_cross_kv_inject": 0,
  "mst_slice_transition": 0,
  "mst_lookback_layers": 0,
  "mst_bilinear_transition": 0,
  "mst_cross_sub_qmod": 0,
  "mst_feature_cycle": 0,
  "mst_mean_transition": 0,
  "mst_sub_head_dim": 0,
  "mst_final_norm": 0,
  "mst_per_stream_ve": 0,
  "mst_ve_map": 0,
  "mst_ve_map_rank": 0,
  "mst_lm_head_dim": 0,
  "mst_compose_windows": 0,
  "mst_channel_mix": "none",
  "mst_channel_mix_site": "layer",
  "mst_distribute_block_muon": 0,
  "mst_trans_spectral_lr": 0,
  "mst_talking_heads": 0,
  "mst_wo_mode": "block",
  "mst_stream_topk": 0,
  "mst_stream_shared": 0,
  "mst_stream_router_aux": 0.01,
  "mst_stream_router_noise": 0.0,
  "mst_stream_dispatch": 0,
  "mst_stream_capacity_factor": 1.0,
  "mst_stream_gate_attn": 0,
  "mst_ffn_monarch": "none",
  "mst_shampoo": 0,
  "mst_precond_every": 10,
  "mst_shampoo_beta": 0.95,
  "use_eet": false,
  "eet_frozen_kv": true,
  "eet_reenter_final": false,
  "eet_router_type": "mlp2",
  "eet_router_hidden": 0,
  "eet_freq_prior_alpha": 0.0,
  "eet_pos_prior_beta": 0.0,
  "eet_domain_prior": false,
  "eet_warmup_frac": 0.02,
  "eet_explore_frac": 0.15,
  "eet_reconstruct_lambda": 1.0,
  "eet_efficiency_lambda_start": 0.01,
  "eet_efficiency_lambda_end": 0.1,
  "eet_translator_rank": 0,
  "eet_max_frozen_kv_frac": 0.75,
  "eet_exit_threshold": 0.5,
  "eet_min_exit_layer": 1,
  "eet_loss_variant": "reconstruct",
  "eet_topk_vocab": 512,
  "eet_entropy_lambda": 0.3,
  "eet_surprise_lambda": 0.1,
  "eet_adv_lambda": 1.0,
  "eet_adv_entropy_lambda": 0.2,
  "eet_quality_lambda": 1.0,
  "eet_quality_entropy_bonus": 0.1,
  "eet_gumbel_temp_start": 0.0,
  "eet_gumbel_temp_end": 0.1,
  "eet_gumbel_hard": true,
  "eet_commitment_beta": 0.1,
  "eet_global_router": false,
  "eet_freq_efficiency_alpha": 0.0,
  "eet_diversity_lambda": 0.0,
  "eet_ce_guided_lambda": 1.0,
  "eet_router_lr_mult": 5.0,
  "eet_model_lr_mult": 1.0,
  "eet_depth_weight_type": "none",
  "eet_depth_weight_max": 2.5,
  "eet_use_override": 0,
  "eet_override_prob_start": 0.5,
  "eet_override_prob_end": 0.1,
  "eet_compute_skip": false,
  "eet_target_active_frac": 0.125,
  "eet_capacity_schedule": "bell",
  "eet_exit_fracs": null,
  "eet_capacity_alignment_lambda": 0.0,
  "eet_kv_mode": "none",
  "eet_route_noise": 0.0,
  "eet_route_noise_end": -1.0,
  "eet_coverage_diag": false,
  "deep_supervision_lambda": 0.0,
  "deep_supervision_frac": 0.125,
  "eet_width_power": 0.0,
  "eet_width_cap": 16.0,
  "eet_kv_eager": false,
  "eet_router_task_grad": true,
  "eet_reinforce_interval": 0,
  "eet_reinforce_lambda": 0.1,
  "eet_exit_adapter_rank": 0,
  "eet_router_after_block": 0,
  "eet_ffn_skip": false,
  "eet_ffn_target_frac": 0.5,
  "eet_ffn_full_attn": true,
  "eet_depth_affine": false,
  "eet_capacity_anneal_frac": 0.0,
  "eet_learned_schedule": false,
  "eet_departure_summary": false,
  "eet_route_consistency_lambda": 0.0,
  "eet_dense_distill_interval": 0,
  "eet_dense_distill_lambda": 0.5,
  "eet_depth_lr_scale": false,
  "eet_depth_grad_scale": false,
  "eet_detach_aux_from_backbone": false,
  "eet_detach_exit_from_backbone": false,
  "use_code_head": false,
  "sch_head_type": "code",
  "sch_bits": 0,
  "sch_order": 2,
  "sch_max_m": 0,
  "sch_phi_mode": "monomial",
  "sch_code_mode": "binary",
  "sch_code_path": "",
  "sch_code_ecc_bits": 0,
  "sch_code_seed": 1234,
  "sch_phi_density": 0.0,
  "sch_phi_dtype": "bf16",
  "sch_phi_normalize": 1,
  "sch_phi_center": 0,
  "sch_g_type": "linear",
  "sch_g_hidden": 0,
  "sch_g_layers": 2,
  "sch_g_out_std": 0.001,
  "sch_mixture": 1,
  "sch_residual_rank": 0,
  "sch_logit_act": "none",
  "sch_bias": 0,
  "sch_input_mode": "table",
  "sch_input_hidden": 0,
  "sch_product_groups": 8,
  "sch_product_codebook": 256,
  "sch_product_source": "hash",
  "sch_product_impl": "dense",
  "sch_phi_whiten": 0,
  "sch_mixture_per_phi": 0,
  "sch_mixture_topk": 0,
  "sch_mixture_aux": 0.01,
  "sch_monarch_m1": 0,
  "sch_monarch_perm": "none",
  "sch_monarch_perm_path": "",
  "sch_tier_bounds": "",
  "sch_tier_caps": "",
  "sch_tier_order": "freq",
  "sch_tier_perm_path": "",
  "sch_proposal_rank": 32,
  "sch_proposal_topk": 16384,
  "sch_proposal_samples": 4096,
  "sch_proposal_warmup": 0,
  "sch_proposal_chunk": 2048,
  "sch_proposal_aux": 1.0,
  "sch_nfh_mode": "cp",
  "sch_nfh_rank": 32,
  "sch_nfh_dims": "",
  "sch_nfh_groups": 3,
  "sch_nfh_views": 1,
  "sch_nfh_perm": "none",
  "sch_nfh_perm_path": "",
  "sch_nfh_g_type": "linear",
  "sch_nfh_g_hidden": 0,
  "sch_rerank_mode": "topk",
  "sch_rerank_k": 64,
  "sch_rerank_rank": 32,
  "sch_nfh_smooth": 0,
  "sch_nfh_chunk": 256,
  "sap_block_T": 4,
  "sap_block_mode": "p1_discrete",
  "sap_block_frac": 0.0625,
  "sap_lambda": 1.0,
  "sap_head_layers": 2,
  "sap_head_heads": 0,
  "sap_head_mlp_mult": 2,
  "sap_enc_layers": 1,
  "sap_ctx_window": 16,
  "sap_latent_groups": 4,
  "sap_latent_codes": 64,
  "sap_latent_dim": 64,
  "sap_free_bits": 0.25,
  "sap_kl_anneal_steps": 2000,
  "sap_gumbel_tau": 1.0,
  "sap_cp_components": 8,
  "sap_wta_k": 4,
  "sap_u_freqs": 24,
  "sap_u_interior": 0.8,
  "sap_logit_chunk": 8192
}
Seeded weight init with --seed 1
Checkpoints directory: /__modal/volumes/vo-pelh2tULdL7ESlnYAQvaCw/out/s00_sap/d8/SAP_p1_discrete_T4_s1
✓ Wrapping model with DistributedDataParallel (rank 0, find_unused_parameters=False, broadcast_buffers=True)
Parameter counts:
wte                     : 16,777,216
wpe                     : 0
value_embeds            : 67,108,864
lm_head                 : 16,777,216
transformer_matrices    : 25,166,336
research                : 8,566,784
scalars                 : 16
total                   : 134,396,432
Estimated FLOPs per token (total):  3.303264e+08
COST_AXES precision=W16A16E16H16 bops_arith=4.2282e+10 energy_pj_per_token=2.6874e+08 inference_MiB=256.34 training_state_MiB=885.98
Estimated FLOPs per token (active): 3.303264e+08
Estimated active params:            134,396,432
[SAP] block head: mode=p1_discrete T=4 frac=0.0625 window=16 layers=2 params=18,945,024
Auto-computed optimal batch size: 262,144 tokens
Scaling LRs by 0.7071 for batch size 262,144 (reference: 524,288)
Scaling weight decay from 0.200000 to 0.371230 for depth 8
Scaling the LR for the AdamW parameters ∝1/√(512/768) = 1.224745
Calculated number of iterations from target FLOPs: 1,456
Total number of training tokens: 381,681,664
Tokens : Scaling params ratio: 9.10
Total training FLOPs estimate: 1.260795e+17
Total training FLOPs (active):  1.260795e+17
Total active training FLOPs estimate: 1.260795e+17
Using base scheduler: linear warmup/flat/linear warmdown
Tokens / micro-batch / rank: 128 x 2048 = 262,144
Tokens / micro-batch: 262,144
Total batch size 262,144 => gradient accumulation steps: 1
Running pre-compilation warmup (1 dummy forward+backward to init lazy allocations)...
[rank0]:W1001 23:55:03.870000 31432 site-packages/torch/_logging/_internal.py:1199] [0/0] Profiler function <class 'torch.autograd.profiler.record_function'> will be ignored
Warmup complete. Steady-state VRAM: 5.9 GB allocated
step 00000/01456 (0.00%) | loss: 20.799038 | lrm: 0.14 | lr(adamw:4.992e-02, muon:2.020e-03) | dt: 337.04ms | tok/sec: 777,790 | bf16_mfu: 25.98 | epoch: 1 pq: 0 rg: 1 | total time: 0.00m
step 00100/01456 (6.87%) | loss: 10.354580 | lrm: 1.00 | lr(adamw:3.494e-01, muon:1.414e-02) | dt: 264.62ms | tok/sec: 990,660 | bf16_mfu: 33.09 | epoch: 1 pq: 0 rg: 52 | total time: 0.40m | eta: 6.0m
step 00200/01456 (13.74%) | loss: 8.190146 | lrm: 1.00 | lr(adamw:3.494e-01, muon:1.414e-02) | dt: 267.84ms | tok/sec: 978,733 | bf16_mfu: 32.69 | epoch: 1 pq: 1 rg: 17 | total time: 0.84m | eta: 5.6m
step 00300/01456 (20.60%) | loss: 7.699131 | lrm: 1.00 | lr(adamw:3.494e-01, muon:1.414e-02) | dt: 265.22ms | tok/sec: 988,413 | bf16_mfu: 33.01 | epoch: 1 pq: 1 rg: 65 | total time: 1.28m | eta: 5.1m
step 00400/01456 (27.47%) | loss: 7.480140 | lrm: 1.00 | lr(adamw:3.494e-01, muon:1.414e-02) | dt: 266.25ms | tok/sec: 984,590 | bf16_mfu: 32.89 | epoch: 1 pq: 2 rg: 30 | total time: 1.72m | eta: 4.7m
step 00500/01456 (34.34%) | loss: 7.410126 | lrm: 1.00 | lr(adamw:3.494e-01, muon:1.414e-02) | dt: 264.60ms | tok/sec: 990,735 | bf16_mfu: 33.09 | epoch: 1 pq: 2 rg: 78 | total time: 2.17m | eta: 4.2m
step 00600/01456 (41.21%) | loss: 7.326155 | lrm: 0.91 | lr(adamw:3.178e-01, muon:1.286e-02) | dt: 293.05ms | tok/sec: 894,542 | bf16_mfu: 29.88 | epoch: 1 pq: 3 rg: 43 | total time: 2.62m | eta: 3.8m
step 00700/01456 (48.08%) | loss: 7.279342 | lrm: 0.81 | lr(adamw:2.828e-01, muon:1.144e-02) | dt: 265.27ms | tok/sec: 988,198 | bf16_mfu: 33.01 | epoch: 1 pq: 4 rg: 10 | total time: 3.06m | eta: 3.4m
step 00800/01456 (54.95%) | loss: 7.271085 | lrm: 0.71 | lr(adamw:2.477e-01, muon:1.002e-02) | dt: 264.82ms | tok/sec: 989,905 | bf16_mfu: 33.06 | epoch: 1 pq: 4 rg: 58 | total time: 3.51m | eta: 2.9m
step 00900/01456 (61.81%) | loss: 7.281257 | lrm: 0.61 | lr(adamw:2.126e-01, muon:8.603e-03) | dt: 264.68ms | tok/sec: 990,408 | bf16_mfu: 33.08 | epoch: 1 pq: 5 rg: 24 | total time: 3.95m | eta: 2.5m
step 01000/01456 (68.68%) | loss: 7.309360 | lrm: 0.51 | lr(adamw:1.775e-01, muon:7.183e-03) | dt: 268.63ms | tok/sec: 975,858 | bf16_mfu: 32.59 | epoch: 1 pq: 5 rg: 73 | total time: 4.40m | eta: 2.0m
step 01100/01456 (75.55%) | loss: 7.318552 | lrm: 0.41 | lr(adamw:1.424e-01, muon:5.763e-03) | dt: 267.41ms | tok/sec: 980,313 | bf16_mfu: 32.74 | epoch: 1 pq: 6 rg: 38 | total time: 4.85m | eta: 1.6m
step 01200/01456 (82.42%) | loss: 7.339526 | lrm: 0.31 | lr(adamw:1.073e-01, muon:4.343e-03) | dt: 264.96ms | tok/sec: 989,376 | bf16_mfu: 33.05 | epoch: 1 pq: 7 rg: 4 | total time: 5.29m | eta: 1.1m
step 01300/01456 (89.29%) | loss: 7.324257 | lrm: 0.21 | lr(adamw:7.221e-02, muon:2.923e-03) | dt: 267.52ms | tok/sec: 979,896 | bf16_mfu: 32.73 | epoch: 1 pq: 7 rg: 53 | total time: 5.73m | eta: 0.7m
step 01400/01456 (96.15%) | loss: 7.361676 | lrm: 0.11 | lr(adamw:3.712e-02, muon:1.502e-03) | dt: 265.73ms | tok/sec: 986,494 | bf16_mfu: 32.95 | epoch: 1 pq: 8 rg: 19 | total time: 6.18m | eta: 0.2m
step 01455/01456 (99.93%) | loss: 7.371853 | lrm: 0.05 | lr(adamw:1.782e-02, muon:7.213e-04) | dt: 263.04ms | tok/sec: 996,575 | bf16_mfu: 33.29 | epoch: 1 pq: 8 rg: 46 | total time: 6.42m | eta: 0.0m
/usr/local/lib/python3.12/site-packages/torch/_dynamo/variables/functions.py:1598: UserWarning: Dynamo does not know how to trace the builtin `torch._C._distributed_c10d.pybind11_detail_function_record_v1_system_libstdcpp_gxx_abi_1xxx_use_cxx11_abi_1._broadcast_coalesced.` This function is either a Python builtin (e.g. _warnings.warn) or a third-party C/C++ Python extension (perhaps created with pybind).
If it is a Python builtin, please file an issue on GitHub so the PyTorch team can add support for it and see the next case for a workaround.
If it is a third-party C/C++ Python extension, please either wrap it into a PyTorch-understood custom operator (see https://pytorch.org/tutorials/advanced/custom_ops_landing_page.html for more details) or, if it is traceable, use `torch.compiler.allow_in_graph`.
  torch._dynamo.utils.warn_once(explanation + "\n" + "\n".join(hints))
Step 01456 | Validation bpb: 1.012462 | val_loss: 3.322040
[rank0]: Traceback (most recent call last):
[rank0]:   File "<frozen runpy>", line 198, in _run_module_as_main
[rank0]:   File "<frozen runpy>", line 88, in _run_code
[rank0]:   File "/__modal/volumes/vo-pelh2tULdL7ESlnYAQvaCw/scripts/base_train.py", line 2399, in <module>
[rank0]:     _sap_eval = evaluate_block_bpb(orig_model, build_val_loader(), args.sap_eval_steps, token_bytes)
[rank0]:                 ^^^^^^^^^^^^^^^^^^^^^^^^^^^^^^^^^^^^^^^^^^^^^^^^^^^^^^^^^^^^^^^^^^^^^^^^^^^^^^^^^^^^
[rank0]:   File "/usr/local/lib/python3.12/site-packages/torch/utils/_contextlib.py", line 120, in decorate_context
[rank0]:     return func(*args, **kwargs)
[rank0]:            ^^^^^^^^^^^^^^^^^^^^^
[rank0]:   File "/__modal/volumes/vo-pelh2tULdL7ESlnYAQvaCw/nanochat/block_head.py", line 768, in evaluate_block_bpb
[rank0]:     logits, hid = model(x, return_hidden=True)
[rank0]:                   ^^^^^^^^^^^^^^^^^^^^^^^^^^^^
[rank0]:   File "/usr/local/lib/python3.12/site-packages/torch/nn/modules/module.py", line 1775, in _wrapped_call_impl
[rank0]:     return self._call_impl(*args, **kwargs)
[rank0]:            ^^^^^^^^^^^^^^^^^^^^^^^^^^^^^^^^
[rank0]:   File "/usr/local/lib/python3.12/site-packages/torch/nn/modules/module.py", line 1786, in _call_impl
[rank0]:     return forward_call(*args, **kwargs)
[rank0]:            ^^^^^^^^^^^^^^^^^^^^^^^^^^^^^
[rank0]:   File "/__modal/volumes/vo-pelh2tULdL7ESlnYAQvaCw/nanochat/gpt.py", line 11790, in forward
[rank0]:     logits = softcap * torch.tanh(logits / softcap) # squash the logits
[rank0]:                        ^^^^^^^^^^^^^^^^^^^^^^^^^^^^
[rank0]: torch.OutOfMemoryError: CUDA out of memory. Tried to allocate 32.00 GiB. GPU 0 has a total capacity of 139.80 GiB of which 5.69 GiB is free. Process 1 has 134.07 GiB memory in use. Of the allocated memory 102.85 GiB is allocated by PyTorch, and 29.95 GiB is reserved by PyTorch but unallocated. If reserved but unallocated memory is large try setting PYTORCH_CUDA_ALLOC_CONF=expandable_segments:True to avoid fragmentation.  See documentation for Memory Management  (https://pytorch.org/docs/stable/notes/cuda.html#environment-variables)
[rank0]:[W1002 00:03:01.128035119 ProcessGroupNCCL.cpp:1524] Warning: WARNING: destroy_process_group() was not called before program exit, which can leak resources. For more info, please see https://pytorch.org/docs/stable/distributed.html#shutdown (function operator())
E1002 00:03:03.626000 31426 site-packages/torch/distributed/elastic/multiprocessing/api.py:882] failed (exitcode: 1) local_rank: 0 (pid: 31432) of binary: /usr/local/bin/python
Traceback (most recent call last):
  File "/usr/local/bin/torchrun", line 10, in <module>
    sys.exit(main())
             ^^^^^^
  File "/usr/local/lib/python3.12/site-packages/torch/distributed/elastic/multiprocessing/errors/__init__.py", line 357, in wrapper
    return f(*args, **kwargs)
           ^^^^^^^^^^^^^^^^^^
  File "/usr/local/lib/python3.12/site-packages/torch/distributed/run.py", line 936, in main
    run(args)
  File "/usr/local/lib/python3.12/site-packages/torch/distributed/run.py", line 927, in run
    elastic_launch(
  File "/usr/local/lib/python3.12/site-packages/torch/distributed/launcher/api.py", line 156, in __call__
    return launch_agent(self._config, self._entrypoint, list(args))
           ^^^^^^^^^^^^^^^^^^^^^^^^^^^^^^^^^^^^^^^^^^^^^^^^^^^^^^^^
  File "/usr/local/lib/python3.12/site-packages/torch/distributed/launcher/api.py", line 293, in launch_agent
    raise ChildFailedError(
torch.distributed.elastic.multiprocessing.errors.ChildFailedError: 
============================================================
scripts.base_train FAILED
------------------------------------------------------------
Failures:
  <NO_OTHER_FAILURES>
------------------------------------------------------------
Root Cause (first observed failure):
[0]:
  time      : 2026-10-02_00:03:03
  host      : localhost
  rank      : 0 (local_rank: 0)
  exitcode  : 1 (pid: 31432)
  error_file: <N/A>
  traceback : To enable traceback see: https://pytorch.org/docs/stable/elastic/errors.html
============================================================
2026-10-02 00:03:11,795 - httpx - [32m[1mINFO[0m - HTTP Request: HEAD https://huggingface.co/varunneal/flash-attention-3/resolve/main/kernel-status.toml "HTTP/1.1 404 Not Found"
2026-10-02 00:03:11,900 - httpx - [32m[1mINFO[0m - HTTP Request: GET https://huggingface.co/api/models/varunneal/flash-attention-3/tree/main/build?recursive=false&expand=false "HTTP/1.1 200 OK"
2026-10-02 00:03:12,021 - httpx - [32m[1mINFO[0m - HTTP Request: GET https://huggingface.co/api/models/varunneal/flash-attention-3/revision/main "HTTP/1.1 200 OK"

                                                       █████                █████
                                                      ░░███                ░░███
     ████████    ██████   ████████    ██████   ██████  ░███████    ██████  ███████
    ░░███░░███  ░░░░░███ ░░███░░███  ███░░███ ███░░███ ░███░░███  ░░░░░███░░░███░
     ░███ ░███   ███████  ░███ ░███ ░███ ░███░███ ░░░  ░███ ░███   ███████  ░███
     ░███ ░███  ███░░███  ░███ ░███ ░███ ░███░███  ███ ░███ ░███  ███░░███  ░███ ███
     ████ █████░░████████ ████ █████░░██████ ░░██████  ████ █████░░███████  ░░█████
    ░░░░ ░░░░░  ░░░░░░░░ ░░░░ ░░░░░  ░░░░░░   ░░░░░░  ░░░░ ░░░░░  ░░░░░░░░   ░░░░░
    
Autodetected device type: cuda
2026-10-02 00:03:13,184 - nanochat.common - [32m[1mINFO[0m - Distributed world size: 1
Device: cuda (ddp=True, world_size=1)
GPU: NVIDIA H200 | Peak FLOPS (BF16): 9.89e+14
COMPUTE_DTYPE: torch.bfloat16 (auto-detected: CUDA SM 90 (bf16 supported))
✓ Using Flash Attention 3 (Hopper GPU detected) — efficient and fast.
Vocab size: 32,768
[SAP] block head: mode=p2_gauss T=4 frac=0.0625 window=16 layers=2 params=8,040,448
Model config:
{
  "sequence_len": 2048,
  "vocab_size": 32768,
  "n_layer": 8,
  "n_head": 4,
  "n_kv_head": 4,
  "n_embd": 512,
  "use_moe": false,
  "use_perm": false,
  "moe_num_experts": 8,
  "moe_router_dim": 64,
  "moe_embed_dim": 64,
  "dropout": 0.0,
  "use_remix_linear": false,
  "remix_context_dim": 64,
  "remix_context_dim_ratio": 6,
  "remix_basis_size": 64,
  "remix_output_gate_rank": 16,
  "remixed_linear_kwargs": {
    "use_basis_gate": true,
    "use_output_gate": true,
    "use_context": true,
    "basis_gate_mode": "mlp",
    "sparse_gate_k": 0,
    "gate_temperature": 1.0,
    "basis_scale_factor": 4,
    "n_templates": 1,
    "template_routing_learned": false,
    "template_topk": 0,
    "tiny_expert": false,
    "tiny_expert_topk": 16,
    "lokr_expert": false,
    "lokr_n_experts": 64,
    "lokr_topk": 16,
    "lokr_rank": 4,
    "lokr_learned": false,
    "basis_gate_rank": 8,
    "disable_ln_basis": false,
    "chunk_route_impl": "compose",
    "top1_gate": "ones",
    "template_delta_rank": 0,
    "route_side": "output",
    "drop_basis_proj": false,
    "basis_side_templates": 0,
    "grad_equalize": false,
    "output_gate_rank": 16,
    "operator_modulation": "none",
    "lie_generators": 4,
    "poly_order": 2,
    "grassmann_bank_size": 4
  },
  "use_pos_embed": false,
  "moe_use_abs_pos_embed": false,
  "use_layer_context": true,
  "scale_basis_size": true,
  "remix_use_dual_gate": false,
  "remix_use_fused": false,
  "p26_output_gated_linear": 0,
  "p28_shared_basis": 0,
  "p28_chunk_routing_size": 0,
  "p28_global_template_bank": "none",
  "p28_attn_proj_templates": 0,
  "p28_attn_qk_templates": 0,
  "p29_template_block_diag": 0,
  "p29_template_lr_scale": 1.0,
  "p29_grad_equalize": 0,
  "p34_ffn_mult": 4.0,
  "p34_ffn_single": 0,
  "p34_dense_attn": 0,
  "legacy_init_fallback": 0,
  "p35_template_diversity_lambda": 0.0,
  "p22_route_affine": 0,
  "p34_ffn_schedule": "",
  "p34_ffn_no_ffn_replacement": "none",
  "p34_ffn_last_depth": 1,
  "p36_swiglu_ffn": 0,
  "p36_swiglu_mult": 2.6666666666666665,
  "cond_sites": "both",
  "cond_rank": 256,
  "cond_mult_steps": 0,
  "cond_gate_source": "router",
  "cond_coeff_act": "centered",
  "cond_router_rank": 0,
  "cond_live_init": 0.0,
  "cond_router_act": "none",
  "cond_chunk_size": 0,
  "cond_mult_scale": -1.0,
  "cond_mult_impl": "wy",
  "cond_attn_projs": "qkvo",
  "cond_layer_frac": 1.0,
  "perm_expert_mode": "low_rank",
  "perm_rank": 16,
  "router_context_window": -1,
  "router_causal": true,
  "router_num_heads": 4,
  "router_num_queries": 16,
  "router_n_layers": 2,
  "router_use_vocab_prior": false,
  "window_pattern": "SSSL",
  "cclblock_modulation": "weight",
  "cclblock_orth_lambda": 0.0,
  "cclblock_context_stream": "local",
  "cclblock_ema_factor": 0.99,
  "cclblock_stale_ctx_lag": 0,
  "cclblock_sparse_gate_k": 0,
  "cclblock_gate_temperature": 1.0,
  "cclblock_context_bank_size": 0,
  "cclblock_per_head_ctx": false,
  "cclblock_context_source": "norm_x",
  "cclblock_chunk_size": 0,
  "cclblock_aux_objective": "none",
  "cclblock_aux_lambda": 0.1,
  "cclblock_boundary_token_id": 198,
  "use_ral": false,
  "ral_rank": 32,
  "cclblock_film_gate": false,
  "cclblock_attn_shadow_dim": 0,
  "cclblock_dynamic_ratio": 0.25,
  "cclblock_gate_rank": 8,
  "cclblock_num_regimes": 8,
  "cclblock_regime_temperature": 1.0,
  "cclblock_poly_order": 2,
  "cclblock_lie_generators": 4,
  "cclblock_grassmann_bank_size": 4,
  "cclblock_tucker_rank": 32,
  "cclblock_tucker_modes": 8,
  "cclblock_svs_rank": 64,
  "cclblock_svs_eps": 0.1,
  "cclblock_vq_codes": 8,
  "cclblock_vq_temperature": 1.0,
  "cclblock_dcu_warmup_steps": 0,
  "cclblock_fsi_rotations": 8,
  "cclblock_fsi_selector_dim": 64,
  "cclblock_aesp_strata": 4,
  "cclblock_aesp_delta_rank": 4,
  "cclblock_ckr_branches": 4,
  "cclblock_ckr_kernel_size": 64,
  "cclblock_ckr_pos_channels": 1,
  "cclblock_ckr_dual_optim": 0,
  "cclblock_ckr_content_bias": 0.0,
  "cclblock_giad_rank": 32,
  "cclblock_psg_kernel_size": 64,
  "cclblock_ss_dynamic_ratio": 0.25,
  "cclblock_ss_branches": 2,
  "cclblock_ss_kernel_size": 64,
  "cclblock_lokr_branches": 8,
  "cclblock_lokr_rank": 16,
  "cclblock_ckr_temp_start": 2.0,
  "cclblock_ckr_temp_end": 0.3,
  "cclblock_com_kernel_size": 32,
  "cclblock_ckr_ortho_init": 0,
  "cclblock_ckr_branch_dropout": 0.0,
  "cclblock_ckr_diversity_lambda": 0.0,
  "cclblock_ckr_layer_selective": 0,
  "cclblock_pgr_kernel_size": 64,
  "cclblock_cil_kernel_size": 64,
  "cclblock_prb_kernel_size": 64,
  "p18_layer_drop": 0.0,
  "p18_dynamic_activation": 0,
  "p18_mixture_norm": 0,
  "p18_causal_attn_bias": 0,
  "p18_aux_sim_lambda": 0.0,
  "p18_gradient_penalty": 0.0,
  "p18_per_channel_scale": 0,
  "p19_residual_gate": 0,
  "p19_head_importance": 0,
  "p19_residual_mix_groups": 0,
  "p19_attn_logit_bias": 0,
  "p19_residual_decay": 0,
  "p19_grad_equilibrium": 0.0,
  "p19_spectral_reparam": 0,
  "p19_weight_anticollapse": 0.0,
  "p19_ve_bias": 0,
  "p19_weight_noise": 0.0,
  "p20_hrcs_scale": 0,
  "p20_lswr_scale": 0,
  "p20_lswr_planes": 8,
  "p20_lrcfb_branches": 0,
  "p20_lrcfb_narrow": 0,
  "p20_lrcfb_learned": 0,
  "p20_lrcfb_topk": 0,
  "p20_dgcr_branches": 0,
  "p20_dgcr_aux_weight": 0.01,
  "p20_mone_experts": 0,
  "p20_mone_topk": 0,
  "p20_mone_narrow": 1,
  "p20_mone_frozen": 0,
  "p20_ncea_branches": 0,
  "p20_ncea_eps": 0.1,
  "p20_adwi": 0,
  "p20_pwu_branches": 0,
  "p20_pwu_phase": 1,
  "p20_fsvd_gate": 0,
  "p20_wbfc_clusters": 0,
  "p20_wbfc_active": 0,
  "p21_per_experts": 0,
  "p21_per_topk": 0,
  "p21_per_learned": 0,
  "p21_per_attn": 0,
  "p22_attn_moe_route": "none",
  "p23_tiny_expert": 0,
  "p23_n_experts": 64,
  "p23_topk": 16,
  "p23_learned_route": 0,
  "p23_std_moe_experts": 0,
  "p23_std_moe_topk": -1,
  "p23_std_moe_aux_weight": 0.01,
  "p23_lokr": 0,
  "p23_lokr_rank": 4,
  "p23_use_shared_block_router": 0,
  "p23_linear_moe_experts": 0,
  "p23_linear_moe_topk": 0,
  "p23_quantile_route": 0,
  "remix_shared_context_gates": 0,
  "p24_use_sliced_weight": 0,
  "p24_sliced_weight_reduction_scale": 8,
  "p24_sliced_weight_min_select": 128,
  "p24_sliced_weight_scope": "per_token",
  "p24_sliced_weight_balance_coeff": 0.01,
  "p24_quantile_route": 0,
  "p24_use_folded_mod": 0,
  "p24_folded_mod_reduction_scale": 8,
  "p24_folded_mod_min_dim": 128,
  "p24_folded_mod_scope": "per_layer",
  "p24_folded_mod_gate_act": "tanh_centered",
  "p24_use_sequence_gated_linear": 0,
  "p24_sequence_gated_scope": "per_layer",
  "p24_sequence_gated_act": "tanh_centered",
  "remix_disable_ln_basis": 0,
  "dense_intermediate_ln": 0,
  "use_mol": false,
  "mol_n_blocks": 5,
  "mol_n_shared": 1,
  "mol_topk": 3,
  "mol_thin_dim": 256,
  "mol_head_dim": 64,
  "mol_ffn_mult": 4.0,
  "mol_router_aux": 0.05,
  "mol_routed_attn": "softmax",
  "mol_dispatch": 1,
  "mol_capacity_factor": 1.0,
  "mol_block_lr_scale": 1.0,
  "mol_per_block_ve": 0,
  "use_binary": false,
  "binary_acts": true,
  "binary_weight_scale": "row",
  "binary_act_scale": "token",
  "binary_clip": 1.0,
  "binary_linear": true,
  "binary_embeddings": true,
  "binary_skip": "",
  "binary_native": false,
  "binary_tau": 1.0,
  "binary_hard": false,
  "binary_resid_width": 0,
  "binary_attn_chunk": 256,
  "use_mst": false,
  "mst_n_subs": 8,
  "mst_sub_dim": 64,
  "mst_head_dim": 0,
  "mst_input_mode": "fixed_slice",
  "mst_rotated_slice_learned": false,
  "mst_routing_mode": "soft_weighted",
  "mst_routing_topk": 4,
  "mst_routing_aux_weight": 0.01,
  "mst_diversity_weight": 0.0,
  "mst_ffn_mode": "standard",
  "mst_ffn_every": 1,
  "mst_transition_mode": "parallel",
  "mst_final_mode": "aggregate_proj",
  "mst_final_topk": -1,
  "mst_ffn_shared_up": 0,
  "mst_ffn_inner_dim": 0,
  "mst_sub_dropout": 0.0,
  "mst_transition_every": 1,
  "mst_ffa_temperature": 1.0,
  "mst_global_residual": 0,
  "mst_hybrid_dense": 0,
  "mst_cross_sub_kv": 0,
  "mst_sub_aux_weight": 0.0,
  "mst_progressive_merge": 0,
  "mst_multi_scale_windows": 0,
  "mst_delta_residual": 0,
  "mst_sub_layers": 1,
  "mst_grad_equalize": 0,
  "mst_block_diagonal_muon": 0,
  "mst_transition_width_mult": 1.0,
  "mst_sub_lr_scale": 1.0,
  "mst_shared_expert": 0,
  "mst_router_entropy_weight": 0.0,
  "mst_shared_kv_attn": 0,
  "mst_contrastive_diversity_weight": 0.0,
  "mst_transition_nonlinear": 0,
  "mst_transition_gated": 0,
  "mst_transition_mlp": 0,
  "mst_cross_sub_gate": 0,
  "mst_hyper_connect": 0,
  "mst_cross_kv_inject": 0,
  "mst_slice_transition": 0,
  "mst_lookback_layers": 0,
  "mst_bilinear_transition": 0,
  "mst_cross_sub_qmod": 0,
  "mst_feature_cycle": 0,
  "mst_mean_transition": 0,
  "mst_sub_head_dim": 0,
  "mst_final_norm": 0,
  "mst_per_stream_ve": 0,
  "mst_ve_map": 0,
  "mst_ve_map_rank": 0,
  "mst_lm_head_dim": 0,
  "mst_compose_windows": 0,
  "mst_channel_mix": "none",
  "mst_channel_mix_site": "layer",
  "mst_distribute_block_muon": 0,
  "mst_trans_spectral_lr": 0,
  "mst_talking_heads": 0,
  "mst_wo_mode": "block",
  "mst_stream_topk": 0,
  "mst_stream_shared": 0,
  "mst_stream_router_aux": 0.01,
  "mst_stream_router_noise": 0.0,
  "mst_stream_dispatch": 0,
  "mst_stream_capacity_factor": 1.0,
  "mst_stream_gate_attn": 0,
  "mst_ffn_monarch": "none",
  "mst_shampoo": 0,
  "mst_precond_every": 10,
  "mst_shampoo_beta": 0.95,
  "use_eet": false,
  "eet_frozen_kv": true,
  "eet_reenter_final": false,
  "eet_router_type": "mlp2",
  "eet_router_hidden": 0,
  "eet_freq_prior_alpha": 0.0,
  "eet_pos_prior_beta": 0.0,
  "eet_domain_prior": false,
  "eet_warmup_frac": 0.02,
  "eet_explore_frac": 0.15,
  "eet_reconstruct_lambda": 1.0,
  "eet_efficiency_lambda_start": 0.01,
  "eet_efficiency_lambda_end": 0.1,
  "eet_translator_rank": 0,
  "eet_max_frozen_kv_frac": 0.75,
  "eet_exit_threshold": 0.5,
  "eet_min_exit_layer": 1,
  "eet_loss_variant": "reconstruct",
  "eet_topk_vocab": 512,
  "eet_entropy_lambda": 0.3,
  "eet_surprise_lambda": 0.1,
  "eet_adv_lambda": 1.0,
  "eet_adv_entropy_lambda": 0.2,
  "eet_quality_lambda": 1.0,
  "eet_quality_entropy_bonus": 0.1,
  "eet_gumbel_temp_start": 0.0,
  "eet_gumbel_temp_end": 0.1,
  "eet_gumbel_hard": true,
  "eet_commitment_beta": 0.1,
  "eet_global_router": false,
  "eet_freq_efficiency_alpha": 0.0,
  "eet_diversity_lambda": 0.0,
  "eet_ce_guided_lambda": 1.0,
  "eet_router_lr_mult": 5.0,
  "eet_model_lr_mult": 1.0,
  "eet_depth_weight_type": "none",
  "eet_depth_weight_max": 2.5,
  "eet_use_override": 0,
  "eet_override_prob_start": 0.5,
  "eet_override_prob_end": 0.1,
  "eet_compute_skip": false,
  "eet_target_active_frac": 0.125,
  "eet_capacity_schedule": "bell",
  "eet_exit_fracs": null,
  "eet_capacity_alignment_lambda": 0.0,
  "eet_kv_mode": "none",
  "eet_route_noise": 0.0,
  "eet_route_noise_end": -1.0,
  "eet_coverage_diag": false,
  "deep_supervision_lambda": 0.0,
  "deep_supervision_frac": 0.125,
  "eet_width_power": 0.0,
  "eet_width_cap": 16.0,
  "eet_kv_eager": false,
  "eet_router_task_grad": true,
  "eet_reinforce_interval": 0,
  "eet_reinforce_lambda": 0.1,
  "eet_exit_adapter_rank": 0,
  "eet_router_after_block": 0,
  "eet_ffn_skip": false,
  "eet_ffn_target_frac": 0.5,
  "eet_ffn_full_attn": true,
  "eet_depth_affine": false,
  "eet_capacity_anneal_frac": 0.0,
  "eet_learned_schedule": false,
  "eet_departure_summary": false,
  "eet_route_consistency_lambda": 0.0,
  "eet_dense_distill_interval": 0,
  "eet_dense_distill_lambda": 0.5,
  "eet_depth_lr_scale": false,
  "eet_depth_grad_scale": false,
  "eet_detach_aux_from_backbone": false,
  "eet_detach_exit_from_backbone": false,
  "use_code_head": false,
  "sch_head_type": "code",
  "sch_bits": 0,
  "sch_order": 2,
  "sch_max_m": 0,
  "sch_phi_mode": "monomial",
  "sch_code_mode": "binary",
  "sch_code_path": "",
  "sch_code_ecc_bits": 0,
  "sch_code_seed": 1234,
  "sch_phi_density": 0.0,
  "sch_phi_dtype": "bf16",
  "sch_phi_normalize": 1,
  "sch_phi_center": 0,
  "sch_g_type": "linear",
  "sch_g_hidden": 0,
  "sch_g_layers": 2,
  "sch_g_out_std": 0.001,
  "sch_mixture": 1,
  "sch_residual_rank": 0,
  "sch_logit_act": "none",
  "sch_bias": 0,
  "sch_input_mode": "table",
  "sch_input_hidden": 0,
  "sch_product_groups": 8,
  "sch_product_codebook": 256,
  "sch_product_source": "hash",
  "sch_product_impl": "dense",
  "sch_phi_whiten": 0,
  "sch_mixture_per_phi": 0,
  "sch_mixture_topk": 0,
  "sch_mixture_aux": 0.01,
  "sch_monarch_m1": 0,
  "sch_monarch_perm": "none",
  "sch_monarch_perm_path": "",
  "sch_tier_bounds": "",
  "sch_tier_caps": "",
  "sch_tier_order": "freq",
  "sch_tier_perm_path": "",
  "sch_proposal_rank": 32,
  "sch_proposal_topk": 16384,
  "sch_proposal_samples": 4096,
  "sch_proposal_warmup": 0,
  "sch_proposal_chunk": 2048,
  "sch_proposal_aux": 1.0,
  "sch_nfh_mode": "cp",
  "sch_nfh_rank": 32,
  "sch_nfh_dims": "",
  "sch_nfh_groups": 3,
  "sch_nfh_views": 1,
  "sch_nfh_perm": "none",
  "sch_nfh_perm_path": "",
  "sch_nfh_g_type": "linear",
  "sch_nfh_g_hidden": 0,
  "sch_rerank_mode": "topk",
  "sch_rerank_k": 64,
  "sch_rerank_rank": 32,
  "sch_nfh_smooth": 0,
  "sch_nfh_chunk": 256,
  "sap_block_T": 4,
  "sap_block_mode": "p2_gauss",
  "sap_block_frac": 0.0625,
  "sap_lambda": 1.0,
  "sap_head_layers": 2,
  "sap_head_heads": 0,
  "sap_head_mlp_mult": 2,
  "sap_enc_layers": 1,
  "sap_ctx_window": 16,
  "sap_latent_groups": 4,
  "sap_latent_codes": 64,
  "sap_latent_dim": 64,
  "sap_free_bits": 0.25,
  "sap_kl_anneal_steps": 2000,
  "sap_gumbel_tau": 1.0,
  "sap_cp_components": 8,
  "sap_wta_k": 4,
  "sap_u_freqs": 24,
  "sap_u_interior": 0.8,
  "sap_logit_chunk": 8192
}
Seeded weight init with --seed 1
Checkpoints directory: /__modal/volumes/vo-pelh2tULdL7ESlnYAQvaCw/out/s00_sap/d8/SAP_p2_gauss_T4_s1
✓ Wrapping model with DistributedDataParallel (rank 0, find_unused_parameters=False, broadcast_buffers=True)
Parameter counts:
wte                     : 16,777,216
wpe                     : 0
value_embeds            : 67,108,864
lm_head                 : 16,777,216
transformer_matrices    : 25,166,336
research                : 8,040,448
scalars                 : 16
total                   : 133,870,096
Estimated FLOPs per token (total):  3.286675e+08
COST_AXES precision=W16A16E16H16 bops_arith=4.2069e+10 energy_pj_per_token=2.6742e+08 inference_MiB=255.34 training_state_MiB=882.51
Estimated FLOPs per token (active): 3.286675e+08
Estimated active params:            133,870,096
[SAP] block head: mode=p2_gauss T=4 frac=0.0625 window=16 layers=2 params=17,958,912
Auto-computed optimal batch size: 262,144 tokens
Scaling LRs by 0.7071 for batch size 262,144 (reference: 524,288)
Scaling weight decay from 0.200000 to 0.371230 for depth 8
Scaling the LR for the AdamW parameters ∝1/√(512/768) = 1.224745
Calculated number of iterations from target FLOPs: 1,463
Total number of training tokens: 383,516,672
Tokens : Scaling params ratio: 9.14
Total training FLOPs estimate: 1.260495e+17
Total training FLOPs (active):  1.260495e+17
Total active training FLOPs estimate: 1.260495e+17
Using base scheduler: linear warmup/flat/linear warmdown
Tokens / micro-batch / rank: 128 x 2048 = 262,144
Tokens / micro-batch: 262,144
Total batch size 262,144 => gradient accumulation steps: 1
Running pre-compilation warmup (1 dummy forward+backward to init lazy allocations)...
[rank0]:W1002 00:03:13.914000 57207 site-packages/torch/_logging/_internal.py:1199] [0/0] Profiler function <class 'torch.autograd.profiler.record_function'> will be ignored
Warmup complete. Steady-state VRAM: 5.9 GB allocated
step 00000/01463 (0.00%) | loss: 20.795750 | lrm: 0.14 | lr(adamw:4.992e-02, muon:2.020e-03) | dt: 376.44ms | tok/sec: 696,373 | bf16_mfu: 23.14 | epoch: 1 pq: 0 rg: 1 | total time: 0.00m
step 00100/01463 (6.84%) | loss: 7.259391 | lrm: 1.00 | lr(adamw:3.494e-01, muon:1.414e-02) | dt: 263.59ms | tok/sec: 994,530 | bf16_mfu: 33.05 | epoch: 1 pq: 0 rg: 52 | total time: 0.40m | eta: 6.0m
step 00200/01463 (13.67%) | loss: 5.469043 | lrm: 1.00 | lr(adamw:3.494e-01, muon:1.414e-02) | dt: 264.79ms | tok/sec: 990,017 | bf16_mfu: 32.90 | epoch: 1 pq: 1 rg: 17 | total time: 0.84m | eta: 5.6m
step 00300/01463 (20.51%) | loss: 5.498056 | lrm: 1.00 | lr(adamw:3.494e-01, muon:1.414e-02) | dt: 265.53ms | tok/sec: 987,245 | bf16_mfu: 32.81 | epoch: 1 pq: 1 rg: 65 | total time: 1.28m | eta: 5.1m
step 00400/01463 (27.34%) | loss: 5.672987 | lrm: 1.00 | lr(adamw:3.494e-01, muon:1.414e-02) | dt: 267.38ms | tok/sec: 980,432 | bf16_mfu: 32.58 | epoch: 1 pq: 2 rg: 30 | total time: 1.73m | eta: 4.7m
step 00500/01463 (34.18%) | loss: 5.904018 | lrm: 1.00 | lr(adamw:3.494e-01, muon:1.414e-02) | dt: 265.04ms | tok/sec: 989,090 | bf16_mfu: 32.87 | epoch: 1 pq: 2 rg: 78 | total time: 2.17m | eta: 4.3m
step 00600/01463 (41.01%) | loss: 6.084970 | lrm: 0.91 | lr(adamw:3.187e-01, muon:1.290e-02) | dt: 270.21ms | tok/sec: 970,140 | bf16_mfu: 32.24 | epoch: 1 pq: 3 rg: 43 | total time: 2.62m | eta: 3.8m
step 00700/01463 (47.85%) | loss: 6.251893 | lrm: 0.81 | lr(adamw:2.838e-01, muon:1.149e-02) | dt: 268.10ms | tok/sec: 977,799 | bf16_mfu: 32.49 | epoch: 1 pq: 4 rg: 10 | total time: 3.06m | eta: 3.4m
step 00800/01463 (54.68%) | loss: 6.415397 | lrm: 0.71 | lr(adamw:2.489e-01, muon:1.007e-02) | dt: 264.89ms | tok/sec: 989,649 | bf16_mfu: 32.89 | epoch: 1 pq: 4 rg: 58 | total time: 3.50m | eta: 2.9m
step 00900/01463 (61.52%) | loss: 6.565066 | lrm: 0.61 | lr(adamw:2.140e-01, muon:8.661e-03) | dt: 267.51ms | tok/sec: 979,949 | bf16_mfu: 32.57 | epoch: 1 pq: 5 rg: 24 | total time: 3.95m | eta: 2.5m
step 01000/01463 (68.35%) | loss: 6.710825 | lrm: 0.51 | lr(adamw:1.791e-01, muon:7.248e-03) | dt: 269.10ms | tok/sec: 974,160 | bf16_mfu: 32.37 | epoch: 1 pq: 5 rg: 73 | total time: 4.39m | eta: 2.1m
step 01100/01463 (75.19%) | loss: 6.832389 | lrm: 0.41 | lr(adamw:1.442e-01, muon:5.835e-03) | dt: 266.79ms | tok/sec: 982,580 | bf16_mfu: 32.65 | epoch: 1 pq: 6 rg: 38 | total time: 4.84m | eta: 1.6m
step 01200/01463 (82.02%) | loss: 6.960556 | lrm: 0.31 | lr(adamw:1.093e-01, muon:4.423e-03) | dt: 264.74ms | tok/sec: 990,191 | bf16_mfu: 32.91 | epoch: 1 pq: 7 rg: 4 | total time: 5.28m | eta: 1.2m
step 01300/01463 (88.86%) | loss: 7.039991 | lrm: 0.21 | lr(adamw:7.437e-02, muon:3.010e-03) | dt: 267.22ms | tok/sec: 980,999 | bf16_mfu: 32.60 | epoch: 1 pq: 7 rg: 53 | total time: 5.72m | eta: 0.7m
step 01400/01463 (95.69%) | loss: 7.165970 | lrm: 0.11 | lr(adamw:3.946e-02, muon:1.597e-03) | dt: 266.17ms | tok/sec: 984,881 | bf16_mfu: 32.73 | epoch: 1 pq: 8 rg: 19 | total time: 6.17m | eta: 0.3m
step 01462/01463 (99.93%) | loss: 7.253749 | lrm: 0.05 | lr(adamw:1.782e-02, muon:7.212e-04) | dt: 266.61ms | tok/sec: 983,239 | bf16_mfu: 32.68 | epoch: 1 pq: 8 rg: 49 | total time: 6.44m | eta: 0.0m
/usr/local/lib/python3.12/site-packages/torch/_dynamo/variables/functions.py:1598: UserWarning: Dynamo does not know how to trace the builtin `torch._C._distributed_c10d.pybind11_detail_function_record_v1_system_libstdcpp_gxx_abi_1xxx_use_cxx11_abi_1._broadcast_coalesced.` This function is either a Python builtin (e.g. _warnings.warn) or a third-party C/C++ Python extension (perhaps created with pybind).
If it is a Python builtin, please file an issue on GitHub so the PyTorch team can add support for it and see the next case for a workaround.
If it is a third-party C/C++ Python extension, please either wrap it into a PyTorch-understood custom operator (see https://pytorch.org/tutorials/advanced/custom_ops_landing_page.html for more details) or, if it is traceable, use `torch.compiler.allow_in_graph`.
  torch._dynamo.utils.warn_once(explanation + "\n" + "\n".join(hints))
Step 01463 | Validation bpb: 1.003585 | val_loss: 3.292914
[rank0]: Traceback (most recent call last):
[rank0]:   File "<frozen runpy>", line 198, in _run_module_as_main
[rank0]:   File "<frozen runpy>", line 88, in _run_code
[rank0]:   File "/__modal/volumes/vo-pelh2tULdL7ESlnYAQvaCw/scripts/base_train.py", line 2399, in <module>
[rank0]:     _sap_eval = evaluate_block_bpb(orig_model, build_val_loader(), args.sap_eval_steps, token_bytes)
[rank0]:                 ^^^^^^^^^^^^^^^^^^^^^^^^^^^^^^^^^^^^^^^^^^^^^^^^^^^^^^^^^^^^^^^^^^^^^^^^^^^^^^^^^^^^
[rank0]:   File "/usr/local/lib/python3.12/site-packages/torch/utils/_contextlib.py", line 120, in decorate_context
[rank0]:     return func(*args, **kwargs)
[rank0]:            ^^^^^^^^^^^^^^^^^^^^^
[rank0]:   File "/__modal/volumes/vo-pelh2tULdL7ESlnYAQvaCw/nanochat/block_head.py", line 768, in evaluate_block_bpb
[rank0]:     logits, hid = model(x, return_hidden=True)
[rank0]:                   ^^^^^^^^^^^^^^^^^^^^^^^^^^^^
[rank0]:   File "/usr/local/lib/python3.12/site-packages/torch/nn/modules/module.py", line 1775, in _wrapped_call_impl
[rank0]:     return self._call_impl(*args, **kwargs)
[rank0]:            ^^^^^^^^^^^^^^^^^^^^^^^^^^^^^^^^
[rank0]:   File "/usr/local/lib/python3.12/site-packages/torch/nn/modules/module.py", line 1786, in _call_impl
[rank0]:     return forward_call(*args, **kwargs)
[rank0]:            ^^^^^^^^^^^^^^^^^^^^^^^^^^^^^
[rank0]:   File "/__modal/volumes/vo-pelh2tULdL7ESlnYAQvaCw/nanochat/gpt.py", line 11790, in forward
[rank0]:     logits = softcap * torch.tanh(logits / softcap) # squash the logits
[rank0]:                        ^^^^^^^^^^^^^^^^^^^^^^^^^^^^
[rank0]: torch.OutOfMemoryError: CUDA out of memory. Tried to allocate 32.00 GiB. GPU 0 has a total capacity of 139.80 GiB of which 5.63 GiB is free. Process 1 has 134.13 GiB memory in use. Of the allocated memory 102.84 GiB is allocated by PyTorch, and 30.01 GiB is reserved by PyTorch but unallocated. If reserved but unallocated memory is large try setting PYTORCH_CUDA_ALLOC_CONF=expandable_segments:True to avoid fragmentation.  See documentation for Memory Management  (https://pytorch.org/docs/stable/notes/cuda.html#environment-variables)
[rank0]:[W1002 00:11:05.747574113 ProcessGroupNCCL.cpp:1524] Warning: WARNING: destroy_process_group() was not called before program exit, which can leak resources. For more info, please see https://pytorch.org/docs/stable/distributed.html#shutdown (function operator())
E1002 00:11:07.228000 57201 site-packages/torch/distributed/elastic/multiprocessing/api.py:882] failed (exitcode: 1) local_rank: 0 (pid: 57207) of binary: /usr/local/bin/python
Traceback (most recent call last):
  File "/usr/local/bin/torchrun", line 10, in <module>
    sys.exit(main())
             ^^^^^^
  File "/usr/local/lib/python3.12/site-packages/torch/distributed/elastic/multiprocessing/errors/__init__.py", line 357, in wrapper
    return f(*args, **kwargs)
           ^^^^^^^^^^^^^^^^^^
  File "/usr/local/lib/python3.12/site-packages/torch/distributed/run.py", line 936, in main
    run(args)
  File "/usr/local/lib/python3.12/site-packages/torch/distributed/run.py", line 927, in run
    elastic_launch(
  File "/usr/local/lib/python3.12/site-packages/torch/distributed/launcher/api.py", line 156, in __call__
    return launch_agent(self._config, self._entrypoint, list(args))
           ^^^^^^^^^^^^^^^^^^^^^^^^^^^^^^^^^^^^^^^^^^^^^^^^^^^^^^^^
  File "/usr/local/lib/python3.12/site-packages/torch/distributed/launcher/api.py", line 293, in launch_agent
    raise ChildFailedError(
torch.distributed.elastic.multiprocessing.errors.ChildFailedError: 
============================================================
scripts.base_train FAILED
------------------------------------------------------------
Failures:
  <NO_OTHER_FAILURES>
------------------------------------------------------------
Root Cause (first observed failure):
[0]:
  time      : 2026-10-02_00:11:07
  host      : localhost
  rank      : 0 (local_rank: 0)
  exitcode  : 1 (pid: 57207)
  error_file: <N/A>
  traceback : To enable traceback see: https://pytorch.org/docs/stable/elastic/errors.html
============================================================
